peculiar,akoler
peculiar,be
peculiar,becler
peculiar,becucula
peculiar,beguleya
peculiar,berquer
peculiar,beyculer
peculiar,biculyer
peculiar,bracire
peculiar,bthe
peculiar,paculiar
peculiar,parcular
peculiar,parculiar
peculiar,partcullar
peculiar,pcaule
peculiar,pea
peculiar,peaularer
peculiar,pecale
peculiar,pecallar
peculiar,pecalu
peculiar,peciail
peculiar,peciular
peculiar,peclier
peculiar,pecol
peculiar,pecquilar
peculiar,pecualer
peculiar,pecuial
peculiar,pecuilar
peculiar,pecuilea
peculiar,pecuiler
peculiar,pecular
peculiar,peculear
peculiar,peculier
peculiar,peculior
peculiar,peculiur
peculiar,peculter
peculiar,pecurleya
peculiar,pelal
peculiar,peocleor
peculiar,peqlal
peculiar,pequalia
peculiar,pequlea
peculiar,pequlear
peculiar,pequlliy
peculiar,percula
peculiar,perculear
peculiar,perculer
peculiar,perculiar
peculiar,perculier
peculiar,perculior
peculiar,perculyer
peculiar,perqul
peculiar,pesioner
peculiar,peulet
peculiar,piciuliu
peculiar,picolor
peculiar,picooler
peculiar,picular
peculiar,piculer
peculiar,piculiar
peculiar,piculiuar
peculiar,piguler
peculiar,piqurlier
peculiar,pircaular
peculiar,plant
peculiar,plower
peculiar,polaral
peculiar,polie
peculiar,prlular
peculiar,proculiar
peculiar,proge
peculiar,pucela
peculiar,puclaur
peculiar,puclour
peculiar,puculeya
peculiar,pur
peculiar,purcular
peculiar,purculer
peculiar,puvler
peninsula,peninsular
people,peaper
people,peapl
people,peaple
people,pecial
people,peepull
people,peiple
people,pelele
people,peol
people,peopal
people,peopel
people,peopl
people,pepal
people,pepall
people,peple
people,pepo
people,pepole
people,peps
people,peropel
people,peropl
people,pipoll
people,pleople
people,po
people,poeple
people,pople
people,porle
perceive,pecieve
perceive,percced
perceive,perceave
perceive,percede
perceive,perceed
perceive,perceeve
perceive,perceieve
perceive,perceiv
perceive,perceived
perceive,perceivieived
perceive,perceve
perceive,perceved
perceive,percieve
perceive,percieved
perceive,percive
perceive,percived
perceive,perciveden
perceive,perscieve
perceive,perseave
perceive,persee
perceive,perseed
perceive,perseem
perceive,perseive
perceive,perseived
perceive,perserve
perceive,perseve
perceive,persieve
perceive,persieved
perceive,pieced
perceive,prcede
perceive,preceased
perceive,preceed
perceive,preceive
perceive,preceve
perceive,precieve
perceive,presive
perceive,previous
perceive,procceed
perceive,procede
perceive,proceive
perceive,purscieve
performance,performecs
performance,performence
period,perend
period,pero
period,peroid
permanently,Perminately
permanently,Perminently
permanently,fermently
permanently,penmenlly
permanently,peremenentaly
permanently,peremently
permanently,perimently
permanently,permaiently
permanently,permalently
permanently,permamently
permanently,permanantly
permanently,permananty
permanently,permanately
permanently,permanatily
permanently,permanatly
permanently,permanenly
permanently,permanentally
permanently,permanentley
permanently,permanetly
permanently,permanientaly
permanently,permannently
permanently,permannetly
permanently,permantatty
permanently,permantely
permanently,permantently
permanently,permantley
permanently,permantly
permanently,permartely
permanently,permatanlly
permanently,permatly
permanently,permattley
permanently,permenant
permanently,permenantely
permanently,permenantly
permanently,permenately
permanently,permenatly
permanently,permenently
permanently,permennently
permanently,permental
permanently,permentally
permanently,permentaly
permanently,permentantely
permanently,permentantly
permanently,permentely
permanently,permently
permanently,permiently
permanently,perminantally
permanently,perminantly
permanently,perminately
permanently,perminently
permanently,perminmently
permanently,permintenly
permanently,permintly
permanently,permmenant
permanently,permmently
permanently,permmully
permanently,permnently
permanently,permntly
permanently,permon
permanently,permonently
permanently,pernimently
permanently,pernitally
permanently,pernmently
permanently,preamenantely
permanently,preeminently
permanently,premently
permanently,premonitly
permanently,purmantly
permanently,purmently
permanently,purminity
permission,premision
permission,permition
perseverance,perserverance
perseverance,perseverence
personal,persnal
personal,personel
personal,personly
personnel,personel
personnel,personnell
persuade,persuede
persuade,perswade
persuade,pursuade
phenomenal,phenominal
phenomenal,phenominal
phenomenon,penomenon
phenomenon,phenonenon
philosophy,Flosipe
philosophy,Philosophy
philosophy,Phylosiphy
philosophy,facilities
philosophy,fallausape
philosophy,falocify
philosophy,faloctiy
philosophy,falophy
philosophy,falosave
philosophy,falosphy
philosophy,falossofy
philosophy,felocify
philosophy,felosipy
philosophy,felosope
philosophy,felothocy
philosophy,fillosefe
philosophy,fillousity
philosophy,filosify
philosophy,filosiphy
philosophy,filosipy
philosophy,filousfy
philosophy,filousify
philosophy,filousity
philosophy,filousosfy
philosophy,flosifey
philosophy,flosphey
philosophy,flyophys
philosophy,folicy
philosophy,folity
philosophy,folocify
philosophy,folosicy
philosophy,folosity
philosophy,folusiphy
philosophy,fulasape
philosophy,fullosepy
philosophy,fullusafy
philosophy,fulosophy
philosophy,phaisply
philosophy,phalosafy
philosophy,phalosophy
philosophy,phelosophy
philosophy,philasafar
philosophy,phillisophy
philosophy,philociphy
philosophy,philocity
philosophy,philoficy
philosophy,philogy
philosophy,philophsophy
philosophy,philophy
philosophy,philosaph
philosophy,philosaphy
philosophy,philosaphys
philosophy,philosephy
philosophy,philosfy
philosophy,philosify
philosophy,philosiphy
philosophy,philosipy
philosophy,philosity
philosophy,philosophate
philosophy,philosophe
philosophy,philosopher
philosophy,philosperity
philosophy,philosphe
philosophy,philosphy
philosophy,philosthy
philosophy,philslopy
philosophy,philsophy
philosophy,phiolosphy
philosophy,phipiolog
philosophy,phisolay
philosophy,phisolfisy
philosophy,phlociphy
philosophy,phlogily
philosophy,phlophecy
philosophy,phlophisy
philosophy,phlosaphy
philosophy,phlosophy
philosophy,phlosopy
philosophy,pholesipia
philosophy,pholisphe
philosophy,pholosaphy
philosophy,pholosiphy
philosophy,pholpher
philosophy,phophey
philosophy,phoplosy
philosophy,phos
philosophy,phosiphy
philosophy,phosiply
philosophy,phulophy
philosophy,phyilosophey
philosophy,phyl
philosophy,phylisury
philosophy,phylosifry
philosophy,phylosify
philosophy,phylosiphy
philosophy,phylosofie
philosophy,phylosophy
philosophy,phylosphy
philosophy,phylosy
philosophy,phylosyphy
philosophy,phyosofy
philosophy,physiofoly
philosophy,physiology
philosophy,physiolosy
philosophy,physlophial
philosophy,physocisy
philosophy,physoliphy
philosophy,physology
philosophy,physolophy
philosophy,physoype
philosophy,plosiouspy
philosophy,plositey
philosophy,velocity
philosophy,velosafe
philosophy,vilosiphy
philosophy,volicy
plagiarism,plaigarism
playwright,playwrite
playwright,playwrite
pleasant,pleasent
pleasant,plesant
pleasant,plesent
pleasant,plessant
poems,paems
poems,paew
poems,panss
poems,payms
poems,pene
poems,peoms
poems,poam
poems,poame
poems,poames
poems,poams
poems,poem
poems,poemas
poems,poemes
poems,poet
poems,poims
poems,poins
poems,poipe
poems,poitree
poems,pome
poems,pomems
poems,pomes
poems,pomse
poems,pontes
poems,pooing
poems,porarems
poems,porm
poems,porms
poems,poshr
poems,poum
poems,powaims
poems,powems
poems,powim
poems,powimes
poems,powimms
poems,powims
poems,powing
poems,poymes
poems,proms
poems,pumes
poems,puyms
poetry,besften
poetry,peoetry
poetry,peoitry
poetry,peortry
poetry,peotly
poetry,peotry
poetry,poach
poetry,poaetry
poetry,poamte
poetry,poartey
poetry,poartry
poetry,poatary
poetry,poatay
poetry,poate
poetry,poateatre
poetry,poatre
poetry,poatrey
poetry,poatry
poetry,poeatry
poetry,poechre
poetry,poeitre
poetry,poemetry
poetry,poemtree
poetry,poeptry
poetry,poeraty
poetry,poerly
poetry,poertre
poetry,poertrea
poetry,poertry
poetry,poerty
poetry,poery
poetry,poetary
poetry,poeter
poetry,poetery
poetry,poetey
poetry,poetory
poetry,poetray
poetry,poetre
poetry,poetree
poetry,poetrey
poetry,poetrie
poetry,poettr
poetry,poettry
poetry,poety
poetry,pohete
poetry,poirtry
poetry,poitray
poetry,poitree
poetry,poitry
poetry,poitye
poetry,poltory
poetry,poltry
poetry,pome
poetry,pomthe
poetry,pontes
poetry,pooatree
poetry,poptery
poetry,porat
poetry,poratree
poetry,poray
poetry,porertrey
poetry,porertry
poetry,porerty
poetry,poretry
poetry,poroty
poetry,porrtery
poetry,portrer
poetry,portrey
poetry,portry
poetry,portty
poetry,porty
poetry,posher
poetry,poten
poetry,poter
poetry,potery
poetry,pothatree
poetry,potiey
poetry,potrey
poetry,potrre
poetry,poultry
poetry,poure
poetry,pourtre
poetry,poutree
poetry,poutrey
poetry,poutry
poetry,powetrey
poetry,powetry
poetry,powety
poetry,powoter
poetry,powtrey
poetry,powure
poetry,powurtree
poetry,poyru
poetry,poytrey
poetry,proatry
poetry,protere
poetry,purtrey
poison,poisen
poison,posion
scarcity,scarsity
science,scci
science,sceince
science,scieme
science,scienc
science,scienee
science,scient
science,se
science,sience
scientific,scienfic
scientific,scientic
scientific,st
searched,corced
searched,dowt
searched,sab
searched,sacked
searched,sad
searched,sade
searched,saerched
searched,sarch
searched,sarol
searched,sarshed
searched,sart
searched,sasht
searched,sat
searched,sated
searched,say
searched,seached
searched,seahed
searched,search
searched,searchde
searched,searcked
searched,searhed
searched,sech
searched,sechd
searched,seched
searched,serch
searched,serched
searched,seread
searched,serhed
searched,serset
searched,sert
searched,serted
searched,serth
searched,seshed
searched,shaused
searched,sheadch
searched,sheam
searched,shearded
searched,sheched
searched,shequd
searched,sherched
searched,sherk
searched,shis
searched,shiste
searched,shutched
searched,sinc
searched,sirged
searched,sittd
searched,sobt
searched,soch
searched,sohe
searched,sorched
searched,soshger
searched,sotck
searched,sote
searched,souted
searched,sred
searched,srich
searched,srorch
searched,staded
searched,stert
searched,sucht
searched,sucter
searched,sudse
searched,surch
searched,surchd
searched,surched
searched,sursh
searched,surshted
searched,thertch
seeing,ceeing
seeing,saeing
seeing,see
seeing,seein
seeing,seen
seeing,seening
seeing,sein
seeing,seing
seldom,seldem
sense,sence
sense,senes
sense,sence
sensitive,sensative
sensitive,sensetive
separate,seperate
separate,seporate
separate,seprate
separate,seperate
separately,seperately
separating,seperating
separation,seperation
settlement,settelment
several,severeal
several,severl
several,sevral
several,seferal
severely,serverly
severely,sevearly
severely,severly
shadow,shodow
shield,sheild
shield,sheld
shining,shineing
shining,shinig
shining,shinning
shipped,shiped
should,choud
should,could
should,hard
should,sa
should,sad
should,sade
should,sald
should,sand
should,saub
should,seud
should,shap
should,shed
should,sheod
should,shod
should,shode
should,shoed
should,shold
should,shond
should,shood
should,shoold
should,shored
should,shotd
should,shoud
should,shound
should,show
should,shud
should,shued
should,shuld
should,shuord
should,sing
should,site
should,sob
should,sod
should,sohd
should,sohod
should,sould
should,stod
should,stoden
should,stood
should,stud
should,sueld
should,suod
should,surd
shriek,shreik
significant,sagnificant
significant,significent
similar,simia
similar,similiar
similar,simlar
similar,simular
similarity,simialirt
similarity,similariy
similarly,similarily
simultaneous,similtanous
since,scince
since,senss
since,sins
slightly,slighlty
slippery,slipery
software,sofware
someone,saneone
someone,some-one
someone,some_one
someone,somo
someone,somone
someone,sumone
sometimes,some-times
sometimes,some_time
sometimes,some_time's
sometimes,some_times
sometimes,sometime
sometimes,somtimes
sometimes,somtims
sometimes,sum_time
sometimes,sumtimes
sometimes,sometmes
sophomore,sophmore
sound,noise
sound,sad
sound,sade
sound,sader
sound,saend
sound,saher
sound,sand
sound,sanded
sound,sank
sound,saod
sound,saund
sound,sawd
sound,sel
sound,send
sound,sewnd
sound,shale
sound,sod
sound,sode
sound,son
sound,sond
sound,sone
sound,soned
sound,song
sound,sonud
sound,sood
sound,soud
sound,souned
sound,sounet
sound,sournd
sound,sowd
sound,sownd
sound,stay
sound,stead
sound,suled
sound,sund
sound,sw
soup,sup
south,self
south,sorth
south,soth
southern,citune
southern,earthren
southern,sam
southern,samine
southern,sathern
southern,sathot
southern,savan
southern,saven
southern,savon
southern,sethenth
southern,shunden
southern,shuthen
southern,sorth
southern,sorthern
southern,sothen
southern,sother
southern,sothern
southern,sothurn
southern,souen
southern,sourt
southern,southan
southern,southen
southern,southend
southern,souther
southern,southin
southern,southorn
southern,southren
southern,stathn
southern,sthon
southern,stubborn
southern,suafix
southern,sudden
southern,sudderly
southern,suden
southern,sueone
southern,sufact
southern,suffen
southern,sunden
southern,sunley
southern,sunthing
southern,suoth
southern,suothen
southern,suse
southern,sutan
southern,suthen
southern,suthern
southern,suthn
southern,suthon
southern,sutthern
southern,suvel
southern,suven
souvenir,souviner
sovereignty,sovreignty
speech,speach
spiritual,pirtral
spiritual,sipural
spiritual,spcerial
spiritual,spearacher
spiritual,spearitial
spiritual,speartiual
spiritual,speiritually
spiritual,speratral
spiritual,speratual
spiritual,speratural
spiritual,sperical
spiritual,speritual
spiritual,spertial
spiritual,spertiaul
spiritual,spherical
spiritual,spieratually
spiritual,spirchial
spiritual,spirical
spiritual,spirisul
spiritual,spirital
spiritual,spiritial
spiritual,spiritiaul
spiritual,spirititual
spiritual,spirituall
spiritual,spiritually
spiritual,spiritul
spiritual,spiritural
spiritual,spiriturel
spiritual,spirlial
spiritual,spirt
spiritual,spirtful
spiritual,spirtial
spiritual,spirtional
spiritual,spirttual
spiritual,spirtual
spiritual,spirtural
spiritual,spirurel
spiritual,spitirial
spiritual,spitrial
spiritual,spitural
spiritual,sprirtual
spiritual,sprital
spiritual,spritially
spiritual,spritiual
spiritual,spritual
spiritual,spritule
spiritual,spritural
spiritual,spulcure
spiritual,spuritily
square,sqare
square,squair
square,squar
statement,statment
statements,stetemets
strategically,stratigically
strategy,stratagy
strength,streangth
strength,strengh
strength,strenght
strenuous,sprenuious
strenuous,standeile
strenuous,stendious
strenuous,stenious
strenuous,stenous
strenuous,storanious
strenuous,straines
strenuous,strainous
strenuous,strainuest
strenuous,strainulous
strenuous,strainuous
strenuous,strainurous
strenuous,strainuss
strenuous,strandiss
strenuous,straneous
strenuous,stranious
strenuous,stranuas
strenuous,stranuious
strenuous,stranuiss
strenuous,stranuous
strenuous,stranuses
strenuous,streanious
strenuous,streanous
strenuous,streguas
strenuous,streinous
strenuous,stremious
strenuous,strendously
strenuous,streneous
strenuous,strenerous
strenuous,strengenious
strenuous,strengeous
strenuous,strengheous
strenuous,strenguous
strenuous,strenious
strenuous,streniously
strenuous,strenius
strenuous,strenlium
strenuous,strenlous
strenuous,strennous
strenuous,strenoues
strenuous,strenouos
strenuous,strenouous
strenuous,strenous
strenuous,strenrus
strenuous,strenuas
strenuous,strenueas
strenuous,strenues
strenuous,strenueus
strenuous,strenuious
strenuous,strenuis
strenuous,strenuless
strenuous,strenulus
strenuous,strenumious
strenuous,strenuos
strenuous,strenus
strenuous,strenyous
strenuous,strinious
strenuous,strumious
strenuous,strveous
strenuous,stumate
strenuous,tranuis
strenuous,treneous
strenuous,trenious
strenuous,trenuous
ace,ace
con,con
din,din
ding,ding
err,err
ex,ex
fin,fin
gin,gin
ind,ind
j,j
med,med
rag,rag
sis,sis
z,z
diff,diff
dis,dis
disappoint,disappoint
disappointed,disappointed
disc,disc
diss,diss
divide,divide
do,do
doe,doe
does,does
dos,dos
dye,dye
dyeing,dyeing
ears,ears
easel,easel
eave,eave
economic,economic
edge,edge
edging,edging
efficient,efficient
egg,egg
eight,eight
elate,elate
ended,ended
enter,enter
enthusiast,enthusiast
eras,eras
erg,erg
esp,esp
even,even
event,event
every,every
except,except
exist,exist
experience,experience
explain,explain
extent,extent
eye,eye
fair,fair
fan,fan
far,far
fascinate,fascinate
fascinated,fascinated
fee,fee
fer,fer
fern,fern
few,few
file,file
final,final
finally,finally
financial,financial
finite,finite
fire,fire
fit,fit
form,form
fort,fort
forward,forward
foul,foul
four,four
fourth,fourth
friend,friend
fro,fro
from,from
fun,fun
fuse,fuse
gain,gain
gal,gal
gate,gate
gem,gem
gent,gent
get,get
gm,gm
grad,grad
grate,grate
great,great
greed,greed
grief,grief
guarantee,guarantee
guaranteed,guaranteed
guard,guard
had,had
hang,hang
hard,hard
haw,haw
heard,heard
heel,heel
help,help
hew,hew
hews,hews
hiss,hiss
hoc,hoc
hole,hole
holiday,holiday
hue,hue
hues,hues
iced,iced
inning,inning
ins,ins
ions,ions
ism,ism
isms,isms
itch,itch
know,know
knowledge,knowledge
lab,lab
lain,lain
lam,lam
lass,lass
lat,lat
late,late
later,later
lay,lay
lea,lea
ledge,ledge
lei,lei
liar,liar
lid,lid
lie,lie
lief,lief
lion,lion
lite,lite
live,live
lives,lives
loge,loge
lot,lot
lute,lute
lye,lye
mad,mad
man,man
mate,mate
mental,mental
mete,mete
meter,meter
mil,mil
mill,mill
mini,mini
mite,mite
mitt,mitt
ml,ml
mod,mod
mount,mount
mu,mu
nag,nag
nation,nation
natl,natl
neg,neg
nice,nice
noun,noun
nous,nous
now,now
nun,nun
oat,oat
oil,oil
old,old
omen,omen
omit,omit
omitted,omitted
once,once
ores,ores
ounce,ounce
outer,outer
owl,owl
ox,ox
pain,pain
pair,pair
parent,parent
pea,pea
pear,pear
pears,pears
pend,pend
pendant,pendant
pendent,pendent
pie,pie
pier,pier
plain,plain
plan,plan
poi,poi
point,point
pointed,pointed
pol,pol
polo,polo
post,post
prop,prop
quaint,quaint
quit,quit
rage,rage
rang,rang
range,range
rant,rant
ratio,ratio
ration,ration
ready,ready
rein,rein
rend,rend
rent,rent
resp,resp
respond,respond
respondent,respondent
rev,rev
rig,rig
right,right
rile,rile
rod,rod
roe,roe
round,round
rouse,rouse
rove,rove
ruse,ruse
sac,sac
sap,sap
sass,sass
sate,sate
saw,saw
scribe,scribe
seize,seize
seized,seized
semen,semen
sent,sent
sic,sic
sine,sine
sir,sir
sire,sire
site,site
size,size
sling,sling
sol,sol
some,some
spec,spec
special,special
stance,stance
stent,stent
sty,sty
sue,sue
taint,taint
teed,teed
ties,ties
torn,torn
tors,tors
turd,turd
unit,unit
up,up
used,used
uses,uses
van,van
vent,vent
verse,verse
very,very
vest,vest
vet,vet
vice,vice
vise,vise
vote,vote
wan,wan
wand,wand
war,war
ward,ward
ware,ware
was,was
wear,wear
well,well
wen,wen
wist,wist
witch,witch
wk,wk
word,word
wright,wright
wt,wt
yes,yes
yo,yo
zed,zed
