then,then
these,these
thorn,thorn
those,those
thous,thous
threat,threat
three,three
tick,tick
tics,tics
tike,tike
timer,timer
tine,tine
tingly,tingly
tings,tings
tins,tins
tint,tint
tip,tip
tipi,tipi
tire,tire
toil,toil
tome,tome
tone,tone
tough,tough
tow,tow
town,town
toy,toy
tram,tram
tray,tray
treat,treat
tree,tree
trim,trim
troy,troy
tub,tub
tun,tun
tuna,tuna
tune,tune
turn,turn
uh,uh
unite,unite
uniting,uniting
unity,unity
untie,untie
unto,unto
urge,urge
uric,uric
urn,urn
vantage,vantage
vat,vat
vein,vein
wards,wards
wedge,wedge
wedging,wedging
wins,wins
wive,wive
xci,xci
xor,xor
yd,yd
yous,yous
zap,zap
zit,zit
touch,tuch
touched,cher
touched,chuched
touched,stuched
touched,tacah
touched,tache
touched,tashed
touched,tesded
touched,thach
touched,theed
touched,thucht
touched,tiups
touched,toached
touched,toched
touched,toght
touched,tosh
touched,tost
touched,touch
touched,tougched
touched,toughed
touched,touh
touched,toulched
touched,toure
touched,toutched
touched,trosh
touched,tuch
touched,tuchd
touched,tuched
touched,tucked
touched,turst
touched,tuses
touched,tush
touched,tust
touched,tusted
touched,tutet
tough,tuff
tough,taff
toward,tord
towel,towl
town,toun
town,tower
toys,toy
trace,trase
trade,trad
trade,trede
traditional,traditonal
traditionally,traditionaly
tragedy,tradady
tragedy,tradagcy
tragedy,tradedy
tragedy,tradedys
tragedy,tradegdy
tragedy,tradegy
tragedy,tradety
tragedy,tradgady
tragedy,tradgedy
tragedy,tradgety
tragedy,tradgey
tragedy,tradgidy
tragedy,tradgiety
tragedy,tradgity
tragedy,tradgu
tragedy,tradgy
tragedy,tradialy
tragedy,tradicle
tragedy,tradidy
tragedy,tradigdy
tragedy,tradige
tragedy,tradigy
tragedy,tradity
tragedy,tradjedy
tragedy,tradjetive
tragedy,tradjudy
tragedy,traduay
tragedy,tragadies
tragedy,tragady
tragedy,tragaty
tragedy,tragdedy
tragedy,tragdy
tragedy,tragedidy
tragedy,tragedies
tragedy,tragedity
tragedy,tragedty
tragedy,tragerdy
tragedy,tragety
tragedy,tragidity
tragedy,tragidy
tragedy,tragity
tragedy,tragually
tragedy,traity
tragedy,trajedy
tragedy,transidy
tragedy,trasade
tragedy,trdgedy
tragedy,tredige
tragedy,tredigity
tragedy,tredigy
tragedy,trodgety
tragedy,trodgity
tragedy,trodigy
tragedy,trogeyey
tragedy,tryadry
tragedy,tradegy
train,tarn
train,tegne
train,thain
train,traine
train,trame
train,tran
train,trani
train,trein
train,trian
train,trime
train,trine
train,trion
training,charing
training,taining
training,taning
training,tarin
training,train
training,traing
training,trainning
training,traning
training,tranning
training,trianing
training,trichting
training,trying
trams,trambs
transactions,trasactions
transferable,transferrable
transferred,dransfered
transferred,tranceferred
transferred,tranfer
transferred,tranfered
transferred,tranferred
transferred,transefered
transferred,transeferred
transferred,transfared
transferred,transfeared
transferred,transfer
transferred,transferd
transferred,transfered
transferred,transferr
transferred,transfierd
transferred,transford
transferred,transfred
transferred,transfuned
transferred,transfur
transferred,transfured
transferred,transifered
transferred,transsfherd
transferred,transufere
transferred,trantefered
transferred,trasfered
transmission,ransmission
trap,trape
travelled,travald
travelled,traveled
traveller,travler
travelling,traveling
travelling,travling
treasure,tresure
treasury,treasurey
treat,treet
treated,treeted
treated,treted
tree,tee
tree,tre
trees,threes
trees,tres
trees,tress
tremendously,tremendisle
trial,trail
triangular,triangulaur
trick,trik
tries,trys
trifle,triffle
trim,trem
trip,trim
trip,tripe
tripped,trip
tripping,triping
trivial,triveal
trolley,trolly
trotting,choting
trotting,galaing
trotting,goting
trotting,retotig
trotting,roting
trotting,tain
trotting,tarning
trotting,tate
trotting,tatt
trotting,teing
trotting,there
trotting,thoting
trotting,tireing
trotting,tocting
trotting,toght
trotting,toling
trotting,toneing
trotting,toning
trotting,tooting
trotting,tor
trotting,tording
trotting,toring
trotting,toroing
trotting,torting
trotting,toting
trotting,totting
trotting,troding
trotting,trooting
trotting,trorting
trotting,trot
trotting,troten
trotting,trothing
trotting,troting
trotting,trotung
trotting,trouting
trotting,trting
trotting,truting
trotting,truty
trotting,ttoring
trouble,touble
trouble,troble
trouble,truble
trouble,trubbel
troubles,trubbles
trousers,trouse
trousers,trouses
trousers,trousos
trousers,trowsers
trout,trot
true,troo
true,trow
truly,truely
truly,truley
truly,trully
trunk,tronk
truth,thruth
truth,troth
truth,tuthe
truthfully,truthfall
try,tine
try,tri
trying,triing
trying,tring
trying,triyng
tub,tab
tub,tob
tube,tub
tunnel,tunel
turkey,turky
turn,trun
turned,dilay
turned,frened
turned,tain
turned,take
turned,tand
turned,tande
turned,taned
turned,tank
turned,tann
turned,tanr
turned,teand
turned,teaned
turned,tearnd
turned,tearned
turned,teart
turned,tedt
turned,tend
turned,tened
turned,terd
turned,tered
turned,terened
turned,terer
turned,ternd
turned,terned
turned,tet
turned,teurned
turned,tian
turned,tining
turned,tit
turned,tod
turned,toda
turned,tode
turned,ton
turned,tond
turned,tonet
turned,tont
turned,tord
turned,tound
turned,tount
turned,trend
turned,trind
turned,trnd
turned,trond
turned,trud
turned,trued
turned,trund
turned,truned
turned,tud
turned,tund
turned,tuned
turned,tuneed
turned,turd
turned,tured
turned,turend
turned,turened
turned,turn
turned,turnd
turned,turrned
turned,tured
turnip,turnup
turtle,turtel
twelve,twelf
twelve,twelv
twenty,tewenty
twice,twis
twice,twise
twin,twen
two,to
two,too
two,tow
two,twe
two,wot
two,teo
tying,tieing
type,atiped
type,atoeye
type,lait
type,taep
type,tafp
type,tap
type,tape
type,tepy
type,tiap
type,tibe
type,tiemp
type,tiep
type,tight
type,time
type,timp
type,tinent
type,tip
type,tipe
type,tiurp
type,tiye
type,top
type,tope
type,tpep
type,traep
type,trye
type,twip
type,typ
type,tyre
typewriter,typwriter
typhoid,tifoid
typhoid,tyfoid
tyrannical,tyranical
ultimate,ultimatel
ultimate,untimate
ultimately,ulimately
umbrella,umberalla
umbrella,umberella
umbrella,umbrela
umbrella,unbrella
unambiguous,unabiguous
unavailable,unavailble
uncle,uncil
uncomfortable,uncomfortal
uncomfortable,uncomftable
uncomfortable,uncomfterble
uncomfortable,unconfortable
unconscious,unconcious
unconscious,unconsious
unconscious,unconsors
unconscious,unconscience
unconvinced,unconviced
under,andr
under,undr
undernourished,under_norished
understand,anderstand
understand,andsadit
understand,andseit
understand,downedstaed
understand,udderstand
understand,uderstand
understand,udhirsand
understand,udstair
understand,unberstand
understand,undastand
understand,under-stand
understand,undersand
understand,undersdand
understand,underslad
understand,undersland
understand,understain
understand,understanit
understand,understant
understand,understantit
understand,understend
understand,understood
understand,undesand
understand,undesland
understand,undessand
understand,undestand
understand,undisandit
understand,undistand
understand,undratit
understand,undsid
understand,undstad
understand,undstand
understand,undstone
understand,undurstand
understand,unedstan
understand,unstand
understand,urset
understandable,understadable
understood,understud
understood,undestood
undoubtedly,adoubtadly
undoubtedly,indoubladly
undoubtedly,ondoutally
undoubtedly,ontable
undoubtedly,ontotadly
undoubtedly,udoubtly
undoubtedly,undaughtly
undoubtedly,undobtabily
undoubtedly,undobtedly
undoubtedly,undolley
undoubtedly,undotaley
undoubtedly,undotally
undoubtedly,undotaly
undoubtedly,undotedaly
undoubtedly,undottedly
undoubtedly,undoubaly
undoubtedly,undoubatly
undoubtedly,undoublably
undoubtedly,undoubledly
undoubtedly,undoubledy
undoubtedly,undoubly
undoubtedly,undoubt
undoubtedly,undoubtable
undoubtedly,undoubtablly
undoubtedly,undoubtably
undoubtedly,undoubtadley
undoubtedly,undoubtadly
undoubtedly,undoubtaially
undoubtedly,undoubtal
undoubtedly,undoubtalady
undoubtedly,undoubtally
undoubtedly,undoubtaly
undoubtedly,undoubtatly
undoubtedly,undoubtavely
undoubtedly,undoubtealy
undoubtedly,undoubted
undoubtedly,undoubtel
undoubtedly,undoubtely
undoubtedly,undoubtetly
undoubtedly,undoubthly
undoubtedly,undoubtiably
undoubtedly,undoubtidly
undoubtedly,undoubtily
undoubtedly,undoubtley
undoubtedly,undoubtlly
undoubtedly,undoubtly
undoubtedly,undoubtoadly
undoubtedly,undoubttedly
undoubtedly,undoubttily
undoubtedly,undoubty
undoubtedly,undoughtably
undoubtedly,undoughtedly
undoubtedly,undoughtly
undoubtedly,undouplably
undoubtedly,undouptaly
undoubtedly,undoutably
undoubtedly,undoutadly
undoubtedly,undoutaly
undoubtedly,undoutbablly
undoubtedly,undoutedly
undoubtedly,undoutetly
undoubtedly,undoutively
undoubtedly,undoutly
undoubtedly,undovt
undoubtedly,unduitable
unearthly,unerthly
unemployed,amped
unemployed,annepld
unemployed,auninpeld
unemployed,enumployed
unemployed,ininblid
unemployed,umbempoy
unemployed,uminblyed
unemployed,umpoyed
unemployed,un
unemployed,unely
unemployed,unemploeyded
unemployed,unemploy
unemployed,unemployed
unemployed,unempoled
unemployed,unempolyed
unemployed,unenployed
unemployed,unepyld
unemployed,uneyed
unemployed,unibloyed
unemployed,unimployed
unemployed,uninbud
unemployed,uninepould
unemployed,uninpiod
unemployed,uninplerd
unemployed,uninploed
unemployed,uninplord
unemployed,uninployd
unemployed,uninployed
unemployed,unipiord
unemployed,unmped
unemployed,unpalled
unemployed,unploder
unemployed,unployed
unemployed,unpole
unemployed,unpoulyed
unemployed,unterpoid
unemployed,unyep
unemployed,uploperd
unemployment,unee
unenlightened,unenlightend
unequalled,unequaled
unequivocally,unequivocaly
unexpected,anespected
unexpected,inexpected
unexpected,undredspetied
unexpected,unepcted
unexpected,unespected
unexpected,unesptive
unexpected,unexcepted
unexpected,unexcpected
unexpected,unexcpeted
unexpected,unexepted
unexpected,unexpecked
unexpected,unexpect
unexpected,unexpend
unexpected,unexpercted
unexpected,unexperted
unexpected,unexpeted
unexpected,unexpickted
unexpected,unexpleaded
unexpected,unexpted
unexpected,unexsected
unexpected,unexspected
unexpected,unispected
unexpected,unxspected
unforgettable,a_forgetha_ball
unforgettable,and_for_pall
unforgettable,anfergeterball
unforgettable,anforgetabul
unforgettable,anforgotable
unforgettable,anuforflit
unforgettable,exfigetable
unforgettable,forngetable
unforgettable,nonformgetele
unforgettable,on_for_getey
unforgettable,onforgetable
unforgettable,ufor_get
unforgettable,ufor_getble
unforgettable,ufor_getible
unforgettable,uforgetable
unforgettable,uforgetle
unforgettable,uforgettable
unforgettable,un_for_getterbl
unforgettable,un_forgeter_bole
unforgettable,under_a_asst
unforgettable,undforgetall
unforgettable,uneforars_bele
unforgettable,unfergetable
unforgettable,unfor
unforgettable,unfor_geterble
unforgettable,unfor_gettoble
unforgettable,unforegetably
unforgettable,unforgatealbe
unforgettable,unforgattable
unforgettable,unforgeable
unforgettable,unforget
unforgettable,unforget-able
unforgettable,unforgetabal
unforgettable,unforgetabale
unforgettable,unforgetable
unforgettable,unforgetably
unforgettable,unforgetbl
unforgettable,unforgetedl
unforgettable,unforgeteful
unforgettable,unforgeterble
unforgettable,unforgeterbol
unforgettable,unforgeterfall
unforgettable,unforgeterld
unforgettable,unforgeterply
unforgettable,unforgetful
unforgettable,unforgetine
unforgettable,unforgetorfell
unforgettable,unforgetrel
unforgettable,unforgettalbe
unforgettable,unforgetteable
unforgettable,unforgetterball
unforgettable,unforgetterbull
unforgettable,unforgettible
unforgettable,unforgettle
unforgettable,unforggetable
unforgettable,unforrgettable
unforgettable,ungletevel
unfortunately,Unfortunately
unfortunately,onforthantly
unfortunately,onfortinly
unfortunately,onfortionlly
unfortunately,onfortogoinil
unfortunately,onfortumatly
unfortunately,unforludally
unfortunately,unfornaaley
unfortunately,unfornally
unfortunately,unfornatly
unfortunately,unfortally
unfortunately,unfortanately
unfortunately,unfortanetly
unfortunately,unfortantily
unfortunately,unfortantly
unfortunately,unfortinately
unfortunately,unfortinatly
unfortunately,unfortintilly
unfortunately,unfortionately
unfortunately,unfortionatly
unfortunately,unfortnally
unfortunately,unfortnatly
unfortunately,unfortnitely
unfortunately,unfortually
unfortunately,unfortuantally
unfortunately,unfortuantley
unfortunately,unfortuatly
unfortunately,unfortunaly
unfortunately,unfortunantly
unfortunately,unfortunate
unfortunately,unfortunatly
unfortunately,unfortuneately
unfortunately,unfortuneatly
unfortunately,unfortuneilly
unfortunately,unfortunely
unfortunately,unfortunently
unfortunately,unfortunetally
unfortunately,unfortunetly
unfortunately,unfortunily
unfortunately,unfortunitly
unfortunately,unfortunly
unfortunately,unfortuntly
unfortunately,unfortunutly
unfortunately,unfortuonly
unfortunately,unforumatly
unfortunately,unforunially
unfortunately,unforunitly
unfortunately,unfotunalty
unfortunately,unfourtenly
unfortunately,unfurtunally
unfortunately,unfutunally
unfortunately,unformanlly
unfortunately,unfortally
unfortunately,unfortunently
uniform,iniform
uniform,unaform
uniform,unform
uniform,unifore
uniform,youeform
unique,uneque
united,unighted
universal,unerveral
universal,unerversal
universally,universaly
university,unerversity
university,universaty
university,universit
university,unversity
unjustified,unjustefied
unless,unles
unless,usless
unmistakable,unmistakeable
unnecessarily,unessasarily
unnecessary,innecessary
unnecessary,unecessary
unnecessary,unessessay
unpleasant,unpleasent
unpleasant,unplesant
unravelled,unwravelled
unrecognizable,unrecocniseable
unresolved,unresloved
unsuccessful,unsuccesful
unsuccessful,unsucessful
unsupported,unsuported
untidiness,untideness
untidy,untiede
until,intal
until,untill
until,untl
unusual,unusal
upheavals,upheavels
uphold,uphole
upon,apon
upon,opon
upper,uper
upset,up_set
upstairs,upstaires
urge,earge
urge,erge
urgency,urgu
us,a
us,ares
us,as
us,use
usable,usu
usage,useage
use,used
use,yous
use,yowes
used,us
used,us't
used,use
used,usedf
used,uses
used,uset
used,ust
used,usued
used,you
used,yourst
used,yous
used,yoused
used,youst
useful,usefull
useful,usful
useful,usfull
usefulness,usefullness
using,useing
usual,usal
usual,use_all
usual,usly
usual,usually
usual,usueal
usually,usal
usually,usally
usually,usaly
usually,usauly
usually,useully
usually,ussually
usually,usualy
usually,yousel
usurious,usurous
utility,utillty
utilized,utalised
utmost,upmost
utmost,uttmost
utmost,upmost
utterance,utterence
vacant,vacent
vaccination,vacinnation
vacillate,vaccilate
vagabond,aros
vagabond,bagcle
vagabond,boafay
vagabond,bonong
vagabond,fagabond
vagabond,gad
vagabond,stnveah
vagabond,vabone
vagabond,vabong
vagabond,vacabong
vagabond,vad
vagabond,vadgne
vagabond,vag
vagabond,vaga
vagabond,vaga_board
vagabond,vagaband
vagabond,vagabong
vagabond,vagabord
vagabond,vagabound
vagabond,vagabout
vagabond,vagach
vagabond,vagacy
vagabond,vagadone
vagabond,vagalal
vagabond,vagalond
vagabond,vagand
vagabond,vagang
vagabond,vaganong
vagabond,vagband
vagabond,vagbond
vagabond,vagbonley
vagabond,vagebond
vagabond,vagegaboud
vagabond,vagenbond
vagabond,vager
vagabond,vagetbone
vagabond,vaglah
vagabond,vagletrre
vagabond,vagobond
vagabond,vagol
vagabond,vagonbond
vagabond,vagopond
vagabond,valgbond
vagabond,van
vagabond,vanadame
vagabond,vanauanad
vagabond,vandand
vagabond,vaon
vagabond,vaot
vagabond,vargaboard
vagabond,vargonede
vagabond,vargorbrard
vagabond,vaya
vagabond,veaneys
vagabond,vereneuee
vagabond,vguobad
vagabond,vogabond
vagabond,von
vagabond,yonabond
vague,vage
vague,vaig
vain,vane
valentine,valintine
valley,fal
valley,vailey
valley,vale
valley,valelle
valley,valey
valley,vallay
valley,vallaye
valley,vallery
valley,vallie
valley,valliy
valley,vally
valley,valy
valley,vary
valley,vaty
valley,velei
valley,vialla
valley,vieavel
valley,villge
valley,villy
valley,vleay
valley,vlet
arc,arc
arch,arch
ark,ark
chi,chi
chin,chin
col,col
eel,eel
eh,eh
emit,emit
eves,eves
gram,gram
gs,gs
hem,hem
hen,hen
hers,hers
hes,hes
hie,hie
hour,hour
kin,kin
ks,ks
lag,lag
log,log
mar,mar
met,met
meta,meta
nary,nary
oh,oh
owed,owed
part,part
pit,pit
rate,rate
read,read
reed,reed
rough,rough
son,son
spa,spa
tam,tam
tens,tens
test,test
this,this
vies,vies
wed,wed
wit,wit
space,space
spacial,spacial
span,span
spas,spas
spat,spat
spate,spate
specie,specie
specs,specs
spell,spell
spice,spice
spot,spot
sprat,sprat
stack,stack
star,star
stem,stem
stone,stone
storm,storm
story,story
stub,stub
stun,stun
stunk,stunk
summer,summer
sumo,sumo
sun,sun
sung,sung
sunk,sunk
sup,sup
sure,sure
symmetric,symmetric
tack,tack
tacked,tacked
tad,tad
tag,tag
tale,tale
tame,tame
tamer,tamer
tap,tap
team,team
teat,teat
tenant,tenant
tense,tense
tents,tents
term,term
testy,testy
than,than
that,that
them,them
face,face
facilitate,facilitate
fact,fact
faction,faction
fain,fain
fairy,fairy
fall,fall
fallen,fallen
fame,fame
family,family
fare,fare
fared,fared
farm,farm
farmer,farmer
fart,fart
farther,farther
fat,fat
fate,fate
father,father
fawn,fawn
feces,feces
fed,fed
feed,feed
fell,fell
felt,felt
fem,fem
fend,fend
fest,fest
fetch,fetch
fiat,fiat
fiction,fiction
fiend,fiend
fig,fig
fight,fight
filed,filed
filing,filing
filling,filling
finals,finals
find,find
fined,fined
finely,finely
fines,fines
fired,fired
fires,fires
firm,firm
fish,fish
five,five
flag,flag
flash,flash
flat,flat
flay,flay
flea,flea
fled,fled
flesh,flesh
flour,flour
flow,flow
flower,flower
flowing,flowing
flu,flu
fly,fly
foam,foam
fold,fold
folk,folk
folk's,folk's
folks,folks
follow,follow
following,following
fond,fond
foo,foo
foot,foot
force,force
forces,forces
forego,forego
forgo,forgo
forgot,forgot
forth,forth
forwards,forwards
fought,fought
found,found
fount,fount
fours,fours
fox,fox
frag,frag
frame,frame
frat,frat
free,free
freed,freed
frees,frees
freeze,freeze
fresh,fresh
freshman,freshman
freshmen,freshmen
fried,fried
fright,fright
frighten,frighten
frog,frog
frost,frost
fully,fully
funny,funny
gad,gad
gag,gag
gage,gage
gall,gall
gallon,gallon
game,game
garage,garage
garden,garden
gardener,gardener
garnet,garnet
garret,garret
gated,gated
gave,gave
gear,gear
gel,gel
gens,gens
gentle,gentle
gentleman,gentleman
gentlemen,gentlemen
gents,gents
girl,girl
give,give
glad,glad
glass,glass
glasses,glasses
glee,glee
gob,gob
god,god
going,going
goo,goo
gory,gory
got,got
grace,grace
grand,grand
granite,granite
grant,grant
grater,grater
greater,greater
grip,grip
gripe,gripe
grit,grit
groom,groom
group,group
grow,grow
grown,grown
guarantied,guarantied
guaranty,guaranty
guarding,guarding
gun,gun
guru,guru
hag,hag
hah,hah
ham,ham
hand,hand
hardly,hardly
hardy,hardy
hare,hare
hared,hared
hares,hares
harvest,harvest
has,has
have,have
haven,haven
haves,haves
having,having
haws,haws
hay,hay
head,head
headmaster,headmaster
hedge,hedge
held,held
hell,hell
hence,hence
herd,herd
herder,herder
herders,herders
he's,he's
hid,hid
hide,hide
high,high
higher,higher
him,him
hint,hint
hire,hire
hoarse,hoarse
hock,hock
hod,hod
hoes,hoes
hold,hold
holed,holed
home,home
hone,hone
hones,hones
hoot,hoot
hop,hop
hope,hope
hoping,hoping
hopping,hopping
horn,horn
horse,horse
hoses,hoses
host,host
hours,hours
house,house
houses,houses
hove,hove
hows,hows
hull,hull
hunt,hunt
hut,hut
ices,ices
icing,icing
icy,icy
idea,idea
ideas,ideas
ii,ii
imp,imp
inane,inane
incs,incs
info,info
infuse,infuse
injure,injure
injury,injury
inner,inner
innings,innings
insure,insure
inter,inter
interest,interest
interested,interested
intern,intern
interne,interne
into,into
intro,intro
invitation,invitation
irate,irate
it's,it's
ix,ix
jam,jam
job,job
joy,joy
joying,joying
jury,jury
kc,kc
kernel,kernel
kg,kg
kill,kill
kind,kind
kindly,kindly
kit,kit
kitchen,kitchen
km,km
knoll,knoll
lad,lad
lame,lame
lane,lane
lase,lase
lases,lases
lash,lash
lasses,lasses
lath,lath
latte,latte
latter,latter
lead,lead
lean,lean
leave,leave
leaved,leaved
lee,lee
left,left
lend,lend
letter,letter
lever,lever
lied,lied
life,life
lifer,lifer
lift,lift
like,like
likes,likes
line,line
lips,lips
load,load
lob,lob
lock,lock
lode,lode
lodge,lodge
loges,loges
login,login
loll,loll
look,look
lore,lore
lose,lose
lost,lost
loth,loth
lowing,lowing
lows,lows
lust,lust
mace,mace
mange,mange
manged,manged
manic,manic
many,many
marry,marry
mars,mars
mart,mart
mas,mas
mast,mast
mated,mated
mating,mating
maw,maw
max,max
may,may
maze,maze
meat,meat
medic,medic
medical,medical
meg,meg
meme,meme
meted,meted
metric,metric
metrical,metrical
mfr,mfr
mg,mg
mica,mica
mice,mice
mid,mid
midge,midge
mien,mien
mince,mince
mint,mint
minty,minty
miter,miter
mix,mix
mock,mock
mom,mom
mono,mono
monthly,monthly
mos,mos
mote,mote
motel,motel
mph,mph
much,much
muck,muck
mug,mug
mute,mute
muter,muter
my,my
nay,nay
near,near
nears,nears
neat,neat
neath,neath
nest,nest
netted,netted
nigh,nigh
night,night
nil,nil
nine,nine
nix,nix
nod,nod
non,non
none,none
not,not
nuncio,nuncio
nut,nut
oaf,oaf
oak,oak
oaks,oaks
oar,oar
oaring,oaring
oars,oars
ode,ode
of,of
off,off
ointment,ointment
ones,ones
only,only
onus,onus
open,open
opening,opening
opera,opera
operate,operate
operator,operator
operators,operators
orc,orc
order,order
organ,organ
origin,origin
original,original
ounces,ounces
ours,ours
oust,oust
outs,outs
owing,owing
own,own
oz,oz
pace,pace
pail,pail
paint,paint
painting,painting
pal,pal
pall,pall
pan,pan
pant,pant
particle,particle
particular,particular
particularly,particularly
pas,pas
past,past
pat,pat
pate,pate
patio,patio
peal,peal
peas,peas
pecs,pecs
peg,peg
pelt,pelt
pence,pence
pencil,pencil
pent,pent
pert,pert
pica,pica
piece,piece
pin,pin
ping,ping
pint,pint
pip,pip
pis,pis
pita,pita
plane,plane
plow,plow
ploy,ploy
pole,pole
poll,poll
port,port
pot,pot
pox,pox
preach,preach
pres,pres
prey,prey
preys,preys
program,program
prom,prom
proper,proper
pros,pros
prose,prose
prove,prove
proximity,proximity
pull,pull
pun,pun
pure,pure
pus,pus
puss,puss
put,put
quart,quart
quash,quash
quite,quite
quote,quote
quotes,quotes
