Finland,Finnland
Swede,Sweed
Swede,sweed
Swede,Sweede
Swede,Sweed
Swede,Sweede
admitting,admiting
advantage,advanTAge
advantage,advanage
although,allthough
although,athough
although,aLthough
although,althouGH
although,allthough
although,allthough
although,althoug
although,althrough
anything,anythin
anything,Anything
anything,anYthing
approached,aproached
ashamed,ashamED
ashamed,ashame
availability,avaiblity
average,avErage
average,avarage
awake,awakE
awake,awak
awake,awak
bag,bAg
bathe,bathE
bathe,bath
beautifully,beautufully
bell,bEll
bell,ball
bought,bOUGHt
bought,bout
bought,boght
bug,bUg
bug,big
capture,capure
carrot,carrOt
carrot,carret
characters,charachters
chin,chIn
chin,chen
closet,cloSET
cognitive,cogntive
colt,cOlt
colt,colT
colt,cold
comfort,com%fort
comfort,comefort
comfort,confort
coming,comeing
coming,comeing
coming,comming
coming,comming
coming,com%ing
coming,comeing
comprehensive,comprehensiv
conservative,conservativ
conservative,conservatie
conveniently,conviently
conveniently,conviniently
cut,cUt
cut,cat
daisy,dAIsy
daisy,daiSY
daisy,dasy
days,daYS
days,das
decision,descision
decision,descisions
decision,deCision
decision,deciSion
decision,decission
decision,desision
decision,deceision
decision,decission
decision,decition
decision,desicion
decision,desicion
decreased,diseased
degradation,degredation
denying,denyin
discretion,discresion
dollars,dollArs
dollars,dollers
drive,dive
drive,drIve
drive,drivE
drive,driv
enjoying,Enjoying
enjoying,enjoYing
entire,Entire
entire,entIre
entire,intire
envelope,envElope
envelope,envolope
exhibit,eXHIbit
exhibit,exhibIt
exhibit,exibit
extension,extenSion
extension,extention
extension,extention
flame,flamE
flame,flam
flesh,flEsh
flesh,fleSH
flesh,fleash
functional,funcional
functions,functuions
furiously,feriously
gate,gAte
gate,gatE
gate,gat
grew,grEw
grew,grow
happiness,happyness
happiness,happIness
happiness,happyness
helped,helpED
helped,helpt
honey,hOney
honey,honEy
honey,hunny
honey,hony
hurricane,huricane
imply,emply
increased,incrEASed
increased,encreased
injury,injur%y
injury,injurey
interference,intereference
interwoven,intervowen
isn't,is't
isn't,is%n't
isn't,isen't
isn't,is'nt
jar,jur
jar,gar
jar,gare
joined,jOIned
joined,joinED
joined,joind
joined,joned
land,lAnd
large,laRge
large,largE
large,lage
large,larg
large,lagre
large,mlarge
lick,liCK
lick,lick%
lick,lik
lick,like
limit,limIt
limit,limet
lively,livELY
lively,livly
loaf,lOAf
loaf,loaf%
loaf,lofe
loan,lOAn
loan,loan%
loan,lone
memorandum,memorandUm
memorandum,memorandom
mercenary,mercanery
midnight,miDNight
mountain,mOUntain
mountain,mountAIn
mountain,mountian
music,muSIC
music,muic
music,muice
narrative,narative
narrow,nArrow
narrow,norrow
nation,naTION
ordinary,ordinair
ordinary,ordinair
ordinary,ordenary
ordinary,ordInary
ordinary,ordinAry
ordinary,ordenary
ordinary,ordinery
ordinary,ordinaire
past,paST
past,passed
patterns,pattarns
pointed,ponted
pointed,poited
preferred,prefered
proofs,proofes
psychoanalyst,psychonalist
quarantine,quarrantine
quarter,quater
quarter,quaRter
quarter,quater
quick,quiCK
quick,quite
quick,quck
quick,quik
raw,rAW
raw,row
raw,rore
relative,relAtive
relative,relitive
reliable,relIAble
reliable,relieable
reliable,relible
reliable,relable
reliable,realiable
reliable,relieable
request,reQUEst
request,requst
resting,resing
riches,reaches
roll,roLL
roll,rol
running,runing
running,ruNNing
running,runing
seem,sEEM
seem,seen
seem,seam
shelf,SHElf
shelf,shalf
shelter,SHelter
shelter,sheLter
shelter,selter
shelter,sheter
shipped,shiPPed
shipped,shiped
should,chould
should,schould
should,chould
should,schould
should,shOUld
should,shouLD
should,shoud
should,sould
shovel,shOvel
shovel,shovEL
shovel,shovle
shovel,shuvel
simultaneous,similtanous
sincerity,sincerety
smoking,smok%ing
smoking,smokeing
smoking,smooking
speech,speach
speech,speach
speech,spEEch
speech,speach
stack,staCK
stack,stackE
stack,stake
still,slill
still,stil
still,stIll
still,stiLL
still,stilled
strain,strAIn
strain,stran
strike,striKE
strike,strick
strongly,stongly
suffering,suufering
supporters,supportes
suppress,supress
suppress,surpress
taken,takEN
taken,takin
taken,takeing
tank,taNK
than,thAn
than,then
though,thOUgh
though,thouGH
though,thow
though,tho
to,ro
to,the
tomato,tOmato
tomato,tomatO
tomato,tmato
tomato,tomto
tool,tOOl
tool,tol
traditional,traditonal
truck,truCK
truck,truk
university,universaty
university,unversity
university,univerSIty
university,universaty
university,unerversity
university,universit
unused,uneused
wave,wAve
wave,wavE
weary,weAry
weary,wery
were,where
were,where
were,where
were,wer
were,where
were,where
were,wer
were,where
were,werE
were,wer
were,where
width,wiDth
width,with
worked,wOrked
worked,workED
worked,workt
wrote,wrot
wrote,wortte
wrote,worte
wrote,Wrote
wrote,rot
yearned,yerned
curtailed,curtailed
glummer,glummer
hales,hales
metamorphoses,metamorphoses
matriarchy,matriarchy
membranous,membranous
divulges,divulges
rotaries,rotaries
sunfish,sunfish
recenter,recenter
recap's,recap's
yardarm,yardarm
fetish's,fetish's
Wall's,Wall's
inkwells,inkwells
stranglehold,stranglehold
maharajah's,maharajah's
watchmen,watchmen
Sherlock,Sherlock
gamete's,gamete's
seismologists,seismologists
blinds,blinds
descant's,descant's
publishing's,publishing's
spruce,spruce
mincemeat's,mincemeat's
waives,waives
worldlier,worldlier
Hanukkah,Hanukkah
splines,splines
birthstone,birthstone
moonbeam's,moonbeam's
tokens,tokens
coleslaw's,coleslaw's
Ramiro,Ramiro
hazelnuts,hazelnuts
ignoramus,ignoramus
Rossini,Rossini
gentler,gentler
paramours,paramours
septet's,septet's
earwig,earwig
separates,separates
broomstick's,broomstick's
placer's,placer's
foster,foster
perverting,perverting
roentgen,roentgen
southwester's,southwester's
Haldane,Haldane
straws,straws
Auschwitz,Auschwitz
bulrushes,bulrushes
cryings,cryings
adumbration,adumbration
sorrows,sorrows
severing,severing
hardhearted,hardhearted
scornfully,scornfully
typewriter's,typewriter's
Parmesan,Parmesan
lanyard,lanyard
retching,retching
silverfish's,silverfish's
hormones,hormones
smuggler's,smuggler's
tonight's,tonight's
gearwheel,gearwheel
cuts,cuts
digressions,digressions
pheasants,pheasants
grouper's,grouper's
housework,housework
manipulators,manipulators
San,San
trampolines,trampolines
Himmler,Himmler
tenanted,tenanted
Yeltsin's,Yeltsin's
intercom,intercom
warmer,warmer
poet,poet
avocadoes,avocadoes
hires,hires
licorice,licorice
substitution,substitution
Jenkins's,Jenkins's
vagrancy,vagrancy
allowance's,allowance's
PhD's,PhD's
overtaxes,overtaxes
Nehru,Nehru
Alvaro's,Alvaro's
founders,founders
indignities,indignities
roommate's,roommate's
anteing,anteing
conceited,conceited
Nemesis,Nemesis
sentimentalists,sentimentalists
publican's,publican's
hoarsely,hoarsely
dignified,dignified
Maynard,Maynard
Barbary,Barbary
film's,film's
Kulthumm,Kulthumm
upcoming,upcoming
agreeing,agreeing
quelling,quelling
tinder's,tinder's
effusively,effusively
husbandry,husbandry
systematized,systematized
shaker's,shaker's
bridged,bridged
Caesarean,Caesarean
chaparral's,chaparral's
Goodman's,Goodman's
churl's,churl's
goiters,goiters
rendition,rendition
hedgerow's,hedgerow's
tampon's,tampon's
extinguished,extinguished
postdating,postdating
Ann's,Ann's
instil,instil
isolate's,isolate's
Sigismund,Sigismund
glorifying,glorifying
redevelopment,redevelopment
Aureomycin,Aureomycin
kookaburra's,kookaburra's
Petra's,Petra's
cogwheel's,cogwheel's
coached,coached
gorse,gorse
Natchez's,Natchez's
overachiever,overachiever
stencil's,stencil's
clinked,clinked
Art's,Art's
lifetime's,lifetime's
infallibility's,infallibility's
vegan,vegan
playgoer,playgoer
Dexedrine,Dexedrine
Missoula's,Missoula's
scumbags,scumbags
surveyor's,surveyor's
subsistence,subsistence
entangled,entangled
overworked,overworked
banana's,banana's
repatriate,repatriate
jubilees,jubilees
Malayalam,Malayalam
funeral's,funeral's
Morin,Morin
encumbered,encumbered
brightness's,brightness's
binge's,binge's
handsomely,handsomely
squirts,squirts
compartmentalizes,compartmentalizes
ump's,ump's
homepage's,homepage's
gameness,gameness
epicure,epicure
perturbing,perturbing
uncoordinated,uncoordinated
blandness's,blandness's
diversifies,diversifies
skinflint,skinflint
redskins,redskins
Nahum,Nahum
Varanasi,Varanasi
rehearsal's,rehearsal's
indulgences,indulgences
Acevedo's,Acevedo's
subpoenas,subpoenas
redress's,redress's
molehill's,molehill's
webinar's,webinar's
defiled,defiled
guzzling,guzzling
spaceman,spaceman
trumpeted,trumpeted
ken's,ken's
scalping,scalping
carollers,carollers
smooths,smooths
ablest,ablest
sextons,sextons
gentility's,gentility's
pendents,pendents
drills,drills
outplays,outplays
histories,histories
hearty,hearty
boulder's,boulder's
jargon,jargon
whiplashes,whiplashes
Lumière,Lumière
cocktail,cocktail
unlaced,unlaced
strategist's,strategist's
prostate's,prostate's
intolerably,intolerably
stinginess,stinginess
polkas,polkas
lawyer's,lawyer's
attest,attest
Hale's,Hale's
contour's,contour's
Abel's,Abel's
mitigated,mitigated
plow's,plow's
liars,liars
deregulation's,deregulation's
Olympics's,Olympics's
caricaturist's,caricaturist's
Merthiolate,Merthiolate
domination,domination
farting,farting
maraca,maraca
dorms,dorms
Deming,Deming
browse's,browse's
franchisee's,franchisee's
zest,zest
airings,airings
screenshots,screenshots
umbel's,umbel's
slipping,slipping
officials,officials
deporting,deporting
ensured,ensured
Myst's,Myst's
vertigo's,vertigo's
Cartwright,Cartwright
dandle,dandle
jibed,jibed
embryo,embryo
Delmarva's,Delmarva's
colonizer,colonizer
odds,odds
typeset,typeset
waders,waders
sociopaths,sociopaths
flatulence,flatulence
Monaco,Monaco
vitriol's,vitriol's
spinets,spinets
insider's,insider's
Moll's,Moll's
graze,graze
Owen,Owen
Tongan,Tongan
Lew's,Lew's
frequency's,frequency's
fished,fished
whist's,whist's
standardizes,standardizes
mooed,mooed
Ryder's,Ryder's
generating,generating
faultlessly,faultlessly
thought's,thought's
teletype,teletype
demoting,demoting
Kremlinologist,Kremlinologist
Southerner's,Southerner's
swipe's,swipe's
jimmies,jimmies
sophisticate,sophisticate
Valhalla's,Valhalla's
forswearing,forswearing
cautiously,cautiously
Sioux's,Sioux's
selector's,selector's
aspects,aspects
crescent's,crescent's
prune,prune
cleanse,cleanse
wreathe,wreathe
quarterfinal's,quarterfinal's
disapproval's,disapproval's
orthogonality,orthogonality
pantheism's,pantheism's
Noxzema's,Noxzema's
Lysol,Lysol
blur's,blur's
auditoria,auditoria
specializing,specializing
unobtrusively,unobtrusively
buttresses,buttresses
expunged,expunged
talisman,talisman
favors,favors
frowziest,frowziest
hostelry,hostelry
Bauer's,Bauer's
crystallography,crystallography
temped,temped
code's,code's
Greenwich,Greenwich
accumulator,accumulator
incense's,incense's
pediatricians,pediatricians
sagest,sagest
Javier's,Javier's
gusher's,gusher's
essential's,essential's
Pollock,Pollock
dehydrating,dehydrating
Micronesian's,Micronesian's
Conestoga's,Conestoga's
dell,dell
goiter,goiter
Phyllis,Phyllis
limitless,limitless
bleating,bleating
Rachelle,Rachelle
hobbyists,hobbyists
unrolled,unrolled
foetal,foetal
butch's,butch's
restitution's,restitution's
Confucius,Confucius
semblances,semblances
prone,prone
Barnard,Barnard
Kaufman's,Kaufman's
investigation's,investigation's
Clearasil,Clearasil
insertion,insertion
edifice,edifice
lithographer's,lithographer's
pleasantry,pleasantry
waxing,waxing
anchorwoman's,anchorwoman's
ACT,ACT
laments,laments
twigged,twigged
differentiate,differentiate
entrenching,entrenching
gibed,gibed
shifted,shifted
Graciela,Graciela
vendettas,vendettas
image,image
HUD,HUD
cullenders,cullenders
circa,circa
beloved,beloved
PGP,PGP
boobed,boobed
holdout,holdout
cocaine's,cocaine's
kinfolks's,kinfolks's
cuneiform,cuneiform
workhorse,workhorse
Cherokee,Cherokee
capitulate,capitulate
mascara,mascara
mayoralty's,mayoralty's
happenstance's,happenstance's
trademarks,trademarks
Burgundy,Burgundy
charge's,charge's
convulsion,convulsion
reunions,reunions
onus,onus
astuteness's,astuteness's
hulls,hulls
tarriest,tarriest
Rochester,Rochester
stockades,stockades
hibachi,hibachi
curlews,curlews
superconductivity's,superconductivity's
mo,mo
Medicares,Medicares
ABC,ABC
counterbalance's,counterbalance's
Portugal,Portugal
partizan,partizan
underlays,underlays
manège's,manège's
stumble,stumble
Snider's,Snider's
rubbish,rubbish
lamaseries,lamaseries
Corinthians's,Corinthians's
puddling,puddling
brittler,brittler
adequacy's,adequacy's
nexus's,nexus's
blackberries,blackberries
Czech's,Czech's
forecast's,forecast's
iPod,iPod
transposes,transposes
dowager,dowager
silencer,silencer
snorts,snorts
windpipe,windpipe
resettling,resettling
romaine's,romaine's
stateliest,stateliest
armistice,armistice
gigglier,gigglier
crackpots,crackpots
datatype,datatype
weathercock,weathercock
textile's,textile's
Guthrie's,Guthrie's
scooters,scooters
Marxism's,Marxism's
gear,gear
freeloading,freeloading
scatter's,scatter's
sublimated,sublimated
castling,castling
implies,implies
burrow,burrow
satinwood,satinwood
L'Oreal's,L'Oreal's
clearance's,clearance's
streets,streets
coronet's,coronet's
monotonously,monotonously
pessimism,pessimism
reappraises,reappraises
ulnae,ulnae
Lewinsky's,Lewinsky's
boneheads,boneheads
Velez's,Velez's
ingenuousness's,ingenuousness's
feud's,feud's
Hogarth's,Hogarth's
Falwell,Falwell
purgatories,purgatories
bagpipe,bagpipe
dismays,dismays
unavailing,unavailing
prevented,prevented
ribaldry's,ribaldry's
boysenberry's,boysenberry's
vellum's,vellum's
indigestible,indigestible
ledges,ledges
testing,testing
aneurysms,aneurysms
if's,if's
inactive,inactive
pinwheel,pinwheel
bugger,bugger
wagers,wagers
fatigue,fatigue
rustlers,rustlers
camcorder's,camcorder's
creator's,creator's
posers,posers
Bethany's,Bethany's
disclose,disclose
stripe,stripe
conducive,conducive
valedictory's,valedictory's
boiled,boiled
freeing,freeing
Kamehameha,Kamehameha
waifs,waifs
tasselling,tasselling
untying,untying
reprimand,reprimand
outcast's,outcast's
constriction's,constriction's
baseboards,baseboards
aiding,aiding
bloats,bloats
headphones,headphones
wisher's,wisher's
happenings,happenings
corrode,corrode
dehydrate,dehydrate
soundproofs,soundproofs
sloth,sloth
Bede,Bede
enervating,enervating
quintuple's,quintuple's
Mercator's,Mercator's
plaited,plaited
cussing,cussing
badness's,badness's
evisceration,evisceration
tepees,tepees
Fitch's,Fitch's
slipperier,slipperier
guises,guises
driver,driver
nightgown,nightgown
plunking,plunking
blithely,blithely
barberry,barberry
cosignatory,cosignatory
toddler's,toddler's
pointillism's,pointillism's
academic's,academic's
follicle's,follicle's
Yankees,Yankees
supports,supports
breastbone,breastbone
advocated,advocated
Kankakee,Kankakee
overachiever's,overachiever's
videodisc,videodisc
unauthorized,unauthorized
Faeroe's,Faeroe's
handicap's,handicap's
sanitarium,sanitarium
boasts,boasts
statehood's,statehood's
mutts,mutts
trust's,trust's
Catiline's,Catiline's
kiss's,kiss's
pockmarking,pockmarking
cancels,cancels
alderman's,alderman's
plantation,plantation
tansy,tansy
panther's,panther's
circumcises,circumcises
hotshot's,hotshot's
dough,dough
intoxication's,intoxication's
wish's,wish's
Samuelson's,Samuelson's
homages,homages
manga's,manga's
pomading,pomading
reacted,reacted
mashup,mashup
nexuses,nexuses
rudder's,rudder's
schoolmaster,schoolmaster
injections,injections
prevaricator's,prevaricator's
Robson,Robson
typescript's,typescript's
brownie's,brownie's
equivocates,equivocates
contraltos,contraltos
dwelling's,dwelling's
Michigander,Michigander
nib,nib
congeal,congeal
conspirators,conspirators
tongued,tongued
Beatlemania's,Beatlemania's
lodge's,lodge's
trophy,trophy
weed's,weed's
Griffin,Griffin
vassals,vassals
epitaph,epitaph
outstretches,outstretches
incriminated,incriminated
chapter's,chapter's
micrometer,micrometer
leggier,leggier
floppiest,floppiest
Hitachi,Hitachi
jasmine's,jasmine's
nigger's,nigger's
bilingual,bilingual
thwarting,thwarting
oinking,oinking
Cartersville's,Cartersville's
coping's,coping's
superficially,superficially
Sammy,Sammy
dissents,dissents
messengers,messengers
hospital's,hospital's
maddened,maddened
penitential,penitential
xxix,xxix
slants,slants
Mississippians,Mississippians
reflex's,reflex's
squint,squint
unfaithfulness's,unfaithfulness's
enviously,enviously
nymphomaniac,nymphomaniac
disaffecting,disaffecting
Toledos,Toledos
syllabifies,syllabifies
Louisianan's,Louisianan's
prom's,prom's
spatters,spatters
enforcer,enforcer
purifies,purifies
nonintervention,nonintervention
extremest,extremest
integument,integument
lb,lb
impiety,impiety
schoolmistress's,schoolmistress's
abrasion,abrasion
nonobjective,nonobjective
Elroy,Elroy
affair's,affair's
Mosul's,Mosul's
earthing,earthing
sashay's,sashay's
NV,NV
fairies,fairies
banker,banker
gleeful,gleeful
Senegal,Senegal
bounds,bounds
chilblains,chilblains
humbling,humbling
barricades,barricades
croissant's,croissant's
menstruation,menstruation
Orlando's,Orlando's
karakul,karakul
crib's,crib's
horror's,horror's
thunderclaps,thunderclaps
curl's,curl's
refuelling,refuelling
grassed,grassed
interlock,interlock
convent's,convent's
soul's,soul's
twittering,twittering
alias,alias
define,define
divert,divert
coxswain,coxswain
vibration's,vibration's
Teheran's,Teheran's
crumbing,crumbing
thrall's,thrall's
catcall's,catcall's
abusively,abusively
antagonistically,antagonistically
plotting,plotting
shapelessness,shapelessness
Auburn's,Auburn's
bricklaying,bricklaying
indecencies,indecencies
clinching,clinching
hooped,hooped
McFarland,McFarland
millionth's,millionth's
stain,stain
paradises,paradises
Connery,Connery
retaliate,retaliate
statistic's,statistic's
modishness,modishness
Neva,Neva
upended,upended
Bryan's,Bryan's
dory,dory
Fernando's,Fernando's
VI's,VI's
kickoff's,kickoff's
hacksaw's,hacksaw's
grudged,grudged
vouchsafing,vouchsafing
Hindi,Hindi
assassins,assassins
nectarine's,nectarine's
rocketed,rocketed
yarns,yarns
hastened,hastened
romper,romper
subliminally,subliminally
prevailed,prevailed
normalized,normalized
deliria,deliria
Blankenship's,Blankenship's
matchstick's,matchstick's
alarmist,alarmist
Flint,Flint
hospitals,hospitals
vomiting,vomiting
swagging,swagging
Barrie's,Barrie's
slitter,slitter
Stuarts,Stuarts
once's,once's
Avignon,Avignon
parabola's,parabola's
Hatsheput's,Hatsheput's
artiste,artiste
sudsiest,sudsiest
bailing,bailing
addling,addling
Easter,Easter
scarfs,scarfs
playground's,playground's
herbs,herbs
discoverer's,discoverer's
handicapper's,handicapper's
crackles,crackles
saliva's,saliva's
lamest,lamest
Ebonics,Ebonics
parlor's,parlor's
seal's,seal's
showstopper,showstopper
Skippy,Skippy
hilt,hilt
nodules,nodules
scrabble's,scrabble's
pub's,pub's
emcee,emcee
award,award
countrymen,countrymen
ogres,ogres
Sephardi,Sephardi
Ocala's,Ocala's
ambulances,ambulances
flyspecked,flyspecked
meddlers,meddlers
demilitarizing,demilitarizing
cardinal's,cardinal's
panoramic,panoramic
unscathed,unscathed
freighted,freighted
levitation's,levitation's
impaneled,impaneled
sesame,sesame
overburdened,overburdened
elegiac,elegiac
plated,plated
endways,endways
fable,fable
baseless,baseless
playroom,playroom
shooting,shooting
consolations,consolations
tailored,tailored
lambskin,lambskin
occupation's,occupation's
header,header
medics,medics
Gautama's,Gautama's
trousseau's,trousseau's
surfboarding,surfboarding
beetling,beetling
Alana,Alana
regional,regional
hogs,hogs
projection's,projection's
supple,supple
smartwatches,smartwatches
groping,groping
hypotenuse's,hypotenuse's
discounts,discounts
dishonesty's,dishonesty's
snooper's,snooper's
relativistic,relativistic
bodice's,bodice's
legislative,legislative
chestnuts,chestnuts
gigapixels,gigapixels
archetypical,archetypical
vulgarity's,vulgarity's
mast,mast
Earhart,Earhart
snarky,snarky
Mennen's,Mennen's
Temple,Temple
cairn,cairn
appeased,appeased
chubbiness,chubbiness
Fallopian's,Fallopian's
Mendelssohn,Mendelssohn
clerking,clerking
jiffy's,jiffy's
spy's,spy's
Nicklaus,Nicklaus
stepson,stepson
Reaganomics's,Reaganomics's
Gelbvieh's,Gelbvieh's
aristocrat's,aristocrat's
corset's,corset's
trouped,trouped
anaesthetic's,anaesthetic's
prognostics,prognostics
bunting,bunting
directorship,directorship
Freeman's,Freeman's
floggings,floggings
uncorking,uncorking
rave's,rave's
electrocardiograph's,electrocardiograph's
minuscule's,minuscule's
Cantabrigian,Cantabrigian
perms,perms
bathos,bathos
Apr,Apr
figurative,figurative
croupier's,croupier's
tridents,tridents
exploration,exploration
ordnance's,ordnance's
heinousness's,heinousness's
VIP's,VIP's
jigs,jigs
conspiracy's,conspiracy's
parted,parted
daydreamt,daydreamt
expectorating,expectorating
taxidermists,taxidermists
priviest,priviest
halyard,halyard
username,username
indemnified,indemnified
tachometers,tachometers
drape,drape
etching's,etching's
beriberi,beriberi
Rebecca,Rebecca
Wiesel's,Wiesel's
aphorisms,aphorisms
lambent,lambent
IOU's,IOU's
McClain's,McClain's
predecessor,predecessor
adduced,adduced
dispels,dispels
dormers,dormers
boulder,boulder
symphonies,symphonies
anemia's,anemia's
bruin's,bruin's
pastern's,pastern's
Norseman,Norseman
Spenglerian's,Spenglerian's
emir's,emir's
maiden's,maiden's
wiliness,wiliness
dustman,dustman
nuggets,nuggets
windlasses,windlasses
Willamette,Willamette
consultation,consultation
enshrining,enshrining
eviller,eviller
prewar,prewar
Kyle's,Kyle's
Ute,Ute
Thucydides,Thucydides
Patti's,Patti's
desensitizing,desensitizing
crustacean,crustacean
italic's,italic's
sullenness,sullenness
CB,CB
constrictor,constrictor
scoundrel's,scoundrel's
whim's,whim's
snoop's,snoop's
secretiveness's,secretiveness's
dowdiest,dowdiest
Fisk's,Fisk's
speakeasy,speakeasy
intrigued,intrigued
risked,risked
detergent's,detergent's
Semites,Semites
potter's,potter's
Baggies,Baggies
lissom,lissom
shrieks,shrieks
Lucile's,Lucile's
barrens,barrens
parricides,parricides
disregarded,disregarded
idiotic,idiotic
seductive,seductive
laborer's,laborer's
elongating,elongating
huntsman's,huntsman's
Marne,Marne
ungainlier,ungainlier
sanctions,sanctions
sparely,sparely
keyboard's,keyboard's
qualification's,qualification's
dorsal,dorsal
idiomatic,idiomatic
lager's,lager's
rigor,rigor
mascaraing,mascaraing
tiebreaker's,tiebreaker's
hippos,hippos
Romany's,Romany's
depositories,depositories
epic's,epic's
predominance,predominance
unsaid,unsaid
napalmed,napalmed
advisement's,advisement's
wrongfully,wrongfully
eavesdropping,eavesdropping
extols,extols
wrench,wrench
Beatlemania,Beatlemania
Shintos,Shintos
lards,lards
barge,barge
paddles,paddles
neonatal,neonatal
hypocritical,hypocritical
ripped,ripped
beaches,beaches
endurable,endurable
giantess's,giantess's
Archie,Archie
restrained,restrained
karate,karate
hindquarters,hindquarters
Uriel,Uriel
parentheses,parentheses
Luther's,Luther's
Taiwanese,Taiwanese
acclimating,acclimating
colitis's,colitis's
extendable,extendable
frequenter,frequenter
plaintiff,plaintiff
introducing,introducing
nostalgic,nostalgic
pickabacked,pickabacked
inelastic,inelastic
magnificently,magnificently
pedometer's,pedometer's
unfrock,unfrock
buckram,buckram
defraying,defraying
infringement's,infringement's
goofier,goofier
polarity's,polarity's
oddity's,oddity's
engines,engines
coxswains,coxswains
cataclysm's,cataclysm's
idle's,idle's
Methodisms,Methodisms
pastern,pastern
Uruguayan's,Uruguayan's
chandler's,chandler's
consulting,consulting
posted,posted
tomahawk,tomahawk
cutely,cutely
deformation,deformation
baptizing,baptizing
Cormack,Cormack
schizophrenic,schizophrenic
decades,decades
Costco's,Costco's
convulsion's,convulsion's
drudged,drudged
Isherwood,Isherwood
pedants,pedants
smoggiest,smoggiest
Sofia,Sofia
Corvette's,Corvette's
xylophones,xylophones
psychotherapies,psychotherapies
clarinetists,clarinetists
detest,detest
rhombus's,rhombus's
mender,mender
samurai's,samurai's
mercy's,mercy's
grouchiness's,grouchiness's
booking's,booking's
Nippon,Nippon
skimpy,skimpy
cubs,cubs
bigoted,bigoted
murals,murals
flossed,flossed
Bean,Bean
ethereally,ethereally
palls,palls
reclassified,reclassified
Naomi's,Naomi's
jaw's,jaw's
effect's,effect's
anchored,anchored
Google,Google
habitual,habitual
noblest,noblest
quadrilateral's,quadrilateral's
Fronde's,Fronde's
endues,endues
ploughs,ploughs
holler's,holler's
nobility,nobility
demur,demur
Amoco,Amoco
maligns,maligns
Khayyam,Khayyam
enactments,enactments
slaughterhouse's,slaughterhouse's
homed,homed
herds,herds
spot's,spot's
bogies,bogies
overwrite,overwrite
redheaded,redheaded
Beckley's,Beckley's
confusingly,confusingly
hush,hush
Redford's,Redford's
overprices,overprices
honeymooning,honeymooning
highfaluting,highfaluting
goldbricking,goldbricking
antitoxin's,antitoxin's
nobleman's,nobleman's
quoit's,quoit's
Dewey,Dewey
perquisite,perquisite
mulishness's,mulishness's
locations,locations
Sprint,Sprint
FM,FM
expeditors,expeditors
bathroom's,bathroom's
perversion's,perversion's
sticking,sticking
poulticing,poulticing
moneyed,moneyed
bigamy,bigamy
byplay,byplay
spill's,spill's
inelegance,inelegance
acrobatic,acrobatic
December's,December's
majorette's,majorette's
Southwest,Southwest
brink,brink
numerically,numerically
litigated,litigated
metamorphism,metamorphism
amalgamations,amalgamations
menage's,menage's
dreamier,dreamier
wilfulness,wilfulness
sneak,sneak
clutch,clutch
turnaround,turnaround
cans,cans
pantries,pantries
crossroads,crossroads
programer's,programer's
Arthur's,Arthur's
skillfully,skillfully
grandstanding,grandstanding
doses,doses
Bern,Bern
Nicodemus's,Nicodemus's
Ireland's,Ireland's
rot's,rot's
guesstimated,guesstimated
repatriation,repatriation
drabness's,drabness's
Cl's,Cl's
disbars,disbars
Shelly,Shelly
parable,parable
semiotics,semiotics
brainstorms,brainstorms
paisley's,paisley's
playboys,playboys
justifiably,justifiably
headfirst,headfirst
Alsop,Alsop
buyouts,buyouts
dismounts,dismounts
reuse,reuse
thereto,thereto
preservation's,preservation's
dissension's,dissension's
liberators,liberators
wagon's,wagon's
removals,removals
kook,kook
mildew's,mildew's
tromp,tromp
cricketer,cricketer
artificers,artificers
morphemes,morphemes
cussed,cussed
meander's,meander's
Soyinka,Soyinka
Aleppo's,Aleppo's
renegotiates,renegotiates
parcelled,parcelled
zoom,zoom
overstates,overstates
MVP's,MVP's
Trent,Trent
guileful,guileful
onslaught's,onslaught's
premeditating,premeditating
hockey,hockey
blunderer,blunderer
imperials,imperials
Newcastle's,Newcastle's
LED,LED
Chaitin,Chaitin
diseased,diseased
Ngaliema,Ngaliema
pesticide,pesticide
horsiest,horsiest
Ralph's,Ralph's
disembarkation's,disembarkation's
caviare,caviare
Vila,Vila
cancan's,cancan's
humanizing,humanizing
Astrakhan's,Astrakhan's
avowed,avowed
travestied,travestied
endowment's,endowment's
schrod,schrod
futurity,futurity
confrontation's,confrontation's
Aral's,Aral's
undelivered,undelivered
congas,congas
motorbiking,motorbiking
spewed,spewed
gravelled,gravelled
tally,tally
breaker's,breaker's
Gnosticism's,Gnosticism's
shutouts,shutouts
rookies,rookies
miscalculated,miscalculated
Sunday's,Sunday's
intensify,intensify
malfunctions,malfunctions
selfishness,selfishness
showboat's,showboat's
Sarajevo,Sarajevo
conscientiousness,conscientiousness
triplets,triplets
harpy's,harpy's
batting's,batting's
leopard,leopard
Langerhans's,Langerhans's
stalagmites,stalagmites
larcenies,larcenies
Tangiers's,Tangiers's
mosaics,mosaics
Texaco's,Texaco's
Somalian's,Somalian's
Gatun,Gatun
rhetorician,rhetorician
suppliant's,suppliant's
Kr,Kr
narcotic's,narcotic's
hoofing,hoofing
prefect's,prefect's
repairmen,repairmen
Sinkiang's,Sinkiang's
carsick,carsick
encores,encores
Cromwellian,Cromwellian
Casanova's,Casanova's
mobbing,mobbing
Delacruz,Delacruz
Uighur,Uighur
Barr,Barr
bluer,bluer
snooze's,snooze's
farrow,farrow
competitions,competitions
purveyed,purveyed
devil's,devil's
transport's,transport's
jitterier,jitterier
Tamil,Tamil
pruned,pruned
trifecta's,trifecta's
undivided,undivided
merest,merest
Golding's,Golding's
voided,voided
householders,householders
machetes,machetes
Miocene,Miocene
carouse's,carouse's
rubbernecking,rubbernecking
Webster's,Webster's
tumble's,tumble's
VAT,VAT
delis,delis
roughnecked,roughnecked
pitch's,pitch's
entertainers,entertainers
vigil,vigil
Tompkins,Tompkins
cal,cal
chords,chords
flailed,flailed
millinery's,millinery's
inaugurating,inaugurating
loathed,loathed
larvas,larvas
openly,openly
squarer,squarer
Linus,Linus
levitates,levitates
tyrannies,tyrannies
mutuality,mutuality
salaciousness's,salaciousness's
saintly,saintly
excerpts,excerpts
XS,XS
rinses,rinses
slanderer's,slanderer's
grating's,grating's
devaluation's,devaluation's
holidaying,holidaying
Cerf's,Cerf's
bout,bout
crossbars,crossbars
mugging's,mugging's
Wesleyan's,Wesleyan's
joyfuller,joyfuller
Buñuel,Buñuel
oval,oval
twingeing,twingeing
eunuch's,eunuch's
assignation,assignation
trough's,trough's
scaffold,scaffold
armful,armful
Sloane's,Sloane's
mortuary,mortuary
subtracting,subtracting
anteroom's,anteroom's
supervisors,supervisors
substructure,substructure
peaceful,peaceful
heterosexual's,heterosexual's
tyrannosauruses,tyrannosauruses
annuity's,annuity's
unflattering,unflattering
exorbitance's,exorbitance's
clause's,clause's
semester's,semester's
cargo,cargo
wretchedly,wretchedly
Bodhidharma,Bodhidharma
rustic's,rustic's
gesticulated,gesticulated
baccalaureate,baccalaureate
amplifier's,amplifier's
stars,stars
reason's,reason's
loomed,loomed
insipid,insipid
Comintern,Comintern
boutique's,boutique's
seashells,seashells
gaudier,gaudier
drachma's,drachma's
crunchier,crunchier
Hawaiians,Hawaiians
Fuentes,Fuentes
Boone,Boone
startles,startles
stalemates,stalemates
coeval,coeval
taint's,taint's
wit,wit
shred,shred
procurement's,procurement's
Vlasic,Vlasic
coral's,coral's
Corine's,Corine's
cornflakes's,cornflakes's
aggression's,aggression's
spacesuit,spacesuit
crosspieces,crosspieces
plumping,plumping
stagehand,stagehand
penultimate,penultimate
succoring,succoring
disquisition's,disquisition's
mismatch,mismatch
malice's,malice's
fades,fades
regards's,regards's
blending,blending
authentications,authentications
observations,observations
barman,barman
shipmate's,shipmate's
closeting,closeting
heliotrope's,heliotrope's
allegory,allegory
Bojangles,Bojangles
confounds,confounds
electromagnetism's,electromagnetism's
demoniacal,demoniacal
postoperative,postoperative
tenancy,tenancy
lees,lees
debriefings,debriefings
grafted,grafted
page's,page's
colloquies,colloquies
depletion's,depletion's
Wilkinson's,Wilkinson's
editorship,editorship
Rena,Rena
philodendron's,philodendron's
creatures,creatures
Johanna's,Johanna's
unsnarl,unsnarl
threatens,threatens
allergens,allergens
canopy,canopy
transfigure,transfigure
airstrip,airstrip
Monera's,Monera's
Tasman,Tasman
mediator's,mediator's
riveter,riveter
curler's,curler's
cuss's,cuss's
parkour,parkour
hinge's,hinge's
weal's,weal's
billions,billions
defaulting,defaulting
Smolensk,Smolensk
bulimic's,bulimic's
licking,licking
wont,wont
indent,indent
ides,ides
latitude's,latitude's
worshiped,worshiped
moisturizer,moisturizer
throwbacks,throwbacks
Flanagan,Flanagan
Vitim's,Vitim's
logistically,logistically
Helvetius,Helvetius
tangerines,tangerines
imprinted,imprinted
quicker,quicker
dramatists,dramatists
cowboy's,cowboy's
gadabout,gadabout
chilli's,chilli's
woolgathering,woolgathering
Kennewick's,Kennewick's
sharper's,sharper's
leapfrogged,leapfrogged
Iroquoian's,Iroquoian's
mason's,mason's
lingerings,lingerings
devoutness,devoutness
dares,dares
woodiest,woodiest
simile's,simile's
fermented,fermented
dapple's,dapple's
rattles,rattles
packer,packer
glassware's,glassware's
stunning,stunning
Remus's,Remus's
impedance's,impedance's
Slinky,Slinky
hubby's,hubby's
handrail,handrail
unrelenting,unrelenting
repentance's,repentance's
carpetbagging,carpetbagging
thistle,thistle
juniper's,juniper's
afterglow's,afterglow's
curvature's,curvature's
Galileo's,Galileo's
prequel's,prequel's
dynastic,dynastic
Opel,Opel
Pianola's,Pianola's
monochromes,monochromes
agglutination's,agglutination's
spooled,spooled
haven's,haven's
greps,greps
attested,attested
hissing,hissing
trickle's,trickle's
mesmerism,mesmerism
buffers,buffers
Sicilian's,Sicilian's
reprise,reprise
sloughs,sloughs
delusion,delusion
convinces,convinces
dangles,dangles
seeped,seeped
punchy,punchy
chemist's,chemist's
impressionism's,impressionism's
leaseholds,leaseholds
rinks,rinks
Reinhardt's,Reinhardt's
mindfulness,mindfulness
Zelig's,Zelig's
tbsp,tbsp
spicy,spicy
Sextans's,Sextans's
Marcelino,Marcelino
commercialism's,commercialism's
acorn's,acorn's
Caribbean's,Caribbean's
gluttonous,gluttonous
filterable,filterable
toady,toady
yardstick's,yardstick's
rust's,rust's
Bioko's,Bioko's
eMusic,eMusic
reunifies,reunifies
transported,transported
derogation's,derogation's
loss's,loss's
pentameters,pentameters
Mazama,Mazama
nunnery's,nunnery's
hypersensitivity's,hypersensitivity's
poniard,poniard
Ba,Ba
pedicure,pedicure
corrective,corrective
tantrums,tantrums
safariing,safariing
glycerine's,glycerine's
NCAA's,NCAA's
disconcerted,disconcerted
catcall,catcall
stealthiest,stealthiest
evangelicals,evangelicals
flintlocks,flintlocks
emotionalism,emotionalism
sarcoma,sarcoma
paleontologist,paleontologist
merchantman's,merchantman's
Ringo,Ringo
gimcracks,gimcracks
incubator's,incubator's
semiconductors,semiconductors
histogram,histogram
creepy,creepy
yeses,yeses
methadon,methadon
tableware's,tableware's
works's,works's
disguise's,disguise's
bayous,bayous
curfews,curfews
diversify,diversify
longhand's,longhand's
yielded,yielded
dwindling,dwindling
scats,scats
flagged,flagged
eyestrain,eyestrain
hydrometer,hydrometer
extremist,extremist
sentenced,sentenced
permissively,permissively
chiaroscuro's,chiaroscuro's
entailed,entailed
dictates,dictates
Chivas,Chivas
applaud,applaud
Ada,Ada
gyrated,gyrated
spiffy,spiffy
buzzer's,buzzer's
Navajo's,Navajo's
annoyance's,annoyance's
Roberson,Roberson
disrupted,disrupted
geometry's,geometry's
playlist's,playlist's
sighs,sighs
Tillich,Tillich
silently,silently
misfits,misfits
scolded,scolded
mountaineer,mountaineer
reservation's,reservation's
vegetarians,vegetarians
Mississippi's,Mississippi's
coasted,coasted
undesirable's,undesirable's
lovebird's,lovebird's
stroked,stroked
Albion's,Albion's
credulous,credulous
Hyades's,Hyades's
flamboyantly,flamboyantly
lasses,lasses
outburst's,outburst's
pedantic,pedantic
insupportable,insupportable
balking,balking
redeemer,redeemer
itinerants,itinerants
unchanged,unchanged
infinite's,infinite's
directory's,directory's
lobed,lobed
Sam,Sam
venture's,venture's
palpates,palpates
conceives,conceives
wadded,wadded
Vilma,Vilma
subscribed,subscribed
loutish,loutish
Carib's,Carib's
retinas,retinas
Piccadilly,Piccadilly
badness,badness
superiors,superiors
Plato's,Plato's
philanthropically,philanthropically
sparklers,sparklers
criminals,criminals
kneecap,kneecap
ammo's,ammo's
unseen's,unseen's
seconding,seconding
ilk's,ilk's
landfall's,landfall's
prearranges,prearranges
disaster's,disaster's
depopulate,depopulate
espy,espy
moonlighter's,moonlighter's
Jon's,Jon's
dissatisfy,dissatisfy
deflate,deflate
stoppered,stoppered
reflexive,reflexive
headings,headings
conventionality's,conventionality's
Elizabethan,Elizabethan
excrete,excrete
fogged,fogged
Steuben's,Steuben's
organs,organs
moneymaking,moneymaking
Korzybski's,Korzybski's
lunching,lunching
weltered,weltered
radiance's,radiance's
Araceli,Araceli
filter,filter
Alistair's,Alistair's
tops,tops
profoundly,profoundly
harshly,harshly
handshakings,handshakings
lad's,lad's
papergirl,papergirl
highboy's,highboy's
muezzin's,muezzin's
Wheatstone,Wheatstone
conditioner,conditioner
Shenandoah,Shenandoah
admits,admits
Mascagni's,Mascagni's
recession's,recession's
neoclassicism's,neoclassicism's
Saddam,Saddam
Loren's,Loren's
smocks,smocks
steering,steering
triage's,triage's
mirthless,mirthless
cremate,cremate
characterization's,characterization's
circumnavigations,circumnavigations
outriders,outriders
Umbriel's,Umbriel's
Tamika's,Tamika's
Porfirio's,Porfirio's
Harlequin's,Harlequin's
relearn,relearn
schwa,schwa
centralized,centralized
objective's,objective's
gristle,gristle
upstart,upstart
stew's,stew's
housing,housing
provoking,provoking
superintendency's,superintendency's
vised,vised
Tunguska's,Tunguska's
ethnologists,ethnologists
mitt's,mitt's
Decker's,Decker's
centerpiece's,centerpiece's
poets,poets
parity,parity
flown,flown
standouts,standouts
disputations,disputations
exploit's,exploit's
attuning,attuning
leathernecks,leathernecks
comprehended,comprehended
naming,naming
sepulchering,sepulchering
susceptibility's,susceptibility's
protractors,protractors
romanticizes,romanticizes
botches,botches
counterweights,counterweights
womanlike,womanlike
updrafts,updrafts
detraction's,detraction's
mussy,mussy
debar,debar
enquired,enquired
enveloping,enveloping
cease,cease
desolateness's,desolateness's
show's,show's
Kemp's,Kemp's
matriculate,matriculate
millstone,millstone
Gish,Gish
signification,signification
intakes,intakes
redrew,redrew
bugaboo's,bugaboo's
cybernetics's,cybernetics's
indicative,indicative
litter's,litter's
recreation's,recreation's
uninterpreted,uninterpreted
imperturbably,imperturbably
bridesmaids,bridesmaids
addicting,addicting
cuckoos,cuckoos
candidacy's,candidacy's
guild's,guild's
fixity's,fixity's
scion's,scion's
womanhood's,womanhood's
waffling,waffling
virgule,virgule
platitudes,platitudes
McMillan's,McMillan's
provident,provident
undeterred,undeterred
ripest,ripest
hostile's,hostile's
silky,silky
impregnably,impregnably
yellowed,yellowed
dialectal,dialectal
derails,derails
multiverse,multiverse
goriest,goriest
thong,thong
professorships,professorships
kilohertzes,kilohertzes
translated,translated
skirts,skirts
download,download
gunning,gunning
elitist,elitist
centered,centered
twigs,twigs
mechanic's,mechanic's
decreeing,decreeing
testicle,testicle
concentration's,concentration's
orgasm's,orgasm's
mannikins,mannikins
loon's,loon's
drugstore,drugstore
Cypriot's,Cypriot's
retouching,retouching
pursuance's,pursuance's
Yacc's,Yacc's
outward,outward
bolero,bolero
froths,froths
swordplay,swordplay
abridgment,abridgment
abscissa's,abscissa's
crossroad,crossroad
blowgun's,blowgun's
thriller's,thriller's
Pythagorean's,Pythagorean's
feint's,feint's
rogue's,rogue's
trashier,trashier
deviously,deviously
Gettysburg's,Gettysburg's
roughshod,roughshod
ATM,ATM
undresses,undresses
Giuliani,Giuliani
graybeards,graybeards
collared,collared
podding,podding
enlargements,enlargements
mainstreaming,mainstreaming
palliate,palliate
indivisibly,indivisibly
disjointing,disjointing
geez,geez
yaps,yaps
skeptically,skeptically
stagnation's,stagnation's
Mouton's,Mouton's
triggers,triggers
timpanists,timpanists
McNaughton,McNaughton
Kyle,Kyle
Vlasic's,Vlasic's
sojourn's,sojourn's
relies,relies
publicize,publicize
paddocked,paddocked
granddaughter,granddaughter
catafalques,catafalques
quizzing,quizzing
Hinesville,Hinesville
picket,picket
grimaces,grimaces
tryouts,tryouts
horseradish,horseradish
torture,torture
Christi,Christi
hedgerows,hedgerows
Snyder,Snyder
advertiser,advertiser
sauced,sauced
Pacino,Pacino
overstays,overstays
Berkeley's,Berkeley's
disheartens,disheartens
swastika's,swastika's
newsgroups,newsgroups
Slocum's,Slocum's
min,min
Palmolive's,Palmolive's
longitudes,longitudes
daytime's,daytime's
ruckus,ruckus
docket,docket
Forest,Forest
inadequacies,inadequacies
unsounder,unsounder
pageantry's,pageantry's
choppiness,choppiness
pilgrim,pilgrim
balladeers,balladeers
Liz's,Liz's
Brewster,Brewster
transference's,transference's
Nampa's,Nampa's
Oersted,Oersted
bowel's,bowel's
Oscar,Oscar
chutzpa,chutzpa
correlate,correlate
interpretive,interpretive
capably,capably
Wesak's,Wesak's
acetic,acetic
incites,incites
impugned,impugned
tenderfoot's,tenderfoot's
practiced,practiced
myrrh's,myrrh's
reconnoitered,reconnoitered
hypothermia,hypothermia
riposting,riposting
brashest,brashest
condemnation,condemnation
profs,profs
leveling,leveling
Apache,Apache
agonizing,agonizing
sobering,sobering
demonstrating,demonstrating
Khan's,Khan's
borrowers,borrowers
hairlines,hairlines
lagniappe's,lagniappe's
draftsman's,draftsman's
Lissajous's,Lissajous's
cinches,cinches
magnesia,magnesia
ballplayers,ballplayers
respire,respire
retrofit's,retrofit's
Messerschmidt's,Messerschmidt's
Angolan,Angolan
medic,medic
heart's,heart's
signatories,signatories
Cruikshank's,Cruikshank's
purges,purges
somersaults,somersaults
monastic's,monastic's
oligarchic,oligarchic
ushers,ushers
centralize,centralize
downward,downward
ladder's,ladder's
Ephesian,Ephesian
fetid,fetid
orchard's,orchard's
reelect,reelect
consolidates,consolidates
broiler,broiler
Theseus's,Theseus's
engulfing,engulfing
transshipped,transshipped
distaffs,distaffs
compositor,compositor
outstrips,outstrips
prolixity,prolixity
acquirement's,acquirement's
Evangeline's,Evangeline's
orangutang,orangutang
appreciating,appreciating
rowdiest,rowdiest
Kyrgyzstan,Kyrgyzstan
snailed,snailed
CT's,CT's
Claudine,Claudine
till's,till's
imperceptibly,imperceptibly
floatations,floatations
Andromache,Andromache
Advil,Advil
endings,endings
groupers,groupers
sermonizes,sermonizes
imposture,imposture
gigs,gigs
swills,swills
La's,La's
transcription's,transcription's
blitzes,blitzes
UT's,UT's
cuisines,cuisines
consignment,consignment
Amerasian,Amerasian
Galsworthy,Galsworthy
coverings,coverings
ovations,ovations
sportswear,sportswear
vigil's,vigil's
gryphons,gryphons
AI,AI
shtik's,shtik's
kluges,kluges
kale's,kale's
Palomar,Palomar
tapioca's,tapioca's
unhurt,unhurt
migrate,migrate
occidental's,occidental's
enervation,enervation
trailer's,trailer's
obtuse,obtuse
Kennewick,Kennewick
besieger,besieger
cloyed,cloyed
lairs,lairs
wielding,wielding
sheathing,sheathing
listened,listened
tugs,tugs
kneeing,kneeing
damasked,damasked
Comte's,Comte's
bawdiness,bawdiness
litter,litter
rapturous,rapturous
simper's,simper's
kippered,kippered
Crosby,Crosby
unhappiness,unhappiness
glissando's,glissando's
O'Connor's,O'Connor's
oats's,oats's
cackle,cackle
Cook,Cook
impressionistic,impressionistic
yip's,yip's
auditions,auditions
plateaued,plateaued
lawless,lawless
Leanna,Leanna
league's,league's
detains,detains
gumdrop,gumdrop
ensconce,ensconce
mullions,mullions
wreaking,wreaking
job,job
Randi,Randi
regularity,regularity
middleman,middleman
Galvani's,Galvani's
hanging's,hanging's
Terry,Terry
wormier,wormier
adolescent's,adolescent's
condolence,condolence
humanest,humanest
motile,motile
renaming,renaming
syllabication's,syllabication's
snuffboxes,snuffboxes
allows,allows
Rubbermaid's,Rubbermaid's
ingratiatingly,ingratiatingly
roofing's,roofing's
firmness's,firmness's
interpose,interpose
unimpaired,unimpaired
Parkersburg,Parkersburg
goggle's,goggle's
dispatcher's,dispatcher's
tolling,tolling
parrakeet's,parrakeet's
pebbled,pebbled
basely,basely
coddled,coddled
exhale,exhale
Proterozoic's,Proterozoic's
commandment,commandment
saxophone's,saxophone's
Ball's,Ball's
slaughtering,slaughtering
Villon,Villon
administrator,administrator
Callie,Callie
moguls,moguls
conquistadors,conquistadors
wheeling,wheeling
crufty,crufty
mizzen's,mizzen's
mizzenmast,mizzenmast
ravaging,ravaging
propositions,propositions
payments,payments
supposition,supposition
aristocracy's,aristocracy's
sidle,sidle
VD's,VD's
mischievousness's,mischievousness's
Annapurna,Annapurna
turbines,turbines
sugarcane,sugarcane
cribbed,cribbed
stealthily,stealthily
Aruba's,Aruba's
oscillator,oscillator
Winfred,Winfred
Canaletto's,Canaletto's
bosun,bosun
background,background
bullshit,bullshit
barrack,barrack
endlessly,endlessly
mailing's,mailing's
schist,schist
Louie,Louie
machinists,machinists
Isherwood's,Isherwood's
land's,land's
noiseless,noiseless
purse's,purse's
theorizes,theorizes
backward,backward
tweediest,tweediest
pediatrists,pediatrists
sexism,sexism
mincing,mincing
originated,originated
drollest,drollest
polishes,polishes
cabinetmakers,cabinetmakers
Heisman,Heisman
gofers,gofers
letdown's,letdown's
Lelia,Lelia
locoweed's,locoweed's
rareness,rareness
hydraulic,hydraulic
preregisters,preregisters
gnaw,gnaw
ablatives,ablatives
strafing,strafing
predeceasing,predeceasing
bowlder,bowlder
unhorsing,unhorsing
spaceflight,spaceflight
Haas's,Haas's
congestive,congestive
fluorite's,fluorite's
lopped,lopped
motorboat's,motorboat's
revamp's,revamp's
TeX,TeX
outranks,outranks
hyperlinks,hyperlinks
hemorrhaged,hemorrhaged
Edmond's,Edmond's
captivate,captivate
removal,removal
Hubbard,Hubbard
baddest,baddest
slut's,slut's
Watusi,Watusi
choosey,choosey
northeastward,northeastward
cabs,cabs
Slurpee,Slurpee
enlightenment's,enlightenment's
Thebes's,Thebes's
plough's,plough's
durability,durability
parser,parser
privy's,privy's
Bird,Bird
creamery's,creamery's
pestling,pestling
conspicuously,conspicuously
bison's,bison's
hysterically,hysterically
jammed,jammed
xxiii,xxiii
decisiveness's,decisiveness's
herbage,herbage
prodigals,prodigals
Shevardnadze,Shevardnadze
restiveness's,restiveness's
windowsills,windowsills
triglycerides,triglycerides
heeding,heeding
Ida,Ida
concussions,concussions
liquifying,liquifying
pederast's,pederast's
multiplex's,multiplex's
superficiality,superficiality
viva,viva
Jefferson's,Jefferson's
auspiciousness's,auspiciousness's
calumniates,calumniates
perming,perming
toiletry's,toiletry's
copses,copses
pronounced,pronounced
musing's,musing's
neck's,neck's
chortle's,chortle's
Tempe,Tempe
Ferguson's,Ferguson's
spelunkers,spelunkers
tautology,tautology
tonsil's,tonsil's
monotonous,monotonous
inscrutably,inscrutably
vigilante's,vigilante's
strove,strove
Bellow's,Bellow's
speared,speared
adorably,adorably
receptionist,receptionist
extrapolated,extrapolated
Safeway's,Safeway's
depths,depths
runaways,runaways
gentian,gentian
Alejandra's,Alejandra's
detect,detect
cataloger's,cataloger's
Cecil's,Cecil's
bos'ns,bos'ns
timbre's,timbre's
surmounted,surmounted
scintillate,scintillate
psych's,psych's
Bergman,Bergman
besieged,besieged
lithographing,lithographing
revolutionary's,revolutionary's
thrives,thrives
positing,positing
refinement,refinement
Cu,Cu
bombardment,bombardment
incognitos,incognitos
toolkit,toolkit
billeting,billeting
teensy,teensy
crayon's,crayon's
upsetting,upsetting
petroleum's,petroleum's
facility,facility
incubators,incubators
samples,samples
propertied,propertied
windbreakers,windbreakers
cameo,cameo
druggists,druggists
shantytowns,shantytowns
maharajah,maharajah
whopper's,whopper's
retrenchment,retrenchment
chisellers,chisellers
ballroom's,ballroom's
toadstool,toadstool
est,est
cavern's,cavern's
dogmatism's,dogmatism's
Essex's,Essex's
questioned,questioned
outflanks,outflanks
wonder's,wonder's
Bandung,Bandung
sidesaddles,sidesaddles
outgrown,outgrown
Franciscan,Franciscan
playground,playground
sorbet,sorbet
ointment,ointment
sentence's,sentence's
unbecoming,unbecoming
dimwitted,dimwitted
solitaires,solitaires
conference's,conference's
Agassiz,Agassiz
obscurest,obscurest
upsurged,upsurged
tablet's,tablet's
Andaman,Andaman
timezone,timezone
footed,footed
almond,almond
Legree's,Legree's
viscountesses,viscountesses
Dyer's,Dyer's
genius's,genius's
enchilada,enchilada
scuffs,scuffs
disinclination's,disinclination's
impostor,impostor
climes,climes
magistrate,magistrate
modal,modal
charting,charting
directors,directors
forbearance,forbearance
leftwards,leftwards
ineffectiveness,ineffectiveness
Mongolian's,Mongolian's
Catawba,Catawba
gunny,gunny
scriptwriter,scriptwriter
husbanding,husbanding
pimpernels,pimpernels
key's,key's
anticlimax's,anticlimax's
campaniles,campaniles
aperture's,aperture's
thrust,thrust
sloths,sloths
birdieing,birdieing
Poincaré's,Poincaré's
issuance's,issuance's
Hickman's,Hickman's
quarterfinal,quarterfinal
Dakar,Dakar
prerogative's,prerogative's
antimony's,antimony's
Esmeralda's,Esmeralda's
assumption's,assumption's
Jacuzzi,Jacuzzi
fluorescence,fluorescence
dinkier,dinkier
Shepard,Shepard
eulogizing,eulogizing
healthily,healthily
Chartres's,Chartres's
inspecting,inspecting
bellboy,bellboy
phrasings,phrasings
parliamentarian's,parliamentarian's
bedsides,bedsides
Valéry,Valéry
inhere,inhere
glibber,glibber
sangfroid,sangfroid
Moravian's,Moravian's
Perm,Perm
washboard's,washboard's
colleague,colleague
agglomerations,agglomerations
flickers,flickers
leftists,leftists
parrakeets,parrakeets
competitiveness,competitiveness
Jonson,Jonson
potency's,potency's
conformity's,conformity's
costar,costar
resultants,resultants
allergen,allergen
Katmandu,Katmandu
repast's,repast's
eminently,eminently
petunias,petunias
proceeds,proceeds
Trappist's,Trappist's
tearful,tearful
persistent,persistent
flambé's,flambé's
prefabricates,prefabricates
parenthesis's,parenthesis's
Urumqi,Urumqi
stiflings,stiflings
abattoirs,abattoirs
exempted,exempted
cohesiveness,cohesiveness
circadian,circadian
slickness,slickness
Beebe,Beebe
assurance,assurance
copy's,copy's
beatific,beatific
gainfully,gainfully
upholsterer,upholsterer
superbly,superbly
Tokugawa's,Tokugawa's
Chiantis,Chiantis
hinds,hinds
Kong,Kong
spamming,spamming
fretting,fretting
Alkaid,Alkaid
Armagnac's,Armagnac's
Hosea,Hosea
McDowell,McDowell
ossify,ossify
stature,stature
seabeds,seabeds
wriggling,wriggling
revivification,revivification
stripteases,stripteases
anxieties,anxieties
Ouija,Ouija
Icelanders,Icelanders
azalea,azalea
northwestern,northwestern
dissatisfied,dissatisfied
involvement's,involvement's
pitifully,pitifully
consorted,consorted
Aussies,Aussies
grader's,grader's
miring,miring
disrespectful,disrespectful
armpit,armpit
Lamar,Lamar
comfortingly,comfortingly
beatification,beatification
cattily,cattily
crater,crater
fanning,fanning
clematis,clematis
luminescence's,luminescence's
Ujungpandang,Ujungpandang
Jaycees's,Jaycees's
adulterer's,adulterer's
Calexico,Calexico
falser,falser
resolver,resolver
Allstate,Allstate
malignantly,malignantly
importantly,importantly
rarely,rarely
subjugated,subjugated
Weyden's,Weyden's
spirited,spirited
indignantly,indignantly
schoolteacher,schoolteacher
Crest's,Crest's
postulate,postulate
jazzy,jazzy
clothesline,clothesline
nonchalantly,nonchalantly
torpedoing,torpedoing
batsman,batsman
surceases,surceases
flapjack,flapjack
MySQL's,MySQL's
partisan,partisan
Tate's,Tate's
Lodge's,Lodge's
slime,slime
fating,fating
recombined,recombined
unicycle's,unicycle's
cartwheeling,cartwheeling
colonists,colonists
plumbings,plumbings
Mediterranean,Mediterranean
continuously,continuously
restudied,restudied
Fergus,Fergus
beaned,beaned
gobbling,gobbling
tasks,tasks
leatherneck's,leatherneck's
spectrum's,spectrum's
healing,healing
brakeman's,brakeman's
vacationer,vacationer
reassembled,reassembled
tornados,tornados
earldom,earldom
Fichte's,Fichte's
postulate's,postulate's
saucy,saucy
exotic's,exotic's
language's,language's
Maupassant,Maupassant
sophomoric,sophomoric
entrusted,entrusted
ayes,ayes
hoc,hoc
outrider,outrider
yardage's,yardage's
choosy,choosy
stargazers,stargazers
contests,contests
bunion,bunion
downhill,downhill
flaying,flaying
recognizes,recognizes
geranium's,geranium's
underwritten,underwritten
casserole,casserole
shepherdess,shepherdess
vast's,vast's
grunge,grunge
Beloit,Beloit
thousandth,thousandth
conjunctive's,conjunctive's
trade's,trade's
snatches,snatches
abacuses,abacuses
Kitchener,Kitchener
freeway's,freeway's
objectors,objectors
overspill,overspill
hamstringing,hamstringing
anoint,anoint
joyously,joyously
reeds,reeds
wisecrack,wisecrack
surfing's,surfing's
yack's,yack's
senna,senna
hugged,hugged
hardy,hardy
viticulture's,viticulture's
trainers,trainers
tiling's,tiling's
firehouse's,firehouse's
Sirius,Sirius
Selena,Selena
satchels,satchels
miscalculate,miscalculate
barely,barely
Ana's,Ana's
eddies,eddies
civilians,civilians
toner,toner
overpower,overpower
sacristan's,sacristan's
erotic,erotic
seethe,seethe
disparages,disparages
vagina's,vagina's
telegrapher,telegrapher
stews,stews
tardy,tardy
Olen,Olen
wildflowers,wildflowers
advocate's,advocate's
bandolier's,bandolier's
trolling,trolling
distracts,distracts
inextricable,inextricable
Yamaha,Yamaha
coolers,coolers
beverage's,beverage's
straightaways,straightaways
nanoseconds,nanoseconds
maturity,maturity
matrimony,matrimony
scrofula's,scrofula's
booth's,booth's
defaced,defaced
objection's,objection's
fratricides,fratricides
evergreens,evergreens
Indira's,Indira's
bassoon,bassoon
solarium's,solarium's
evaded,evaded
Greensleeves's,Greensleeves's
classrooms,classrooms
buttercup,buttercup
lobotomy,lobotomy
architecture,architecture
tollbooth,tollbooth
aphasia,aphasia
slimmed,slimmed
flab's,flab's
delectation's,delectation's
coachman,coachman
Will's,Will's
intransitively,intransitively
reform,reform
announcer's,announcer's
