Asian,Asien
Greeks,Greecs
Irishman,Iresman
Irishman,Ireishman
Scot,Scott
Scot,Scoth
Scot,Scott
about,abut
about,aboUt
about,abot
about,abowt
accept,acept
accept,ACcept
accept,except
accept,axcept
advance,aDvance
advance,addvance
advantageous,advantagous
advantageous,advantageos
aim,aIm
aim,aim%
aim,ame
ambiguous,ambigious
ammonia,amonia
ammunition,aMMunition
ammunition,amunition
ascertain,acertain
ascertain,assertain
assignments,assigmments
assured,aSSUREd
assured,asured
available,avaliable
available,avaible
available,availble
available,avAIlable
available,availAble
available,avalable
available,avaiable
available,aviable
available,avilable
available,avaelable
available,awailable
backbone,back-bone
baking,bak%ing
baking,bakeing
balcony,balcon
balcony,balkony
basketball,baskETball
basketball,baskball
basketball,baskitball
become,becom
become,becomE
become,becom
become,bacome
below,bElow
below,beloW
below,blow
below,belowe
bite,bitE
bite,bit
braid,brAId
braid,braidE
braid,brade
braid,brad
brand,brAnd
brand,branD
brand,brend
brand,bran
bundle,bUndle
bundle,bundLE
bundle,bundel
bundle,boundle
camera,camara
candidate,canDIDate
candidate,canidate
candidate,candiate
candidate,canditate
candidate,candidat
care,cARE
care,car
care,cear
changed,chanGed
changed,chaned
charging,charcing
commanded,commaunded
compendium,conpendium
complimentary,complementary
concert,conCert
concert,consert
conductor,conductOr
conductor,conducter
confess,confeSS
confess,confess%
constitution,consTITution
constitution,constition
constitution,consitution
constitution,constitusion
cottage,gottage
cottage,cuttage
cottage,coTTage
cottage,cotage
cottage,cottege
cotton,cottOn
cotton,cotten
cradle,craDle
cradle,cradLE
cradle,craddle
cradle,cradel
crumbs,crames
deliberately,deliberatly
dependant,dependent
dependence,dependance
develop,devellope
develop,develope
develop,develop%
develop,develope
develop,deveoop
develop,develope
diphtheria,diptheria
disapproves,disapprovs
discipline,discpline
discipline,disiplin
discipline,diciplin
discipline,dicipline
discipline,disipline
discovered,descovered
discovered,discoverd
discovered,discoverEd
discovered,discoverd
don't,dON'T
don't,donte
don't,dount
drunkenness,drunkeness
during,durin
during,dURing
escape,Escape
escape,eSCape
escape,ascape
escape,excape
evidently,evIdently
evidently,evedently
exactly,exsactly
exactly,Exactly
exactly,exACtly
exactly,excatly
exactly,excactly
exactly,exactely
experience,experiance
experience,experance
experience,experiance
experience,experIEnce
experience,experiance
experience,experence
exquisite,exquiset
exquisite,exqusite
exquisite,exqUIsite
exquisite,exquisITE
exquisite,exquist
fashion,fashIOn
fashion,fashon
fashion,fassion
feel,fEEl
feel,feeL
feel,fell
feel,feal
fertile,fertILE
fertile,fertal
fertile,fertil
figures,figuars
figures,figURES
figures,figurs
firm,fIrm
firm,firM
firm,ferm
firm,fern
five,fiVE
five,fiv
freezing,freesing
frightened,friGHTENED
frightened,frightend
gap,gab
gather,gAther
gather,garther
gather,gether
grow,grove
grow,gROw
grow,gow
grow,gro
guttural,gutteral
heart,hEArt
heart,hart
hemorrhage,hemorrage
hire,hIRE
hire,higher
ideally,idealy
impedance,impedence
increase,incerease
increase,incrEAse
increase,increaSE
increase,incress
indefinite,indefinate
infertile,infurtile
inquire,inquiRE
inquire,inquir
inquiry,inqUIry
inquiry,inquir%y
inquiry,inquirey
insect,inSect
insect,inseCt
kapok,kapock
keeping,kEEping
keeping,kepping
kimono,kimona
leave,live
leave,lEAve
leave,leaVE
leave,leve
leave,lieve
lilies,liLIEs
lilies,lillies
lilies,lilys
lodestone,loadstone
lost,lOSt
mark,maRK
member,meMber
member,menber
mend,mEND
mirror,mirrow
mirror,mirrOR
mirror,mirrow
nephew,nePHEW
nephew,nefue
noise,noice
noise,noice
noise,noice
noise,nose
noise,nose
noise,nOIse
noise,nose
noise,noice
obtained,OBtained
obtained,obtAIned
odor,odOr
odor,oder
ought,OUght
ought,ouGHt
ought,out
oyster,oYster
oyster,oster
oyster,oister
peasant,peasent
pictures,piCTures
pictures,picturEs
pictures,picturs
pig,pIg
pig,pag
pigeon,pigEOn
pigeon,pigen
plain,plane
plain,plAIn
plain,plain%
plain,plane
plain,plan
possibly,possibLY
possibly,possible
potatoes,phototes
potatoes,potiotes
potatoes,potates
potatoes,potateos
potatoes,peotetoes
potatoes,potetoes
potatoes,pothetous
potatoes,pOtatoes
potatoes,potatOEs
potatoes,potatos
praise,prays
praise,prAIse
praise,praiSE
praise,prais
preparation,preperation
preparation,prepAration
preparation,preperation
presuming,preuming
primarily,pimarily
primarily,primarely
primarily,primarly
propose,pROpose
propose,perpose
propose,proppose
realize,rEAlize
realize,relize
reasons,rEAsons
reasons,resons
recipient,resipient
remember,remmeber
remember,remebre
remember,remembre
remember,remEMber
remember,rember
repel,repell
report,repORt
roast,rOAst
roast,rost
rolling,roLLing
rolling,roling
rug,rUg
rug,rog
rug,rag
ruler,rUler
ruler,roler
ruler,rooler
ruler,rurler
scale,sCAle
scale,skale
schemes,scemes
scrap,sCRap
scrap,scarp
scrap,skrap
scrupulous,scrupullous
shoulders,sholders
silliness,sillyness
similar,similiar
similar,similAr
similar,similiar
similar,simililar
singing,sinGing
singing,sining
singing,singinging
slip,slIp
slip,slep
south,sOUth
south,soth
south,sorth
sovereign,souvereign
spare,spAre
spare,sparE
spare,spear
spare,spear
spares,spears
straightforward,straight_forward
stupid,stupId
stupid,stuped
substructures,subsructures
success,sucess
success,suCCess
success,sucess
success,succes
success,succes
success,sucess
suggests,sugests
surrounded,surounded
surrounded,suRRounded
surrounded,surrOUnded
surrounded,surounded
surrounded,surronded
surroundings,sourroundings
surroundings,seroundings
surroundings,suroundings
suspect,sUspect
telegraph,telEgraph
telegraph,telagraph
theses,thses
thorough,thourough
thorough,thORough
thorough,through
thorough,thourough
tiger,tIger
tiger,tigEr
tiger,tigar
tight,tiGHT
tight,tight%
tight,tite
tight,thigh
tight,thight
tomatoes,tomatOEs
tomatoes,tomatos
truculent,trucculent
unable,Unable
unable,unabLE
unable,onable
unable,unabel
unnecessarily,unessasarily
upon,Upon
upon,opon
upon,apon
vegetables,vagetabels
vegetables,vegestables
vegetables,vegitables
vegetables,vegtebels
vegetables,vegatables
widely,widly
won,won%
won,one
won,wone
wondering,wondERing
wondering,wondring
worldwide,worlwide
you'll,you'LL
you'll,you'l
Tokugawa,Tokugawa
nincompoop's,nincompoop's
addle,addle
yachtsman,yachtsman
paleontologist's,paleontologist's
Gargantua's,Gargantua's
impresario's,impresario's
milquetoast's,milquetoast's
kismet,kismet
nuanced,nuanced
nutrition,nutrition
Harvey,Harvey
cockney,cockney
brainchild,brainchild
tinkers,tinkers
fashionable,fashionable
tramped,tramped
sidestep's,sidestep's
filtrable,filtrable
smartened,smartened
Gabon's,Gabon's
olfactory's,olfactory's
Xuzhou,Xuzhou
Thant's,Thant's
bashfulness,bashfulness
Rwandan,Rwandan
angina,angina
drainpipe's,drainpipe's
anaesthetize,anaesthetize
disengaged,disengaged
moire's,moire's
lint's,lint's
offense,offense
horseshoeing,horseshoeing
desiccation,desiccation
deification's,deification's
besot,besot
Cyrano's,Cyrano's
oversee,oversee
vanguard's,vanguard's
annoyingly,annoyingly
thoraces,thoraces
baroness,baroness
athlete's,athlete's
salients,salients
Ronnie's,Ronnie's
bagatelles,bagatelles
Nineveh,Nineveh
abrasively,abrasively
chants,chants
cameramen,cameramen
haycock,haycock
sabotage's,sabotage's
Carlton's,Carlton's
unhinging,unhinging
helot's,helot's
Np,Np
braggart's,braggart's
mumbled,mumbled
alkaloid,alkaloid
linted,linted
Neo,Neo
cables,cables
barnyard,barnyard
homecomings,homecomings
hemline,hemline
vow's,vow's
thoracic,thoracic
Downy,Downy
diversifying,diversifying
alabaster's,alabaster's
inexorably,inexorably
stashed,stashed
airdropping,airdropping
Mayra's,Mayra's
fore,fore
yowled,yowled
hopeless,hopeless
fumigators,fumigators
deice,deice
cutters,cutters
scorches,scorches
yearns,yearns
subscribe,subscribe
alumna,alumna
obsidian,obsidian
Mandy,Mandy
Jermaine,Jermaine
idiomatically,idiomatically
Godot's,Godot's
Bonner's,Bonner's
ululating,ululating
mollifies,mollifies
crackdown,crackdown
councilmen,councilmen
gantry's,gantry's
sophistication's,sophistication's
Mamet,Mamet
barista,barista
tripling,tripling
h'm,h'm
funky,funky
z,z
shuffler,shuffler
TelePrompter's,TelePrompter's
slobber,slobber
Layla,Layla
mommies,mommies
befogged,befogged
Horus,Horus
discus,discus
otter,otter
fleecing,fleecing
verdant,verdant
proscribes,proscribes
fantasying,fantasying
Kannada's,Kannada's
reoccurs,reoccurs
Thule,Thule
Unix,Unix
maimed,maimed
clop,clop
Leticia's,Leticia's
moveables,moveables
fatal,fatal
minded,minded
Marjorie,Marjorie
haloing,haloing
woe's,woe's
functioned,functioned
NeWS,NeWS
glamorizing,glamorizing
tetrahedron,tetrahedron
Terra,Terra
disclosure,disclosure
Kuibyshev,Kuibyshev
sexpot,sexpot
reloads,reloads
callowest,callowest
ironwork,ironwork
upraising,upraising
rightful,rightful
refrain's,refrain's
preview,preview
coves,coves
cabbie's,cabbie's
Zukor,Zukor
woodsmen,woodsmen
photograph's,photograph's
wonderment,wonderment
heptagon's,heptagon's
macrologies,macrologies
Grosz,Grosz
stoical,stoical
Sweeney,Sweeney
palpitate,palpitate
Mellon,Mellon
Jehovah,Jehovah
personality's,personality's
dressers,dressers
airdrop's,airdrop's
inconstancy,inconstancy
caravan's,caravan's
agitates,agitates
TNT,TNT
anaemia's,anaemia's
extincting,extincting
Demeter,Demeter
deputing,deputing
ambitiousness's,ambitiousness's
songwriter's,songwriter's
Riyadh's,Riyadh's
mother's,mother's
glances,glances
wizard,wizard
Babbage's,Babbage's
hurls,hurls
Cardozo,Cardozo
Shijiazhuang,Shijiazhuang
clergy's,clergy's
Iscariot's,Iscariot's
encore,encore
sumptuous,sumptuous
diddling,diddling
sufferance's,sufferance's
creativeness,creativeness
inclosed,inclosed
slenderness's,slenderness's
breads,breads
curriculum's,curriculum's
Mullikan,Mullikan
crutch,crutch
ensure,ensure
floodlight,floodlight
liquidated,liquidated
Ophiuchus,Ophiuchus
Delgado's,Delgado's
Icarus's,Icarus's
Ignacio's,Ignacio's
necklace's,necklace's
camouflages,camouflages
TKO's,TKO's
Billings,Billings
weathercock's,weathercock's
interchange,interchange
purge,purge
Case,Case
Roget,Roget
undervalued,undervalued
Bialystok,Bialystok
gearbox,gearbox
spider's,spider's
dactyls,dactyls
tequilas,tequilas
hoods,hoods
addicted,addicted
Assamese's,Assamese's
gymnosperm,gymnosperm
preregistering,preregistering
inferential,inferential
Kendra's,Kendra's
pretty's,pretty's
Treasury's,Treasury's
Matterhorn,Matterhorn
overcrowding,overcrowding
ventral,ventral
fortifies,fortifies
Condillac's,Condillac's
illegality's,illegality's
sentimentalist,sentimentalist
meshed,meshed
ranks,ranks
jackknives,jackknives
reclassifying,reclassifying
Jacobi's,Jacobi's
leavening's,leavening's
firearms,firearms
roseate,roseate
defile,defile
schoolmasters,schoolmasters
dusts,dusts
pioneered,pioneered
moderation's,moderation's
penury's,penury's
warble's,warble's
deodorize,deodorize
cauliflower's,cauliflower's
Gates,Gates
Durex's,Durex's
cerebral,cerebral
Manchu's,Manchu's
desperadoes,desperadoes
skiff,skiff
behinds,behinds
agitate,agitate
Provence,Provence
unsnap,unsnap
camping's,camping's
kowtowing,kowtowing
orchid's,orchid's
allots,allots
proselytize,proselytize
beak,beak
Jeannie,Jeannie
meetinghouses,meetinghouses
overture,overture
pincushions,pincushions
datives,datives
sinus,sinus
amphetamine,amphetamine
fiddled,fiddled
blonds,blonds
demurring,demurring
abatement,abatement
portability's,portability's
intermarriage's,intermarriage's
emaciates,emaciates
diffusely,diffusely
daydreamer,daydreamer
Piccadilly's,Piccadilly's
familiarly,familiarly
partway,partway
pulpy,pulpy
Quixotism's,Quixotism's
politicize,politicize
colonnade,colonnade
Wednesdays,Wednesdays
empowers,empowers
Semitic,Semitic
warthog,warthog
complication,complication
village's,village's
interstice,interstice
pejorative,pejorative
bulimia,bulimia
trudge's,trudge's
evaporates,evaporates
torch's,torch's
Abraham's,Abraham's
entrenchments,entrenchments
enrichment,enrichment
pigmy,pigmy
impassivity's,impassivity's
recourse's,recourse's
deadbeat's,deadbeat's
canoeing,canoeing
sermonize,sermonize
daiquiri's,daiquiri's
lunar,lunar
accountant's,accountant's
courtier's,courtier's
Volga's,Volga's
robocalls,robocalls
Golding,Golding
pileups,pileups
Marquette,Marquette
familiarizes,familiarizes
sniff's,sniff's
poacher's,poacher's
Caruso,Caruso
Paula,Paula
accompanies,accompanies
Susana,Susana
minicomputer's,minicomputer's
demanded,demanded
retirements,retirements
motherliness's,motherliness's
facial's,facial's
opining,opining
apportioned,apportioned
indifference,indifference
pedaled,pedaled
gamesmanship's,gamesmanship's
Leviathan,Leviathan
supplicated,supplicated
husked,husked
conflagration's,conflagration's
urgent,urgent
Tom,Tom
Annam,Annam
defect's,defect's
gutless,gutless
decrepitude,decrepitude
myopic,myopic
Benito,Benito
mohair,mohair
photo,photo
Baum's,Baum's
terrier,terrier
bedrocks,bedrocks
yanks,yanks
Artaxerxes's,Artaxerxes's
erects,erects
worthless,worthless
lynch,lynch
fangs,fangs
slattern's,slattern's
nectarine,nectarine
spurted,spurted
Donatello's,Donatello's
outspokenly,outspokenly
pithier,pithier
hotly,hotly
blanketed,blanketed
revolutionist's,revolutionist's
yous,yous
improvidently,improvidently
emigrant,emigrant
escapist,escapist
bravest,bravest
Tertiary's,Tertiary's
featherbedding,featherbedding
tactical,tactical
firepower's,firepower's
drywall's,drywall's
shrewdly,shrewdly
conjunctive,conjunctive
Theodosius's,Theodosius's
Lydia's,Lydia's
brimful,brimful
canoes,canoes
Galatea,Galatea
felicity,felicity
lordship,lordship
wreathes,wreathes
musings,musings
chigger's,chigger's
clumsiest,clumsiest
merman's,merman's
Bloomington's,Bloomington's
banditry's,banditry's
dissonance's,dissonance's
disc,disc
fudge's,fudge's
darn,darn
scoop,scoop
Noyce,Noyce
loafing,loafing
brasher,brasher
voodooed,voodooed
bossier,bossier
paydays,paydays
respells,respells
misplaying,misplaying
FICA's,FICA's
FHA's,FHA's
bandaged,bandaged
plenaries,plenaries
chatter,chatter
Airedales,Airedales
absurder,absurder
captivity,captivity
arachnid,arachnid
splotches,splotches
radar's,radar's
backfire,backfire
Gretel's,Gretel's
Karo,Karo
Judith's,Judith's
islet's,islet's
bedridden,bedridden
abusiveness's,abusiveness's
wildfowl,wildfowl
Boreas,Boreas
greeting,greeting
rents,rents
leastwise,leastwise
Ericka's,Ericka's
Tubman,Tubman
sportscaster's,sportscaster's
palmist's,palmist's
bluenose,bluenose
blackmailing,blackmailing
mustiest,mustiest
unpainted,unpainted
monocotyledon's,monocotyledon's
clement,clement
vagary's,vagary's
greeting's,greeting's
pleasantness,pleasantness
clews,clews
tack's,tack's
Patna,Patna
newspaperwoman's,newspaperwoman's
skis,skis
shrouding,shrouding
elbowed,elbowed
durable,durable
unmemorable,unmemorable
Macbeth's,Macbeth's
Shevat,Shevat
Esteban,Esteban
Ming's,Ming's
Hofstadter,Hofstadter
Skylab,Skylab
Bostonian,Bostonian
exploitation's,exploitation's
glamorize,glamorize
weepiest,weepiest
rearmed,rearmed
éclat,éclat
benumbed,benumbed
Jerome,Jerome
impersonally,impersonally
Gaziantep,Gaziantep
detonate,detonate
Malone's,Malone's
tagging,tagging
cockleshell,cockleshell
recycled,recycled
whiner,whiner
eldercare's,eldercare's
leaders,leaders
diverted,diverted
genealogies,genealogies
Aladdin,Aladdin
jotted,jotted
Zane's,Zane's
celesta,celesta
peculiarity,peculiarity
motherless,motherless
Oklahoma's,Oklahoma's
Darryl,Darryl
imperfectly,imperfectly
Sakhalin,Sakhalin
commended,commended
Antigua's,Antigua's
impersonates,impersonates
countably,countably
dinosaur,dinosaur
snuggles,snuggles
capitalization's,capitalization's
backbreaking,backbreaking
ragout,ragout
inane,inane
horoscope's,horoscope's
vindicator,vindicator
dickey's,dickey's
Batista's,Batista's
mummery's,mummery's
timelines,timelines
Indy's,Indy's
oodles,oodles
sylphs,sylphs
tricolors,tricolors
mullahs,mullahs
Denton,Denton
Ruby,Ruby
looneys,looneys
swopped,swopped
admiral's,admiral's
snuffbox's,snuffbox's
nondenominational,nondenominational
diviner's,diviner's
grannie,grannie
flush's,flush's
petrolatum,petrolatum
cooties,cooties
homage,homage
defensiveness's,defensiveness's
Nescafe's,Nescafe's
Samson,Samson
Superglue,Superglue
garnishes,garnishes
inorganic,inorganic
untruest,untruest
foresworn,foresworn
better's,better's
Ebony,Ebony
verier,verier
unflagging,unflagging
Clarendon,Clarendon
goggled,goggled
albino's,albino's
trailers,trailers
humidifying,humidifying
quips,quips
Kellogg's,Kellogg's
Kohl's,Kohl's
comptrollers,comptrollers
boxing's,boxing's
oaf,oaf
sonar,sonar
mascaraed,mascaraed
ramblers,ramblers
remarrying,remarrying
Moloch,Moloch
cooperative's,cooperative's
vantages,vantages
sextet's,sextet's
armed,armed
abyss,abyss
reawaken,reawaken
truckling,truckling
reasoned,reasoned
earthed,earthed
Seljuk's,Seljuk's
loganberries,loganberries
Benjamin's,Benjamin's
isobar's,isobar's
Oriya,Oriya
Jeanie,Jeanie
Kentuckian,Kentuckian
eutectic,eutectic
Alamo,Alamo
concreted,concreted
Rodin's,Rodin's
foreordained,foreordained
critiqued,critiqued
medullae,medullae
pitchforking,pitchforking
shafted,shafted
grabs,grabs
Rocco's,Rocco's
Poirot's,Poirot's
halting,halting
bad's,bad's
shire's,shire's
flanked,flanked
reassurance,reassurance
labyrinth,labyrinth
Mindoro,Mindoro
Tarkenton's,Tarkenton's
principalities,principalities
Vic,Vic
parallax's,parallax's
sequence's,sequence's
restudying,restudying
brouhaha,brouhaha
prepossesses,prepossesses
electorate's,electorate's
urban,urban
husband's,husband's
nu,nu
jackal,jackal
Maurice,Maurice
chancellor's,chancellor's
toddler,toddler
Hosea's,Hosea's
sentimental,sentimental
revenue's,revenue's
lodgings's,lodgings's
Thomson,Thomson
Shari'a,Shari'a
phonics's,phonics's
aristocrats,aristocrats
sod,sod
verticals,verticals
filthiest,filthiest
brassieres,brassieres
pilothouse,pilothouse
chad,chad
concertinaing,concertinaing
misstatements,misstatements
motivation's,motivation's
chuckle's,chuckle's
heavens,heavens
soulfully,soulfully
wintertime,wintertime
provably,provably
Danish's,Danish's
bear's,bear's
bootstrap's,bootstrap's
Humberto's,Humberto's
clambake's,clambake's
scallion's,scallion's
uncensored,uncensored
triceratopses,triceratopses
Desdemona,Desdemona
colonials,colonials
congruity's,congruity's
pimpliest,pimpliest
vampire's,vampire's
subsystems,subsystems
compendium's,compendium's
cradle's,cradle's
earthquake,earthquake
Mycenaean,Mycenaean
inscription,inscription
texture's,texture's
Dot,Dot
extramarital,extramarital
blat,blat
Zappa's,Zappa's
dredges,dredges
Balkan's,Balkan's
outnumber,outnumber
baritones,baritones
Amman,Amman
anglers,anglers
kidnaps,kidnaps
mortarboard's,mortarboard's
radiance,radiance
alchemists,alchemists
Pilgrim,Pilgrim
Dillard,Dillard
Socorro's,Socorro's
dowry,dowry
bolster's,bolster's
cowgirl,cowgirl
fingers,fingers
chorus's,chorus's
nitpickers,nitpickers
newsletter,newsletter
pilled,pilled
infamy's,infamy's
metabolisms,metabolisms
Luella's,Luella's
commercialized,commercialized
secy,secy
knitter,knitter
Englishman's,Englishman's
As's,As's
dissociates,dissociates
calorie,calorie
masterly,masterly
Ramsay,Ramsay
prosodies,prosodies
Nazareth's,Nazareth's
Ghana,Ghana
disposes,disposes
Osgood,Osgood
umbels,umbels
midsummer's,midsummer's
Aquinas,Aquinas
Moroccan's,Moroccan's
gladiolus's,gladiolus's
reflection's,reflection's
consumable's,consumable's
Marin's,Marin's
transplant's,transplant's
fiestas,fiestas
prepays,prepays
lxiv,lxiv
Goudas,Goudas
depletion,depletion
motherfuckers,motherfuckers
safeguarding,safeguarding
shudder's,shudder's
crossfires,crossfires
drowning,drowning
miscarriage,miscarriage
antibodies,antibodies
fuze's,fuze's
medicinally,medicinally
admonishments,admonishments
resupply,resupply
millet's,millet's
trots,trots
improvises,improvises
horsey,horsey
apprehensive,apprehensive
tambourine's,tambourine's
vocational,vocational
downswings,downswings
sentimentality's,sentimentality's
fogey,fogey
Barcelona,Barcelona
dues,dues
credo's,credo's
regurgitates,regurgitates
unfavorable,unfavorable
rustics,rustics
Freemason,Freemason
scenes,scenes
lotion's,lotion's
pronghorn,pronghorn
spheroid,spheroid
reschedule,reschedule
sequentially,sequentially
Major,Major
abominates,abominates
Arkansas,Arkansas
glamours,glamours
clothier's,clothier's
Kathleen's,Kathleen's
toothbrush's,toothbrush's
Timothy's,Timothy's
thermos's,thermos's
immolates,immolates
paramedic,paramedic
closeness,closeness
Victoria,Victoria
tempera's,tempera's
jar's,jar's
storehouse's,storehouse's
dioxin's,dioxin's
slobber's,slobber's
oversize,oversize
adobe's,adobe's
pump's,pump's
tipi,tipi
Seiko's,Seiko's
Fergus's,Fergus's
battles,battles
shapeliest,shapeliest
piggyback,piggyback
rower,rower
cruller's,cruller's
artefact's,artefact's
deviation,deviation
entombment,entombment
Alzheimer,Alzheimer
bullhorns,bullhorns
recanted,recanted
Faustus's,Faustus's
mozzarella's,mozzarella's
Criollo's,Criollo's
Catalonia's,Catalonia's
reconstructions,reconstructions
flimsily,flimsily
playboy,playboy
retakes,retakes
abhorrence's,abhorrence's
inwardly,inwardly
connector,connector
pumice,pumice
kidnap,kidnap
backs,backs
Cabot,Cabot
cad's,cad's
Ararat's,Ararat's
Orville's,Orville's
dashikis,dashikis
thirstily,thirstily
warlock,warlock
bridges,bridges
toasty,toasty
baptisteries,baptisteries
Macedon's,Macedon's
Croatian's,Croatian's
extrinsic,extrinsic
rune,rune
inhalator,inhalator
shortage's,shortage's
Ofelia,Ofelia
Cyrus,Cyrus
invoices,invoices
prays,prays
lambasts,lambasts
inexcusably,inexcusably
Emerson,Emerson
houmous,houmous
Nepali,Nepali
gazed,gazed
groin's,groin's
rhapsody's,rhapsody's
gristle's,gristle's
bureau's,bureau's
cauldron's,cauldron's
brigs,brigs
doddered,doddered
tailwinds,tailwinds
casualness,casualness
congested,congested
Monaco's,Monaco's
Guerra's,Guerra's
multitask,multitask
Toulouse's,Toulouse's
sticky's,sticky's
spatted,spatted
minefields,minefields
rowing,rowing
Hepburn's,Hepburn's
Sawyer,Sawyer
eclipsing,eclipsing
boggiest,boggiest
dosing,dosing
pitted,pitted
adopts,adopts
laundries,laundries
cures,cures
menacingly,menacingly
Martel,Martel
Lucknow,Lucknow
crispness,crispness
Fujiwara's,Fujiwara's
custom's,custom's
superannuating,superannuating
reticence,reticence
sensibly,sensibly
Holstein,Holstein
YWCA,YWCA
Beecher's,Beecher's
November's,November's
fillip's,fillip's
paperboys,paperboys
Berkshire,Berkshire
disallowed,disallowed
aspirin,aspirin
pedantry,pedantry
licentious,licentious
Jakarta,Jakarta
postmistress's,postmistress's
promenaded,promenaded
hove,hove
Advent's,Advent's
Fourneyron,Fourneyron
McMahon's,McMahon's
polysyllable,polysyllable
pistils,pistils
Ptolemy's,Ptolemy's
finale,finale
grimy,grimy
mercifully,mercifully
thudded,thudded
dogfish's,dogfish's
galaxies,galaxies
Piaget's,Piaget's
spore,spore
despaired,despaired
Galilee's,Galilee's
Serena,Serena
twill,twill
Cr,Cr
chimeras,chimeras
Apuleius,Apuleius
threshed,threshed
switching,switching
weariest,weariest
mosquito's,mosquito's
Surya's,Surya's
hurtled,hurtled
recounted,recounted
sandlots,sandlots
extrusion,extrusion
Debby,Debby
blonder,blonder
fluidity's,fluidity's
pistil's,pistil's
roofed,roofed
homier,homier
nylons,nylons
Delores,Delores
subbasement,subbasement
stinginess's,stinginess's
sixes,sixes
drunkenly,drunkenly
philosopher,philosopher
Laurent's,Laurent's
snip's,snip's
cod,cod
despairingly,despairingly
Jayne's,Jayne's
cumuli,cumuli
unmitigated,unmitigated
unalterably,unalterably
bathmat's,bathmat's
Kevin,Kevin
sitars,sitars
inclusions,inclusions
drizzling,drizzling
sputter,sputter
variegated,variegated
emblazons,emblazons
treacherously,treacherously
showered,showered
Indochina's,Indochina's
Brandie's,Brandie's
hygienists,hygienists
Otis's,Otis's
retweeted,retweeted
victimizes,victimizes
perjurers,perjurers
madras's,madras's
impended,impended
formation's,formation's
Nabisco's,Nabisco's
wises,wises
bungholes,bungholes
spraining,spraining
undercarriages,undercarriages
tameness's,tameness's
Onassis's,Onassis's
microfiche's,microfiche's
adamant's,adamant's
avenues,avenues
Jacobean's,Jacobean's
freebase's,freebase's
Honolulu's,Honolulu's
privies,privies
gauziest,gauziest
lowland,lowland
potholders,potholders
swordfish's,swordfish's
hue's,hue's
alum,alum
Bugatti,Bugatti
convent,convent
dactylic's,dactylic's
Khalid's,Khalid's
julep,julep
rationalist,rationalist
larders,larders
nodular,nodular
hemorrhoid's,hemorrhoid's
poll's,poll's
postmistresses,postmistresses
understating,understating
bestrode,bestrode
airplane's,airplane's
Narnia's,Narnia's
garnishing,garnishing
Houdini,Houdini
embitter,embitter
Zoroaster,Zoroaster
matriarch,matriarch
adherence,adherence
armholes,armholes
excruciatingly,excruciatingly
geometrically,geometrically
canonizing,canonizing
appareling,appareling
disconnection,disconnection
strutted,strutted
outcrop,outcrop
forum's,forum's
inflect,inflect
gustier,gustier
Laredo,Laredo
wrangler,wrangler
Jerrold,Jerrold
suicide,suicide
marinade,marinade
Kenyan's,Kenyan's
hyperbole,hyperbole
toggles,toggles
croon,croon
inundation's,inundation's
Advil's,Advil's
Nanking's,Nanking's
transmigrates,transmigrates
boomeranging,boomeranging
gourds,gourds
Hindenburg,Hindenburg
misjudgment's,misjudgment's
tenths,tenths
hallucinogenic,hallucinogenic
grandparent's,grandparent's
contravenes,contravenes
rigid,rigid
owed,owed
falsify,falsify
Stockton,Stockton
hither,hither
essayed,essayed
drawback,drawback
octave,octave
artificiality,artificiality
shutter,shutter
Juneau,Juneau
Weston's,Weston's
serviced,serviced
salesman's,salesman's
maintainer,maintainer
misstated,misstated
forbore,forbore
mainspring's,mainspring's
Whitefield,Whitefield
adapts,adapts
ubiquity,ubiquity
Cerenkov,Cerenkov
strangled,strangled
colliding,colliding
perplexing,perplexing
revocation,revocation
hypothermia's,hypothermia's
dirge,dirge
browsers,browsers
usurping,usurping
trollop's,trollop's
gymnasiums,gymnasiums
salver,salver
singularities,singularities
brick's,brick's
thrashers,thrashers
rabbit's,rabbit's
bloodbath,bloodbath
spurns,spurns
ambiences,ambiences
haltingly,haltingly
lackey's,lackey's
pilau,pilau
flamboyance,flamboyance
jackrabbit's,jackrabbit's
Stephan,Stephan
punch,punch
Inuktitut,Inuktitut
mom's,mom's
yuppy,yuppy
Chrysostom's,Chrysostom's
scratchy,scratchy
fireball,fireball
Balkhash,Balkhash
exercise's,exercise's
North's,North's
elusive,elusive
desegregates,desegregates
louder,louder
herb's,herb's
bosuns,bosuns
blarneying,blarneying
jackdaw,jackdaw
nonchalance's,nonchalance's
decorative,decorative
Lena's,Lena's
Chaplin,Chaplin
delighting,delighting
Tocqueville's,Tocqueville's
shadowing,shadowing
contravening,contravening
exodus,exodus
crayolas,crayolas
abbess,abbess
Berlin's,Berlin's
Teutonic,Teutonic
impetuosity's,impetuosity's
Frenchman,Frenchman
Palisades,Palisades
bromine,bromine
jaggies,jaggies
essaying,essaying
gastritis's,gastritis's
deprecation,deprecation
chant,chant
balloting,balloting
uncomplimentary,uncomplimentary
bristle,bristle
redevelopments,redevelopments
grindstone,grindstone
precinct's,precinct's
Bendix's,Bendix's
Roland,Roland
TV,TV
Metallica's,Metallica's
staking,staking
liverwurst,liverwurst
undergraduate,undergraduate
Benz's,Benz's
nontechnical,nontechnical
unspecific,unspecific
Dexter's,Dexter's
GOP's,GOP's
judiciary's,judiciary's
solidest,solidest
supervisor's,supervisor's
shriller,shriller
racquetballs,racquetballs
nothings,nothings
antiaircraft,antiaircraft
dram's,dram's
destining,destining
china's,china's
wink,wink
stomp,stomp
dismember,dismember
nondrinker,nondrinker
sandmen,sandmen
creakier,creakier
iceboxes,iceboxes
blimp,blimp
Benson,Benson
belling,belling
brewer's,brewer's
Connors,Connors
saddlebag's,saddlebag's
box's,box's
misdeed's,misdeed's
duplicates,duplicates
Bisquick's,Bisquick's
ovulation's,ovulation's
wearers,wearers
outmaneuvers,outmaneuvers
thwacked,thwacked
Telemann,Telemann
schismatic,schismatic
disgorges,disgorges
argosy's,argosy's
overall's,overall's
Brahmanism,Brahmanism
hawkish,hawkish
spartan,spartan
grumpiness's,grumpiness's
unsafest,unsafest
entertainment's,entertainment's
SQL,SQL
stalagmite's,stalagmite's
mistreated,mistreated
saucepan's,saucepan's
Mutsuhito,Mutsuhito
speedup,speedup
heroism,heroism
osmotic,osmotic
exclamation's,exclamation's
brotherhood's,brotherhood's
Nora,Nora
contentedness's,contentedness's
corollary's,corollary's
jackknifing,jackknifing
magician's,magician's
paragraphed,paragraphed
sciences,sciences
apologetically,apologetically
trended,trended
gallivanted,gallivanted
phony's,phony's
predominance's,predominance's
metrication's,metrication's
smit,smit
Simmental,Simmental
acrostic's,acrostic's
Duane,Duane
stigmata,stigmata
unregulated,unregulated
Matthews,Matthews
overbooks,overbooks
downers,downers
cranked,cranked
port's,port's
entente,entente
bile's,bile's
TARP,TARP
Waldo,Waldo
emasculated,emasculated
manifestation's,manifestation's
banister's,banister's
mumble's,mumble's
princely,princely
aphid,aphid
undying,undying
contrivance's,contrivance's
Waite's,Waite's
strapping's,strapping's
legrooms,legrooms
PHP's,PHP's
justification,justification
upliftings,upliftings
pertinent,pertinent
revival's,revival's
diddled,diddled
dignify,dignify
hoariness,hoariness
Camelopardalis's,Camelopardalis's
tattoo,tattoo
hosts,hosts
cordon,cordon
palazzo,palazzo
gouges,gouges
monkeyshine,monkeyshine
Clapeyron,Clapeyron
caterwauling,caterwauling
Grenoble's,Grenoble's
strangler's,strangler's
escapade,escapade
swells,swells
bushels,bushels
maul's,maul's
forefoot,forefoot
soften,soften
vignette,vignette
Io,Io
archeological,archeological
guzzled,guzzled
noisily,noisily
chintzier,chintzier
chessman's,chessman's
bridles,bridles
amok,amok
imbeds,imbeds
trapeze's,trapeze's
cluttering,cluttering
sectionals,sectionals
foreordains,foreordains
untimeliness's,untimeliness's
doubter,doubter
oscillating,oscillating
saddlebags,saddlebags
glower's,glower's
standoffish,standoffish
poled,poled
blintze,blintze
waivers,waivers
stropped,stropped
Las,Las
choppily,choppily
Sanhedrin,Sanhedrin
ford's,ford's
gyrations,gyrations
exhibit's,exhibit's
alliance's,alliance's
Maghreb,Maghreb
imperilled,imperilled
secretion's,secretion's
moodier,moodier
volts,volts
cute,cute
observes,observes
nightsticks,nightsticks
weedier,weedier
Lennon,Lennon
microorganisms,microorganisms
caucused,caucused
cellar's,cellar's
groks,groks
puppies,puppies
Lois's,Lois's
Ronny's,Ronny's
corruptness's,corruptness's
geezer's,geezer's
intimated,intimated
ibid,ibid
underclothes,underclothes
tit,tit
Newton,Newton
twos,twos
faulted,faulted
smothered,smothered
overpopulate,overpopulate
jonquil's,jonquil's
primaries,primaries
decorators,decorators
billion,billion
Bertillon,Bertillon
intimates,intimates
warble,warble
licence,licence
marble's,marble's
predispositions,predispositions
perforce,perforce
advocating,advocating
publishers,publishers
disrepair,disrepair
conciliator,conciliator
jeopardized,jeopardized
sidelight's,sidelight's
Arturo,Arturo
Oshawa,Oshawa
O'Casey's,O'Casey's
pellagra,pellagra
tealights,tealights
imperils,imperils
quisling,quisling
abstaining,abstaining
kiddie,kiddie
micra,micra
recurrence,recurrence
leech's,leech's
turncoat,turncoat
Kristy's,Kristy's
babying,babying
beggar's,beggar's
bathhouses,bathhouses
maneuverable,maneuverable
champs,champs
homeless's,homeless's
debs,debs
ventricle,ventricle
brine,brine
fathomless,fathomless
anointed,anointed
wreckers,wreckers
distressingly,distressingly
mistresses,mistresses
Coleen's,Coleen's
month's,month's
Leghorn,Leghorn
TelePrompter,TelePrompter
moonshine,moonshine
anything's,anything's
womenfolk's,womenfolk's
historian,historian
shammies,shammies
backslider's,backslider's
misquotation,misquotation
waxwing's,waxwing's
besotting,besotting
paymaster,paymaster
tablecloth's,tablecloth's
dinosaurs,dinosaurs
philippic's,philippic's
wildlife's,wildlife's
laudanum,laudanum
miscarrying,miscarrying
Elvin's,Elvin's
callings,callings
waist's,waist's
Schoenberg,Schoenberg
wolverine's,wolverine's
spiking,spiking
bonbon,bonbon
skepticism,skepticism
poses,poses
Samson's,Samson's
tic,tic
decomposed,decomposed
Curie,Curie
bum,bum
Hapsburg's,Hapsburg's
advisors,advisors
slaps,slaps
wafer,wafer
oxford,oxford
liquidation,liquidation
hurler's,hurler's
man,man
Scots,Scots
Tycho's,Tycho's
scalars,scalars
termite,termite
Madeiras,Madeiras
reassesses,reassesses
Kali's,Kali's
playback,playback
treacherous,treacherous
He,He
Dis,Dis
subverting,subverting
Janis's,Janis's
Slovenia's,Slovenia's
Gila,Gila
Bessie,Bessie
superior's,superior's
mobility's,mobility's
shorts,shorts
jaws,jaws
Tilsit,Tilsit
Sofia's,Sofia's
flirt,flirt
haggard,haggard
PCB,PCB
Nichiren,Nichiren
brotherliness,brotherliness
omegas,omegas
dyer,dyer
massage's,massage's
rimming,rimming
goal,goal
slewing,slewing
begrudges,begrudges
coloratura,coloratura
Blantyre,Blantyre
Castlereagh's,Castlereagh's
medium's,medium's
viaduct's,viaduct's
bestowals,bestowals
Miro,Miro
placebo,placebo
torpidity,torpidity
spellchecker,spellchecker
Mitsubishi's,Mitsubishi's
Dannie's,Dannie's
variation,variation
tong,tong
Cyprus,Cyprus
subdividing,subdividing
Donald,Donald
debasement,debasement
stepbrother,stepbrother
ester's,ester's
muffler,muffler
bankbook,bankbook
Biddle's,Biddle's
conurbation,conurbation
Romeo,Romeo
Stoicism's,Stoicism's
mutates,mutates
patty's,patty's
ingenuousness,ingenuousness
beekeeping,beekeeping
try's,try's
polytheist's,polytheist's
zonal,zonal
vacationers,vacationers
superabundance,superabundance
boarder's,boarder's
moneybags,moneybags
qualification,qualification
responding,responding
handiest,handiest
flagging,flagging
unscrupulously,unscrupulously
sills,sills
wastrels,wastrels
regimes,regimes
calypso,calypso
O'Connell's,O'Connell's
gecko's,gecko's
communion,communion
jitneys,jitneys
headset's,headset's
redesigns,redesigns
unmarked,unmarked
Edgardo's,Edgardo's
sirs,sirs
courtship,courtship
uranium's,uranium's
gazelle's,gazelle's
counterfeiter,counterfeiter
breach's,breach's
hieroglyphics,hieroglyphics
peafowl's,peafowl's
blaspheming,blaspheming
Slovakian,Slovakian
slackening,slackening
Sundanese's,Sundanese's
wakefulness,wakefulness
vestige,vestige
wipe's,wipe's
jazzes,jazzes
glimpse's,glimpse's
Norbert's,Norbert's
Aventine's,Aventine's
circumvented,circumvented
rhomboid,rhomboid
placement,placement
mimicries,mimicries
angularity,angularity
rummaged,rummaged
pollinate,pollinate
Lowell,Lowell
smuttiest,smuttiest
junta,junta
Fizeau's,Fizeau's
brushing,brushing
Jami,Jami
skillet's,skillet's
Mashhad,Mashhad
woodchuck,woodchuck
dismounted,dismounted
shipbuilder's,shipbuilder's
snapshots,snapshots
owlish,owlish
unclearer,unclearer
info,info
helms,helms
sexy,sexy
seasoning's,seasoning's
brace,brace
lubber,lubber
precipitates,precipitates
shinbones,shinbones
flywheel,flywheel
overrates,overrates
hoarfrost's,hoarfrost's
propelling,propelling
deescalating,deescalating
diagrammed,diagrammed
reverences,reverences
hungover,hungover
clan,clan
tourmaline,tourmaline
warily,warily
unsubstantiated,unsubstantiated
alphabetizing,alphabetizing
Shawn,Shawn
roundworm's,roundworm's
Diophantine's,Diophantine's
diabetes's,diabetes's
catalytic's,catalytic's
Jutland,Jutland
interrupts,interrupts
shittiest,shittiest
appointee,appointee
colic,colic
Doug's,Doug's
corrals,corrals
miscellanies,miscellanies
isolationism's,isolationism's
Machiavellian,Machiavellian
appellation's,appellation's
Wordsworth,Wordsworth
storehouse,storehouse
lemmings,lemmings
cryptographer,cryptographer
Zagreb's,Zagreb's
communists,communists
squall,squall
rebuff,rebuff
acuteness,acuteness
traded,traded
June's,June's
Latina,Latina
Sallie's,Sallie's
gaffed,gaffed
query's,query's
Guadalupe,Guadalupe
florin,florin
bummest,bummest
tumbling,tumbling
diagnostician's,diagnostician's
Triton,Triton
paled,paled
ordination's,ordination's
Bostonian's,Bostonian's
minced,minced
viscount,viscount
tattooist's,tattooist's
chewing,chewing
Hercules's,Hercules's
unfaithfulness,unfaithfulness
emphatic,emphatic
roadside's,roadside's
enhancement,enhancement
bombing,bombing
stringent,stringent
annulling,annulling
pusses,pusses
cunning's,cunning's
blackouts,blackouts
frostiness,frostiness
claptrap,claptrap
distillation's,distillation's
Kuwaitis,Kuwaitis
sterility,sterility
Angelica's,Angelica's
Thrace's,Thrace's
rambles,rambles
blasphemous,blasphemous
penitence,penitence
EST's,EST's
disconnections,disconnections
metamorphosing,metamorphosing
hutch's,hutch's
Erhard's,Erhard's
Schweppes,Schweppes
Colin's,Colin's
neutralizing,neutralizing
floorboard's,floorboard's
spine,spine
nonentity's,nonentity's
slalom's,slalom's
copyright,copyright
eighteen's,eighteen's
dragons,dragons
unlooses,unlooses
chrysalises,chrysalises
Nadine's,Nadine's
pianofortes,pianofortes
boggy,boggy
hydrology's,hydrology's
tallow,tallow
coalescing,coalescing
hunger's,hunger's
parceling,parceling
mandolins,mandolins
inconsistency,inconsistency
unoriginal,unoriginal
mnemonic,mnemonic
Kroger,Kroger
commemoration's,commemoration's
descends,descends
inflammations,inflammations
scraped,scraped
isotropic,isotropic
truce,truce
mainlined,mainlined
fragmentary's,fragmentary's
Bolivia,Bolivia
privier,privier
integral's,integral's
exceeds,exceeds
gleaning,gleaning
indulgently,indulgently
basic,basic
charities,charities
administration's,administration's
Ila,Ila
disported,disported
gruesomest,gruesomest
cassavas,cassavas
waterspout's,waterspout's
reappearance,reappearance
patch's,patch's
flabbergasting,flabbergasting
farmer's,farmer's
stillbirth's,stillbirth's
anagram,anagram
doubles,doubles
Arminius's,Arminius's
advisory's,advisory's
Monk,Monk
Thanksgiving,Thanksgiving
winding,winding
Tanisha's,Tanisha's
smoker's,smoker's
assemblymen,assemblymen
madman,madman
winning's,winning's
thumbing,thumbing
bending,bending
matriculates,matriculates
Firestone's,Firestone's
phalli,phalli
glibness's,glibness's
inhalations,inhalations
Ghats's,Ghats's
Pacific,Pacific
Flaubert's,Flaubert's
pinkie,pinkie
drainage,drainage
Siddhartha,Siddhartha
mozzarella,mozzarella
idol's,idol's
popover's,popover's
Hades's,Hades's
voltages,voltages
ambushed,ambushed
lemma,lemma
memo,memo
uninstalled,uninstalled
zone,zone
Quaoar's,Quaoar's
Nelson,Nelson
stylize,stylize
Taoists,Taoists
randiest,randiest
wallpapered,wallpapered
viciousness,viciousness
parterres,parterres
Richthofen's,Richthofen's
Trailways's,Trailways's
unites,unites
clinical,clinical
gunwale,gunwale
swallow's,swallow's
annotate,annotate
trilogy's,trilogy's
Tracie's,Tracie's
Estonia,Estonia
boomed,boomed
caning,caning
MC,MC
magnifier's,magnifier's
cancelling,cancelling
Oberon's,Oberon's
forgettable,forgettable
stored,stored
stickler's,stickler's
vampires,vampires
steadies,steadies
vindicators,vindicators
decomposition's,decomposition's
foolhardier,foolhardier
subset,subset
tam's,tam's
aliased,aliased
anguishing,anguishing
magenta,magenta
Potter's,Potter's
dory's,dory's
confidently,confidently
idolater,idolater
joyousness's,joyousness's
cloven,cloven
strangling,strangling
windowpane's,windowpane's
Grenoble,Grenoble
dullness,dullness
ache's,ache's
luxuriance's,luxuriance's
sawhorses,sawhorses
rumpus,rumpus
jugglers,jugglers
curtain's,curtain's
metacarpal's,metacarpal's
Garfunkel's,Garfunkel's
Bloomsburg,Bloomsburg
unwrapped,unwrapped
adviser's,adviser's
privet,privet
disarraying,disarraying
pavilions,pavilions
hookup's,hookup's
fixing,fixing
twirler,twirler
grandeur's,grandeur's
litigiousness,litigiousness
fundamental's,fundamental's
latency,latency
howled,howled
nanny's,nanny's
corduroys,corduroys
stabilize,stabilize
blog,blog
overalls,overalls
invitation's,invitation's
backslapper,backslapper
codes,codes
recollections,recollections
hastiness's,hastiness's
spindling,spindling
inching,inching
Hebrides's,Hebrides's
karate's,karate's
primers,primers
misspelled,misspelled
bibliography,bibliography
Redis,Redis
cloves,cloves
manatees,manatees
Banjarmasin's,Banjarmasin's
mete,mete
pounces,pounces
beckoned,beckoned
Patel's,Patel's
rugged,rugged
Lot,Lot
Gagarin,Gagarin
forecaster's,forecaster's
Ellis,Ellis
purchaser,purchaser
humanities,humanities
ulceration,ulceration
muffins,muffins
twentieth's,twentieth's
impetuses,impetuses
blogs,blogs
womble,womble
saint's,saint's
relentlessness,relentlessness
profligate's,profligate's
taxation,taxation
unexplained,unexplained
plumber,plumber
Cauchy,Cauchy
condominiums,condominiums
fiddles,fiddles
confessors,confessors
liquids,liquids
matron,matron
overbalance's,overbalance's
Lompoc,Lompoc
Samaritan's,Samaritan's
Armenia,Armenia
shampoos,shampoos
perspicuity,perspicuity
surrey's,surrey's
Moravia's,Moravia's
Avondale's,Avondale's
miscasts,miscasts
throttled,throttled
apprehend,apprehend
datelined,datelined
counterrevolutions,counterrevolutions
ejection's,ejection's
Dmitri,Dmitri
hookey,hookey
enthrall,enthrall
stools,stools
unpardonable,unpardonable
drys,drys
fwd,fwd
morality,morality
peat,peat
radiotelephone's,radiotelephone's
briny,briny
corduroys's,corduroys's
prowess's,prowess's
wraith,wraith
waterside's,waterside's
ennoblement,ennoblement
AC,AC
Saran,Saran
Qaddafi's,Qaddafi's
Rogers's,Rogers's
fulness,fulness
chancellery's,chancellery's
middles,middles
confession's,confession's
worshiper,worshiper
dissembling,dissembling
stumpiest,stumpiest
jealously,jealously
appearance's,appearance's
lactated,lactated
redoubled,redoubled
chow's,chow's
sunder,sunder
detection's,detection's
pasturage,pasturage
fulcra,fulcra
futon's,futon's
Copernican's,Copernican's
ensconced,ensconced
traveler's,traveler's
Honolulu,Honolulu
nettle's,nettle's
elegies,elegies
Pei,Pei
shrug's,shrug's
Iberia's,Iberia's
Kathryn's,Kathryn's
syllable's,syllable's
Merck's,Merck's
fondants,fondants
quitters,quitters
gumbo,gumbo
shooing,shooing
wen,wen
redemption's,redemption's
porter,porter
casual,casual
typescript,typescript
polyester,polyester
syndication,syndication
elderberries,elderberries
thunderstorm's,thunderstorm's
vivaciousness,vivaciousness
Saks's,Saks's
substitute's,substitute's
phraseology's,phraseology's
prisms,prisms
oscillator's,oscillator's
past's,past's
Damion,Damion
humans,humans
suspects,suspects
macaroni,macaroni
goulash,goulash
exaltation,exaltation
Chianti's,Chianti's
bogie's,bogie's
pitiless,pitiless
flame's,flame's
implicates,implicates
elaborately,elaborately
munging,munging
rationals,rationals
night's,night's
couplet,couplet
Castlereagh,Castlereagh
eightieth's,eightieth's
rebuilt,rebuilt
Hiram's,Hiram's
orifice,orifice
beastly,beastly
relinquishing,relinquishing
workingman's,workingman's
accessed,accessed
royals,royals
crumbier,crumbier
pardon's,pardon's
viewings,viewings
megaphoned,megaphoned
grepping,grepping
mitigation's,mitigation's
specialization's,specialization's
homesteader's,homesteader's
reinforcing,reinforcing
Morris,Morris
soya,soya
birdseed,birdseed
Saracen,Saracen
naphtha's,naphtha's
Shana's,Shana's
slant's,slant's
salutes,salutes
championship,championship
acoustic,acoustic
tumbler,tumbler
bookshops,bookshops
hieroglyphic,hieroglyphic
risking,risking
concavity's,concavity's
hamster's,hamster's
practising,practising
respiratory,respiratory
restudy,restudy
sniping,sniping
mourners,mourners
lyre's,lyre's
rancid,rancid
Luxembourg's,Luxembourg's
debenture,debenture
specifies,specifies
Moses's,Moses's
ladybugs,ladybugs
roominess's,roominess's
schoolgirl's,schoolgirl's
Burroughs,Burroughs
Ethan,Ethan
hankers,hankers
incentive's,incentive's
governor's,governor's
kit's,kit's
Purus,Purus
Rb's,Rb's
tors,tors
olive's,olive's
crowdfunded,crowdfunded
hellhole,hellhole
Hamhung's,Hamhung's
uninhabited,uninhabited
established,established
archway,archway
caucussing,caucussing
littoral,littoral
turtlenecks,turtlenecks
indestructibly,indestructibly
cognizant,cognizant
abundances,abundances
cassia's,cassia's
Seleucus's,Seleucus's
myriad,myriad
returnee's,returnee's
dissociate,dissociate
solicitor's,solicitor's
antiquity's,antiquity's
soar's,soar's
rethink,rethink
propaganda,propaganda
duped,duped
cornstalk's,cornstalk's
harries,harries
duster,duster
carjacks,carjacks
Nicole,Nicole
squad,squad
etcher's,etcher's
inferno,inferno
scorpion,scorpion
Jung's,Jung's
affixed,affixed
amperes,amperes
Tortuga's,Tortuga's
quenching,quenching
Han,Han
Slav,Slav
imperialistic,imperialistic
arraign,arraign
polygonal,polygonal
dreadnought,dreadnought
insurgent's,insurgent's
sassafras's,sassafras's
beaching,beaching
tactics,tactics
ravel,ravel
bricks,bricks
cyclical,cyclical
nonexistence's,nonexistence's
nonpartisan,nonpartisan
pronghorn's,pronghorn's
Riefenstahl's,Riefenstahl's
Watergate,Watergate
luridness's,luridness's
Carey,Carey
xcii,xcii
Tharp,Tharp
Calvinist's,Calvinist's
junctions,junctions
irritations,irritations
lumbers,lumbers
orthopedist's,orthopedist's
lowness's,lowness's
splayed,splayed
beavered,beavered
bullfights,bullfights
Josie's,Josie's
Comoros,Comoros
boiling,boiling
undergoing,undergoing
trivially,trivially
blurb's,blurb's
Pyotr's,Pyotr's
obdurately,obdurately
orange's,orange's
Vladivostok,Vladivostok
nylon's,nylon's
brigantine's,brigantine's
metastasis's,metastasis's
raggedness,raggedness
abuses,abuses
Clint,Clint
Caesar,Caesar
outskirts,outskirts
rapist,rapist
carom's,carom's
vim's,vim's
contumelies,contumelies
Carmen's,Carmen's
Somoza,Somoza
extinguishing,extinguishing
buster,buster
Chaitin's,Chaitin's
scalpel,scalpel
squander,squander
buffoonery,buffoonery
Trollope's,Trollope's
snubs,snubs
assizes,assizes
occupant's,occupant's
grit's,grit's
geek's,geek's
disarmament's,disarmament's
overcooked,overcooked
indemnifies,indemnifies
redeem,redeem
redolence's,redolence's
quasars,quasars
fudging,fudging
Rutgers's,Rutgers's
optioning,optioning
gerontology's,gerontology's
levity's,levity's
bullpen's,bullpen's
inquisitor,inquisitor
motherly,motherly
brandied,brandied
bologna's,bologna's
antler's,antler's
jungles,jungles
inequality,inequality
vulgarizes,vulgarizes
yoga,yoga
Minuit,Minuit
roosted,roosted
feelingly,feelingly
antithetical,antithetical
Aspen,Aspen
Gil's,Gil's
germanium's,germanium's
bullfighting's,bullfighting's
tads,tads
deficiencies,deficiencies
schmuck's,schmuck's
demeanor's,demeanor's
wrinkles,wrinkles
declamation,declamation
scoreboard,scoreboard
sappier,sappier
tread,tread
retail's,retail's
monsignor,monsignor
potential,potential
Hesiod,Hesiod
errata's,errata's
banyan,banyan
Thimbu,Thimbu
discourse's,discourse's
resurrect,resurrect
recommence,recommence
cheats,cheats
Bede's,Bede's
syllabus,syllabus
usurers,usurers
logo's,logo's
panting,panting
Ximenes's,Ximenes's
dissimilarity's,dissimilarity's
snarks,snarks
Brigitte,Brigitte
hurdler,hurdler
alphanumeric,alphanumeric
Manx,Manx
pony's,pony's
manifesto,manifesto
k,k
country's,country's
hymnal's,hymnal's
Farrow,Farrow
addict,addict
citations,citations
sanatoria,sanatoria
rayon,rayon
cadge,cadge
bleary,bleary
resentment,resentment
impish,impish
memorization's,memorization's
astir,astir
nonpluses,nonpluses
pizzerias,pizzerias
jigsaws,jigsaws
Antarctic's,Antarctic's
weaver's,weaver's
frighted,frighted
demography's,demography's
subspace,subspace
sheaths,sheaths
infuriated,infuriated
morosely,morosely
hibernation,hibernation
discord,discord
whinnying,whinnying
homestead's,homestead's
doe,doe
tickle,tickle
unabashed,unabashed
Sudra's,Sudra's
misspellings,misspellings
Eisenstein's,Eisenstein's
reaffirm,reaffirm
Yoknapatawpha's,Yoknapatawpha's
deathtraps,deathtraps
iffier,iffier
Hutton,Hutton
mirrors,mirrors
prosody,prosody
thrushes,thrushes
obtrudes,obtrudes
Darrell's,Darrell's
coup,coup
Ritalin,Ritalin
bloods,bloods
Islamic,Islamic
Cenozoic's,Cenozoic's
bisexuality,bisexuality
Eugenie's,Eugenie's
tributary,tributary
crazy's,crazy's
bogeyed,bogeyed
sidelights,sidelights
Togo,Togo
sorrowfully,sorrowfully
withdrawing,withdrawing
grunges,grunges
Sydney's,Sydney's
Rodriquez,Rodriquez
controversies,controversies
consulted,consulted
disincline,disincline
smoking's,smoking's
courts,courts
G,G
Chloe,Chloe
Fido's,Fido's
restudies,restudies
invocation,invocation
Gainesville,Gainesville
leeched,leeched
Yugoslavian's,Yugoslavian's
cleaves,cleaves
sighing,sighing
zodiac's,zodiac's
lentil,lentil
Scipio,Scipio
rainbow's,rainbow's
Kanpur,Kanpur
pockmark,pockmark
extractor's,extractor's
provisioning,provisioning
incompatible's,incompatible's
Alphard's,Alphard's
usage's,usage's
pugnacity,pugnacity
floozies,floozies
superbest,superbest
daring,daring
sidesaddle,sidesaddle
chidden,chidden
bus,bus
presupposed,presupposed
chic's,chic's
cathartic,cathartic
expectancy,expectancy
Ives's,Ives's
comforter,comforter
ideogram,ideogram
splays,splays
shampooing,shampooing
Faisalabad,Faisalabad
Instamatic's,Instamatic's
fills,fills
hydraulics,hydraulics
ilk,ilk
zircon's,zircon's
resident's,resident's
Ryan's,Ryan's
Gaea,Gaea
prefects,prefects
cm,cm
blazoning,blazoning
grammar's,grammar's
aardvark's,aardvark's
Alexandra's,Alexandra's
loaders,loaders
adjusting,adjusting
bushwhacking,bushwhacking
acct,acct
carousal,carousal
pocketing,pocketing
waters's,waters's
demons,demons
subdued,subdued
Hegelian's,Hegelian's
Caruso's,Caruso's
encumbrance's,encumbrance's
locates,locates
politely,politely
Pinocchio,Pinocchio
concatenation,concatenation
Philippians's,Philippians's
Kirby,Kirby
rockiness's,rockiness's
Katherine's,Katherine's
cavern,cavern
thrift,thrift
Ravel's,Ravel's
Djibouti's,Djibouti's
antiqued,antiqued
identification's,identification's
lullaby,lullaby
mummifies,mummifies
franchisers,franchisers
scows,scows
spreadsheets,spreadsheets
inferno's,inferno's
fluoridated,fluoridated
Whittier,Whittier
bitumen,bitumen
decaffeinate,decaffeinate
cubes,cubes
Malays,Malays
Earp's,Earp's
tycoon's,tycoon's
Okeechobee,Okeechobee
ephemeral,ephemeral
suckle,suckle
writs,writs
reflect,reflect
flyleaf,flyleaf
Nannie's,Nannie's
Anastasia,Anastasia
input's,input's
gunk's,gunk's
riser's,riser's
breadfruit,breadfruit
braying,braying
PLO's,PLO's
mindful,mindful
Permalloy's,Permalloy's
Aurelia,Aurelia
slumming,slumming
faultiness,faultiness
grossness's,grossness's
widened,widened
desolation,desolation
handmaidens,handmaidens
incontrovertibly,incontrovertibly
metrically,metrically
smudgiest,smudgiest
resigning,resigning
Andres's,Andres's
tints,tints
Lebanese's,Lebanese's
vest,vest
clinker,clinker
particularization's,particularization's
facade's,facade's
final's,final's
whoop,whoop
Meade,Meade
Johnathan,Johnathan
dopey,dopey
cavilled,cavilled
dodgers,dodgers
elevations,elevations
tomahawks,tomahawks
waterside,waterside
tract's,tract's
spilled,spilled
flashiest,flashiest
prayer's,prayer's
compile,compile
consigned,consigned
vicarage,vicarage
declivity,declivity
seedless,seedless
racking,racking
indignation,indignation
intransitive's,intransitive's
amazons,amazons
orchestrates,orchestrates
trapper,trapper
routes,routes
camps,camps
immeasurable,immeasurable
sidesplitting,sidesplitting
Judas,Judas
resounded,resounded
invigoration,invigoration
prophet,prophet
Manichean,Manichean
seafarer's,seafarer's
probationary,probationary
affix,affix
undesirability,undesirability
overacting,overacting
exit,exit
fineness's,fineness's
Sukkoth's,Sukkoth's
Allentown,Allentown
LA,LA
craftiest,craftiest
draping,draping
Livingstone,Livingstone
designing's,designing's
cutback,cutback
Huntley's,Huntley's
safeguards,safeguards
contaminate,contaminate
Artaxerxes,Artaxerxes
mistimed,mistimed
splashiest,splashiest
wireless's,wireless's
saunaed,saunaed
deforested,deforested
Zoroastrianism,Zoroastrianism
Mexicans,Mexicans
bedstead's,bedstead's
Puget,Puget
umbrage,umbrage
periodical,periodical
Harmon's,Harmon's
fifteenths,fifteenths
Metternich,Metternich
dz,dz
wrinkle,wrinkle
vibraphone,vibraphone
dankness's,dankness's
outputs,outputs
handicraft's,handicraft's
cheep,cheep
drake,drake
nonpartisan's,nonpartisan's
dumped,dumped
unicorns,unicorns
conquests,conquests
reinterpreted,reinterpreted
rebroadcast,rebroadcast
solemnized,solemnized
beagle,beagle
dismay,dismay
redistributed,redistributed
cleaving,cleaving
tweed,tweed
McDonald's,McDonald's
eraser's,eraser's
whomsoever,whomsoever
caseload's,caseload's
Mazda,Mazda
vestries,vestries
reimbursing,reimbursing
rectories,rectories
classical,classical
reluctance's,reluctance's
atria,atria
deconstruction's,deconstruction's
unsure,unsure
depressions,depressions
Ceres,Ceres
tusked,tusked
deceit,deceit
shagginess,shagginess
thoroughfare,thoroughfare
factored,factored
leviathans,leviathans
syncopate,syncopate
continuing,continuing
varsity,varsity
chaplet's,chaplet's
into,into
torte,torte
drowsier,drowsier
bartering,bartering
transferal,transferal
Paleocene,Paleocene
condominium,condominium
stricture,stricture
unmercifully,unmercifully
manicurist's,manicurist's
pentameter's,pentameter's
retrieved,retrieved
demagog,demagog
conserves,conserves
badger,badger
aortas,aortas
Kngwarreye,Kngwarreye
banal,banal
nutmeg,nutmeg
tufted,tufted
Irkutsk,Irkutsk
ebbing,ebbing
roadway's,roadway's
aphelia,aphelia
umbrellas,umbrellas
trivets,trivets
thousandth's,thousandth's
Dunlap's,Dunlap's
pouched,pouched
Wedgwood,Wedgwood
frankness,frankness
refract,refract
completion's,completion's
rivulet's,rivulet's
femininity,femininity
transistors,transistors
Pompey,Pompey
butane's,butane's
Mesa's,Mesa's
Passion,Passion
ovens,ovens
slicer's,slicer's
civic,civic
Mitchel,Mitchel
glazed,glazed
anticipatory,anticipatory
Woodward,Woodward
Carborundum's,Carborundum's
dandiest,dandiest
foundling,foundling
calliopes,calliopes
travesty,travesty
Gawain,Gawain
Nanjing's,Nanjing's
