accustomed,acCUstomed
accustomed,accustOmed
accustomed,acustomed
accustomed,accustumed
acknowledge,acknoWledge
acknowledge,acknoledge
acquainted,acquinted
acquainted,aCQuainted
acquainted,aquainted
acquainted,acquaited
acquainted,aquainted
afraid,afrAId
afraid,afriad
afraid,afried
age,agE
age,ag
ahead,ahEAd
ahead,aheard
ahead,ahade
air,ear
air,era
air,aIr
air,air%
air,are
air,aer
air,ar
ambulance,ambulence
amenities,amentities
anybody,Anybody
anybody,enybody
applying,applieing
approve,apProve
approve,aprove
areas,aerias
areas,aeries
areas,areals
areas,areaes
arrived,arriwed
arrived,arRived
arrived,arrIved
arrived,arived
arrived,arrieved
ash,asch
attempt,atTempt
attempt,attemPT
attempt,atempt
attending,atTending
attending,atending
attending,atending
beg,bEg
beg,bag
being,beeing
being,bEIng
being,beeing
bid,bId
bid,bed
birth,bIRth
birth,berth
blew,belu
blew,blEW
blew,blue
blew,blow
breath,brEAth
breath,breth
breath,brath
call,cALL
call,col
call,coll
ceiling,ciling
ceiling,celing
ceiling,cieling
ceiling,cEIling
ceiling,cieling
certain,cirtain
certain,cErtain
certain,certAIn
certain,curtain
certain,sertain
composition,compoSITION
composition,compostion
cost,cOst
cost,cast
craftsman,craftman
criticisms,critisisms
crust,crUst
crust,crost
cupboard,cupbroad
cutting,cuTTing
cutting,cuting
delighted,deliGHted
delighted,delited
delighted,deligthed
devil,devIl
devil,devel
differ,differe
encyclopedia,enclyclopedia
encyclopedia,encylopedia
express,eXpress
express,expREss
express,exspress
express,experss
faint,fAInt
faint,fant
fault,fAUlt
fault,falt
fell,fEll
fell,fill
food,fOOd
food,fod
furnish,fUrnish
give,gIve
give,givE
give,giv
greet,grEEt
greet,great
grieve,grIEve
grieve,greive
grieve,greave
hat,hAt
hat,hot
heightened,hieghtened
hunted,haunted
interesting,intresting
interesting,intresting
interesting,intresting
interesting,intEResting
interesting,intresting
it's,iT'S
jaundice,jaundise
keen,kEEn
keen,kean
keen,ken
laughing,lauging
laughing,laughting
laughing,lAUGHing
laughing,lafing
leg,lEG
leg,lag
long,lOng
long,lang
lose,lOSe
lose,loose
lose,loose
meadows,medows
millinery,millInery
millinery,millinEry
millinery,millinary
modern,moDERn
modern,moden
modern,morden
modern,moderne
named,Named
named,namED
named,namd
named,name
need,nead
need,nEEd
need,ned
need,needd
nineteen,ninEteen
nineteen,ninetEEn
nineteen,ninteen
nothing,nOthing
nothing,noTHing
nothing,noting
number,nUMber
number,nomber
number,nober
number,nuber
number,numbeer
operators,operaters
operators,oprators
oppose,Oppose
oppose,oPPose
oppose,opose
oppose,appose
orders,oRders
orders,ordERs
orders,oders
output,oputput
output,ouput
painted,pAInted
painted,panted
pamphlet,pamphalet
pamphlet,pamplet
pamphlet,phamplet
pamphlet,pamPHLet
pamphlet,pamflet
paradise,paradize
paralysis,parallysis
partial,parTIAL
partial,parcial
partly,partLY
partly,partley
path,paTH
path,pathe
pay,puy
pay,pAY
pay,pae
penance,pennance
people,pEOple
people,pople
persuade,pursuade
persuade,persUAde
persuade,perswade
persuade,pursuade
phone,PHone
phone,phonE
phone,fone
physical,phisical
physical,phYSIcal
physical,phisical
physical,fysical
physical,psysical
precious,preCIOUS
precious,presious
pride,prIDE
pride,prid
pride,pried
procure,proCURE
procure,proqure
progressed,progessed
provisionally,provisionaly
rain,rAIn
rain,ran
rain,rane
recommended,reccomended
recommended,reccommended
recommended,recommend
regard,regArd
regard,reguard
removed,renoved
reports,reoprts
respectfully,respectfuLLy
respectfully,respectfuly
roof,rOOF
roof,roof%
roof,rofe
roof,rof
sake,saKE
sake,sack
scanned,scaned
scrambled,srambled
seized,siezed
sent,sEnt
sent,sant
shout,shOUt
shout,showt
side,sidE
side,sid
silhouette,silhuette
sleeve,slEEve
sleeve,sleave
slowly,slovely
slowly,sloWly
slowly,slowLY
slowly,slouly
slowly,sloly
sometimes,sometimES
sometimes,sometime
speaker,spEAKer
speaker,speacker
steps,stEps
steps,staps
stones,stons
technique,tecnique
there,tere
there,trere
there,their
there,their
there,thear
there,therE
there,ther
there,thre
there,thwre
timing,timeing
told,toLD
told,toll
tomorrow,tomoRRow
tomorrow,tomorroW
tomorrow,tomorow
touching,taching
tough,tOUgh
tough,touGH
tough,tuff
tough,tuff
trousers,trousERs
trousers,trouses
trust,tRUst
try,trier
try,trY
try,tri
twelve,twelVE
twelve,twelv
twelve,twelf
unfortunately,unfortunatly
unfortunately,unfortunatly
vary,varie
violent,violet
vote,vOte
vote,votE
vote,voet
vote,voat
vote,vot
walls,wals
washing,waShing
washing,waching
weighted,wagted
wheel,wHeel
wheel,weel
willow,wiLLow
willow,willoW
willow,wilow
wire,wiRE
wire,wier
wire,wirer
wonderful,wonderfull
wonderful,wonderfuL
wonderful,wonderfull
wonderful,wondrful
waging,waging
mediaeval,mediaeval
Wac,Wac
nursing's,nursing's
undecided,undecided
nightcap's,nightcap's
Dartmoor's,Dartmoor's
apostrophe,apostrophe
masqueraded,masqueraded
hyaenas,hyaenas
blowups,blowups
bypass's,bypass's
breach,breach
castaway,castaway
bugaboo,bugaboo
Laotian's,Laotian's
caricatured,caricatured
Freud's,Freud's
Pabst's,Pabst's
reanimating,reanimating
sandbank's,sandbank's
hooping,hooping
ruin's,ruin's
Agrippina,Agrippina
Ehrlich,Ehrlich
Stevenson,Stevenson
flesh's,flesh's
corroded,corroded
eighties,eighties
viceroy's,viceroy's
gracing,gracing
huckster,huckster
Fredrick's,Fredrick's
regularizes,regularizes
tot's,tot's
gunnery,gunnery
slake,slake
replenishment,replenishment
nun,nun
Contreras's,Contreras's
velocity,velocity
capillary,capillary
teat's,teat's
empire's,empire's
infancy's,infancy's
tomorrow's,tomorrow's
Cancer's,Cancer's
omniscience's,omniscience's
animating,animating
lawyers,lawyers
haunt,haunt
monologs,monologs
mechanistic,mechanistic
sordid,sordid
kaolin,kaolin
schoolroom,schoolroom
herbivore's,herbivore's
ridging,ridging
pander,pander
solid's,solid's
hinterland,hinterland
trenched,trenched
Halley's,Halley's
forbidding,forbidding
crossover,crossover
expression's,expression's
metabolize,metabolize
encapsulates,encapsulates
glissando,glissando
consoles,consoles
tiresomeness,tiresomeness
pinstripe,pinstripe
internalizes,internalizes
pollutants,pollutants
portico,portico
alternatively,alternatively
trespasses,trespasses
forming,forming
headwaiters,headwaiters
immortally,immortally
genesis's,genesis's
scrabbled,scrabbled
taco,taco
betroth,betroth
transmittal's,transmittal's
Talley,Talley
sporing,sporing
browned,browned
hivemind's,hivemind's
Schnabel's,Schnabel's
outsells,outsells
linnet's,linnet's
profited,profited
judge's,judge's
Benton's,Benton's
joystick,joystick
climax,climax
Yvette,Yvette
truckload,truckload
genus's,genus's
kneecapped,kneecapped
Pym,Pym
yore's,yore's
Mel's,Mel's
droopiest,droopiest
tomcats,tomcats
Domitian's,Domitian's
cleanness's,cleanness's
unifies,unifies
brushwood,brushwood
Romanticism,Romanticism
loathing,loathing
readings,readings
helpline,helpline
lousiness,lousiness
cramming,cramming
pirates,pirates
spinner,spinner
primate's,primate's
superpower's,superpower's
showing's,showing's
discretionary,discretionary
spendthrifts,spendthrifts
Stern,Stern
scorpions,scorpions
monocotyledons,monocotyledons
gabardine's,gabardine's
engulfed,engulfed
idled,idled
lechers,lechers
bluebells,bluebells
sucker,sucker
apprenticeship's,apprenticeship's
rear,rear
Farragut,Farragut
torque's,torque's
interleaved,interleaved
hedged,hedged
Kurosawa's,Kurosawa's
invigorating,invigorating
maelstrom's,maelstrom's
leprous,leprous
benevolence's,benevolence's
Gallo,Gallo
Minoans,Minoans
splutter's,splutter's
dictatorship's,dictatorship's
vacillating,vacillating
Orin,Orin
Sancho's,Sancho's
vestibules,vestibules
tangerine,tangerine
deviance's,deviance's
Aeroflot's,Aeroflot's
joule,joule
pretence's,pretence's
rubberizing,rubberizing
lifetime,lifetime
ebb,ebb
adieus,adieus
camcorder,camcorder
pettifoggers,pettifoggers
councillor's,councillor's
exploitative,exploitative
trochees,trochees
wilfully,wilfully
topcoat's,topcoat's
snowplowed,snowplowed
tempest,tempest
tattering,tattering
mugginess,mugginess
kilowatt's,kilowatt's
visibly,visibly
voile,voile
Gouda,Gouda
stickler,stickler
Slovak's,Slovak's
incised,incised
chocks,chocks
canonization,canonization
gorillas,gorillas
sentencing,sentencing
prearrangement,prearrangement
shell's,shell's
propaganda's,propaganda's
cleanup's,cleanup's
Gustavo,Gustavo
spinster's,spinster's
expropriate,expropriate
whistle's,whistle's
stratum,stratum
Bernbach's,Bernbach's
Indies's,Indies's
foretasted,foretasted
waylaid,waylaid
Assyria's,Assyria's
competences,competences
docketing,docketing
elide,elide
Hamlin's,Hamlin's
lexicon,lexicon
snappiest,snappiest
readout's,readout's
womanize,womanize
throbs,throbs
Polaris,Polaris
heartless,heartless
knocks,knocks
cullender,cullender
botch,botch
Andrews,Andrews
Farmer's,Farmer's
Ramadan,Ramadan
Webern's,Webern's
trilled,trilled
clapboards,clapboards
roistered,roistered
alkalinity,alkalinity
levitation,levitation
milliner's,milliner's
visionary's,visionary's
mallow's,mallow's
sapping,sapping
expectorated,expectorated
colitis,colitis
empowerment's,empowerment's
bestiary's,bestiary's
effacement's,effacement's
Tet,Tet
lawbreakers,lawbreakers
sunrise,sunrise
schuss's,schuss's
overtime's,overtime's
egret,egret
moronic,moronic
retrospective's,retrospective's
distributes,distributes
sprint's,sprint's
supping,supping
habits,habits
Menkar,Menkar
anvil,anvil
mollycoddle's,mollycoddle's
ices,ices
recollects,recollects
Ugandan's,Ugandan's
sundials,sundials
sambaed,sambaed
chromes,chromes
rollback's,rollback's
fearlessly,fearlessly
currency's,currency's
genii,genii
godchild,godchild
umbrella's,umbrella's
Poiret's,Poiret's
keyholes,keyholes
chock,chock
restart,restart
skewering,skewering
abscissae,abscissae
dinginess,dinginess
terrorism,terrorism
entertaining's,entertaining's
dieseled,dieseled
obelisk's,obelisk's
betokens,betokens
libido's,libido's
Olympias,Olympias
whippet's,whippet's
awe,awe
partiality's,partiality's
booby's,booby's
hatchway's,hatchway's
distancing,distancing
petal's,petal's
unlisted,unlisted
reactionary,reactionary
spacey,spacey
altitudes,altitudes
decompression,decompression
womankind's,womankind's
bankbooks,bankbooks
neckerchief,neckerchief
wholesale's,wholesale's
transient,transient
blackberry,blackberry
insurgencies,insurgencies
muskier,muskier
Mitchell,Mitchell
Naismith,Naismith
espying,espying
commandants,commandants
Gilbert,Gilbert
toadying,toadying
snappers,snappers
residue,residue
checker,checker
Prensa,Prensa
Turks,Turks
foul,foul
introversion,introversion
pleader,pleader
autumns,autumns
Kuhn,Kuhn
Jean's,Jean's
fertilizer,fertilizer
unlatched,unlatched
contributions,contributions
chime's,chime's
cunts,cunts
macrocosm,macrocosm
YMCA,YMCA
sideshow,sideshow
torturing,torturing
parole's,parole's
Celeste,Celeste
Connie's,Connie's
celebrations,celebrations
explosively,explosively
gambit,gambit
dawned,dawned
Gonzalo's,Gonzalo's
paleness,paleness
Indochinese's,Indochinese's
bruskness's,bruskness's
treadling,treadling
sliver,sliver
cafeteria,cafeteria
swathe,swathe
soluble,soluble
censured,censured
marabous,marabous
sediment,sediment
circulation's,circulation's
privacy's,privacy's
pities,pities
Fischer,Fischer
woodcock,woodcock
lazying,lazying
Sarah,Sarah
Gareth,Gareth
diphthong's,diphthong's
smolder's,smolder's
wand,wand
nonhazardous,nonhazardous
weakly,weakly
doughtiest,doughtiest
prosecutions,prosecutions
pacesetter's,pacesetter's
turntable's,turntable's
logger,logger
drafting,drafting
frankfurters,frankfurters
outwearing,outwearing
marina,marina
override's,override's
kleptomania's,kleptomania's
bucktooth's,bucktooth's
paraffin,paraffin
finals,finals
anecdotes,anecdotes
subjecting,subjecting
irregularly,irregularly
gibbet's,gibbet's
reinstalled,reinstalled
Bulgaria's,Bulgaria's
quickness,quickness
impersonator's,impersonator's
theists,theists
minicomputer,minicomputer
Maitreya's,Maitreya's
surrogates,surrogates
strike's,strike's
parroted,parroted
cosmetics,cosmetics
Gatling,Gatling
deadbeats,deadbeats
negligs,negligs
melodically,melodically
tee's,tee's
Tommie's,Tommie's
condescends,condescends
effusive,effusive
Jillian's,Jillian's
Pasteur's,Pasteur's
tapir's,tapir's
Randy's,Randy's
gotcha,gotcha
hedgehog,hedgehog
severity's,severity's
deforest,deforest
subjunctive,subjunctive
constituting,constituting
h,h
revolutionizes,revolutionizes
romanticists,romanticists
Federalist,Federalist
flashes,flashes
canary's,canary's
birthed,birthed
gantlet,gantlet
taxi,taxi
waves,waves
homeroom's,homeroom's
extenuated,extenuated
ghoulish,ghoulish
Lindbergh's,Lindbergh's
dorky,dorky
papayas,papayas
Cecily's,Cecily's
desegregation's,desegregation's
Cokes,Cokes
pallor,pallor
dingier,dingier
indirection,indirection
dessert's,dessert's
braver,braver
beret's,beret's
psychotherapists,psychotherapists
miscreants,miscreants
surfboards,surfboards
scurrilously,scurrilously
gaseous,gaseous
warbled,warbled
pickle's,pickle's
airlift's,airlift's
geocache,geocache
Hooters's,Hooters's
tanked,tanked
Orr's,Orr's
Shropshire's,Shropshire's
insane,insane
shimmed,shimmed
Barr's,Barr's
solvents,solvents
reposing,reposing
friendships,friendships
clinic,clinic
primates,primates
hydrant,hydrant
egged,egged
Srinagar,Srinagar
phish,phish
rowboat,rowboat
communicators,communicators
Woolworth's,Woolworth's
explosiveness's,explosiveness's
lambasted,lambasted
computerizing,computerizing
fuze,fuze
laces,laces
variably,variably
scrunchy,scrunchy
sachems,sachems
copulae,copulae
Powers,Powers
pricing,pricing
Tessa's,Tessa's
impartiality's,impartiality's
Iyar's,Iyar's
Porter,Porter
evenings,evenings
sanctity's,sanctity's
politest,politest
everyplace,everyplace
newsstand's,newsstand's
Paracelsus's,Paracelsus's
underclassmen,underclassmen
greyhound's,greyhound's
lioness's,lioness's
teetotaler's,teetotaler's
invalidates,invalidates
Chaitanya,Chaitanya
delimiters,delimiters
overcautious,overcautious
cabbies,cabbies
Xanthippe's,Xanthippe's
Elnath,Elnath
whizzing,whizzing
subjugates,subjugates
methodology's,methodology's
shaikhs,shaikhs
Clemons's,Clemons's
bramble's,bramble's
wholeness,wholeness
agonized,agonized
original's,original's
califs,califs
glided,glided
uncountable,uncountable
gibes,gibes
mollusk's,mollusk's
hoists,hoists
tocsin,tocsin
requisite,requisite
Giza,Giza
phloem's,phloem's
Paley,Paley
mainmast,mainmast
HBase,HBase
Corot,Corot
heavenwards,heavenwards
grandstand,grandstand
Bruno,Bruno
cheerier,cheerier
encampment,encampment
Afghans,Afghans
suicidal,suicidal
treetops,treetops
sound's,sound's
Cranach,Cranach
needlessly,needlessly
Ferber,Ferber
wadding,wadding
Heine,Heine
Devanagari's,Devanagari's
Greenspan,Greenspan
Lombardi,Lombardi
brilliancy's,brilliancy's
outlaws,outlaws
insolvable,insolvable
roosting,roosting
osteoporosis,osteoporosis
Jacksonian,Jacksonian
orbit's,orbit's
coffining,coffining
flex's,flex's
Sinhalese,Sinhalese
frightful,frightful
proms,proms
earliness's,earliness's
smattering's,smattering's
Tutankhamen's,Tutankhamen's
syncopation,syncopation
blunderers,blunderers
watchful,watchful
dieticians,dieticians
Urania,Urania
recidivist's,recidivist's
slanting,slanting
Hayes's,Hayes's
Savannah's,Savannah's
suffers,suffers
intelligentsia,intelligentsia
consistently,consistently
Voyager,Voyager
brisk,brisk
Gonzalez,Gonzalez
unconscionably,unconscionably
genies,genies
worsting,worsting
expendables,expendables
Albireo's,Albireo's
genitalia's,genitalia's
pooch,pooch
minority's,minority's
Berzelius's,Berzelius's
yolk's,yolk's
Gog,Gog
chichis,chichis
lib's,lib's
kneeling,kneeling
liver's,liver's
setback's,setback's
weasels,weasels
crescendi,crescendi
keying,keying
intellectualism,intellectualism
cloys,cloys
stressing,stressing
wiki's,wiki's
spoonerisms,spoonerisms
aping,aping
wisps,wisps
Utrillo's,Utrillo's
lottery's,lottery's
impenetrably,impenetrably
Thaddeus's,Thaddeus's
iffiest,iffiest
housetop's,housetop's
parse,parse
Baguio,Baguio
multiplied,multiplied
Fuzhou,Fuzhou
sandwich's,sandwich's
fade's,fade's
grating,grating
jabbed,jabbed
Sejong,Sejong
contraventions,contraventions
hairsbreadth,hairsbreadth
plugin,plugin
overlooks,overlooks
decadence,decadence
finagler's,finagler's
motors,motors
Stacy's,Stacy's
Prozac,Prozac
pantheist,pantheist
Joshua,Joshua
Bond,Bond
hurl's,hurl's
ingot's,ingot's
disturbingly,disturbingly
Munro,Munro
clefs,clefs
stauncher,stauncher
outdoing,outdoing
entrances,entrances
acacias,acacias
expendable,expendable
beanbag's,beanbag's
godsons,godsons
airline's,airline's
Minerva,Minerva
blamed,blamed
Lt,Lt
articulately,articulately
revoltingly,revoltingly
bayberry's,bayberry's
laboratory's,laboratory's
alliterations,alliterations
parley,parley
stratospheres,stratospheres
sprite's,sprite's
apprize,apprize
calipering,calipering
elderly,elderly
McGovern,McGovern
periscopes,periscopes
smidge,smidge
gizzard,gizzard
Ford,Ford
newton's,newton's
descents,descents
coop's,coop's
syllabus's,syllabus's
tatters,tatters
Charolais,Charolais
unbind,unbind
largo's,largo's
widgeons,widgeons
demographics's,demographics's
depriving,depriving
emigrates,emigrates
blindside,blindside
ambient,ambient
dogs,dogs
windowsill's,windowsill's
reverie's,reverie's
Lakota,Lakota
boomerang,boomerang
Rand,Rand
Don,Don
prospective,prospective
pulverization's,pulverization's
Olaf's,Olaf's
Unukalhai's,Unukalhai's
Rocky,Rocky
lobe's,lobe's
maintaining,maintaining
ambergris,ambergris
papyruses,papyruses
ravines,ravines
colloids,colloids
groveler's,groveler's
jehad,jehad
steeliest,steeliest
exasperation,exasperation
Maimonides's,Maimonides's
impersonated,impersonated
Endymion's,Endymion's
embroiled,embroiled
sittings,sittings
commandeering,commandeering
Colombo,Colombo
barbarians,barbarians
hunter,hunter
conciliation's,conciliation's
serially,serially
Sutton,Sutton
unsuccessfully,unsuccessfully
larkspur,larkspur
diagonals,diagonals
marshal's,marshal's
toddles,toddles
buzzword's,buzzword's
Armand's,Armand's
Gilroy,Gilroy
reflexively,reflexively
circuitously,circuitously
orgasms,orgasms
condemnations,condemnations
wen's,wen's
inheritor's,inheritor's
Hibernia,Hibernia
ensnaring,ensnaring
anaesthetic,anaesthetic
ironmongers,ironmongers
swarthiest,swarthiest
feint,feint
clapboarded,clapboarded
redeployment,redeployment
goddess,goddess
foggiest,foggiest
skyjackers,skyjackers
multipurpose,multipurpose
cot,cot
scanning,scanning
magnifications,magnifications
Dooley,Dooley
Mohawk's,Mohawk's
setting's,setting's
cress,cress
creations,creations
salved,salved
Peru's,Peru's
gizmos,gizmos
Murmansk's,Murmansk's
unhealthiest,unhealthiest
broadcloth,broadcloth
forsaken,forsaken
shawl's,shawl's
perambulating,perambulating
bin,bin
apostrophes,apostrophes
phloxes,phloxes
helping's,helping's
miscounts,miscounts
kopek's,kopek's
Karol's,Karol's
Hadoop,Hadoop
taxi's,taxi's
quake's,quake's
sloops,sloops
drollery,drollery
Mongol's,Mongol's
mademoiselle's,mademoiselle's
junco's,junco's
footlights,footlights
DE,DE
ornateness,ornateness
transship,transship
Holder's,Holder's
tuna's,tuna's
ludicrousness,ludicrousness
posies,posies
Burma's,Burma's
cloistering,cloistering
haberdasheries,haberdasheries
internships,internships
Leanne's,Leanne's
parquetry's,parquetry's
sampler,sampler
replicated,replicated
id's,id's
placeholder,placeholder
baits,baits
wisecracking,wisecracking
variations,variations
factor's,factor's
risky,risky
turgidly,turgidly
sames,sames
receptionist's,receptionist's
creakiest,creakiest
subscript's,subscript's
buzzard,buzzard
vanities,vanities
finesse,finesse
entraps,entraps
cheeped,cheeped
Aguinaldo's,Aguinaldo's
Novosibirsk,Novosibirsk
Claudius's,Claudius's
transform,transform
exhibitionism,exhibitionism
varying,varying
redirecting,redirecting
Mithra,Mithra
bootlegging,bootlegging
counties,counties
Land,Land
releases,releases
walnut's,walnut's
griming,griming
Federico's,Federico's
MTV's,MTV's
Pacheco,Pacheco
Saroyan's,Saroyan's
demarcate,demarcate
paralyzing,paralyzing
gabbiest,gabbiest
lupin's,lupin's
masturbating,masturbating
crumpets,crumpets
reiteration,reiteration
liter,liter
juggernaut,juggernaut
practitioner's,practitioner's
pleurisy,pleurisy
snuffle's,snuffle's
bid's,bid's
surpluses,surpluses
juggler's,juggler's
Luftwaffe,Luftwaffe
screech's,screech's
keystrokes,keystrokes
Lubavitcher,Lubavitcher
in's,in's
dell's,dell's
maritime,maritime
comas,comas
ships,ships
troopship,troopship
scruffs,scruffs
firefighter's,firefighter's
uproariously,uproariously
Lister,Lister
Pisa,Pisa
calf's,calf's
Dobro's,Dobro's
convey,convey
unremitting,unremitting
Kipling's,Kipling's
English,English
hangers,hangers
turtledove's,turtledove's
inhibitions,inhibitions
ricked,ricked
duellist's,duellist's
polynomials,polynomials
Marcie's,Marcie's
enfeebles,enfeebles
unpopular,unpopular
Roman,Roman
patrimony,patrimony
ounce,ounce
enchanter's,enchanter's
refereed,refereed
seams,seams
legislating,legislating
porpoise,porpoise
vindication's,vindication's
percussion's,percussion's
extracted,extracted
gatherings,gatherings
captivation's,captivation's
Carpenter,Carpenter
Hull,Hull
lichen's,lichen's
melanomata,melanomata
basements,basements
Malthus's,Malthus's
posy's,posy's
heir's,heir's
Pentiums,Pentiums
ticked,ticked
soapiness's,soapiness's
phoneys,phoneys
foolscap,foolscap
glamouring,glamouring
serf,serf
reposeful,reposeful
Cassatt's,Cassatt's
Hera's,Hera's
mortice,mortice
typified,typified
hullabaloo's,hullabaloo's
captors,captors
unluckier,unluckier
predict,predict
lizard,lizard
jest's,jest's
serviceman,serviceman
hewer,hewer
reconsider,reconsider
disciplining,disciplining
manager's,manager's
stewards,stewards
formulations,formulations
Decalogue's,Decalogue's
strives,strives
gimcrack's,gimcrack's
understandably,understandably
defilement's,defilement's
Wilda's,Wilda's
salines,salines
dryness's,dryness's
Gladys,Gladys
monastics,monastics
Byers,Byers
stolidly,stolidly
inhaler's,inhaler's
dogfight's,dogfight's
biweekly's,biweekly's
spiel,spiel
vindicate,vindicate
Mamore's,Mamore's
trainee,trainee
sedan's,sedan's
Babylonian,Babylonian
mica,mica
jangle's,jangle's
cheeseburger,cheeseburger
cataract's,cataract's
interviewee's,interviewee's
Nunez,Nunez
pussies,pussies
observatories,observatories
processors,processors
implacability's,implacability's
memorably,memorably
innkeeper's,innkeeper's
oversampling,oversampling
sepulcher,sepulcher
massacre's,massacre's
despoiled,despoiled
pewees,pewees
boaters,boaters
tub's,tub's
cloudless,cloudless
concerted,concerted
ingratiates,ingratiates
shamming,shamming
advisability,advisability
oops,oops
clothespin,clothespin
heists,heists
typefaces,typefaces
recluse's,recluse's
integrates,integrates
Farrow's,Farrow's
spinnakers,spinnakers
downsizing's,downsizing's
offal's,offal's
repellants,repellants
knockouts,knockouts
Fri,Fri
torchlight,torchlight
hewer's,hewer's
franchises,franchises
BP,BP
slenderize,slenderize
deified,deified
Sabin,Sabin
porridge's,porridge's
geocentric,geocentric
Blackburn,Blackburn
Ibadan's,Ibadan's
Geraldine,Geraldine
someplace,someplace
preliminary,preliminary
drubbing,drubbing
Sears,Sears
conversation's,conversation's
deciduous,deciduous
groveled,groveled
Methodism's,Methodism's
sprouts,sprouts
convokes,convokes
hordes,hordes
sow's,sow's
breeder's,breeder's
Bunin's,Bunin's
Cambrian,Cambrian
subsets,subsets
manufacturer,manufacturer
Heywood,Heywood
boondoggle,boondoggle
receptacles,receptacles
conduit's,conduit's
accreditation,accreditation
Russel's,Russel's
limning,limning
Thespis,Thespis
abrasiveness's,abrasiveness's
unpaved,unpaved
muscatel's,muscatel's
inchoate,inchoate
marvel,marvel
escarpments,escarpments
Shikoku,Shikoku
roost's,roost's
pilgrimage,pilgrimage
dingo,dingo
paginated,paginated
grunt's,grunt's
stepmother,stepmother
resolution's,resolution's
Dalmatians,Dalmatians
tactician's,tactician's
antipathy,antipathy
dorks,dorks
tepee's,tepee's
Goth,Goth
dab,dab
rectified,rectified
passengers,passengers
childhood's,childhood's
sentimentalize,sentimentalize
inspiration,inspiration
shrubby,shrubby
Frances,Frances
McCartney's,McCartney's
PST's,PST's
summons,summons
vents,vents
chilliness's,chilliness's
scoured,scoured
Huxley's,Huxley's
abject,abject
Kirghistan's,Kirghistan's
retrogressive,retrogressive
ampere's,ampere's
cygnets,cygnets
dullard's,dullard's
yucca,yucca
sassier,sassier
gawks,gawks
Faith's,Faith's
wasters,wasters
Hollis,Hollis
gayety,gayety
condoling,condoling
dismaying,dismaying
teakettle's,teakettle's
fester's,fester's
sates,sates
totalitarian's,totalitarian's
forsook,forsook
consumerism's,consumerism's
Wordsworth's,Wordsworth's
Greta,Greta
paperboy,paperboy
refutations,refutations
madrassa,madrassa
aqueducts,aqueducts
Leary,Leary
loquacity,loquacity
benign,benign
taxied,taxied
persecute,persecute
Malibu's,Malibu's
estates,estates
firth's,firth's
earthworm's,earthworm's
humbleness,humbleness
Keynesian,Keynesian
survives,survives
weer,weer
butcheries,butcheries
foible's,foible's
veterinarian's,veterinarian's
cholesterol,cholesterol
bins,bins
camped,camped
soundless,soundless
disassociating,disassociating
Byelorussia's,Byelorussia's
disorient,disorient
minicams,minicams
Dole,Dole
signets,signets
bough's,bough's
perpetrated,perpetrated
woodpile,woodpile
misanthropic,misanthropic
poshest,poshest
Dido,Dido
denseness,denseness
Theodosius,Theodosius
tanager's,tanager's
basics,basics
minks,minks
esplanade,esplanade
pleasantness's,pleasantness's
sheared,sheared
betraying,betraying
hankie,hankie
insularity,insularity
tapirs,tapirs
undercharged,undercharged
Eustachian's,Eustachian's
covet,covet
roadshow,roadshow
sportscasts,sportscasts
McCarthyism,McCarthyism
braziers,braziers
familial,familial
nighty,nighty
ridiculing,ridiculing
egalitarians,egalitarians
oak's,oak's
rhubarb's,rhubarb's
inebriation's,inebriation's
Cathryn,Cathryn
intellectualizes,intellectualizes
SharePoint,SharePoint
overused,overused
pocked,pocked
yeshivah's,yeshivah's
eats,eats
lyricists,lyricists
email,email
schoolboys,schoolboys
Brokaw's,Brokaw's
impacting,impacting
crocodile's,crocodile's
handcart,handcart
pumpernickel,pumpernickel
gigahertz,gigahertz
Hinton,Hinton
Paul,Paul
luminary,luminary
Target's,Target's
skeet,skeet
dehumanization,dehumanization
Nashville,Nashville
showoffs,showoffs
enfeeble,enfeeble
buddings,buddings
casement,casement
Vienna,Vienna
Yellowknife,Yellowknife
inking,inking
discredits,discredits
hoopla,hoopla
Kandinsky,Kandinsky
Tannhäuser,Tannhäuser
rums,rums
sapped,sapped
divisions,divisions
Reaganomics,Reaganomics
suffragans,suffragans
ruggedly,ruggedly
horsehide,horsehide
gratefulness,gratefulness
unfashionable,unfashionable
Nivea,Nivea
variation's,variation's
irrefutable,irrefutable
address's,address's
tidied,tidied
air's,air's
adjudge,adjudge
stubby,stubby
Samoset,Samoset
ocarinas,ocarinas
incorporation,incorporation
squab,squab
meticulousness,meticulousness
taboo,taboo
finch's,finch's
Loire's,Loire's
cowboy,cowboy
sties,sties
casein,casein
gaggles,gaggles
Unitarian,Unitarian
Larsen's,Larsen's
Hoyle,Hoyle
physiotherapy's,physiotherapy's
she'll,she'll
prostration,prostration
portal's,portal's
unnatural,unnatural
edible's,edible's
grimed,grimed
tarpaulin's,tarpaulin's
Moll,Moll
sideshow's,sideshow's
naiver,naiver
configured,configured
bingo's,bingo's
condescended,condescended
shrapnel,shrapnel
outstretched,outstretched
element,element
spoonful's,spoonful's
heredity's,heredity's
particularities,particularities
wattle's,wattle's
rebounds,rebounds
forceps,forceps
hollowness,hollowness
Haifa's,Haifa's
gratifying,gratifying
immaculately,immaculately
insulator's,insulator's
jigsawing,jigsawing
chemists,chemists
cobweb's,cobweb's
Lana,Lana
twinge,twinge
mikes,mikes
Lora,Lora
commissioners,commissioners
gobbledegook,gobbledegook
sprightly,sprightly
sausage,sausage
airport's,airport's
bothered,bothered
seascape,seascape
plasterboard,plasterboard
Magellanic,Magellanic
oboe's,oboe's
mispronounces,mispronounces
travelog,travelog
Thomistic's,Thomistic's
Tim's,Tim's
definiteness,definiteness
healthiness,healthiness
pounded,pounded
pesky,pesky
decaying,decaying
Cowper,Cowper
sandblast's,sandblast's
motives,motives
OAS,OAS
McNeil's,McNeil's
dolling,dolling
paroles,paroles
ultraviolet,ultraviolet
boutonnière's,boutonnière's
rationalistic,rationalistic
Darcy,Darcy
Luciano's,Luciano's
truanting,truanting
trebling,trebling
totter's,totter's
incriminates,incriminates
retreads,retreads
freaked,freaked
Cree's,Cree's
advisories,advisories
climber's,climber's
Cantor's,Cantor's
nightmare's,nightmare's
thousand's,thousand's
underpaying,underpaying
purer,purer
femur's,femur's
Bulganin's,Bulganin's
cunt's,cunt's
pervades,pervades
satinwood's,satinwood's
flounced,flounced
scruff's,scruff's
tendonitis's,tendonitis's
method's,method's
bumbles,bumbles
modishness's,modishness's
moonshine's,moonshine's
transferal's,transferal's
adheres,adheres
overrule,overrule
indorsement's,indorsement's
Fargo's,Fargo's
childlessness,childlessness
behooves,behooves
mum,mum
Salinger's,Salinger's
sepal's,sepal's
bookworm's,bookworm's
recapitulated,recapitulated
carbides,carbides
crowned,crowned
fo'c's'le,fo'c's'le
overheated,overheated
nirvana,nirvana
lifesaver,lifesaver
Austerlitz,Austerlitz
Watergate's,Watergate's
fires,fires
mudslinger,mudslinger
Marva's,Marva's
Amparo's,Amparo's
zeniths,zeniths
Caldwell's,Caldwell's
attics,attics
forwarding,forwarding
Shankara's,Shankara's
marchioness,marchioness
heighten,heighten
tract,tract
mount's,mount's
jars,jars
footpath,footpath
placation,placation
alluvia,alluvia
vignettes,vignettes
aftermath,aftermath
cornea's,cornea's
boredom's,boredom's
jackal's,jackal's
dysentery,dysentery
paddocks,paddocks
hypothesized,hypothesized
recitative,recitative
carpentry,carpentry
gearbox's,gearbox's
misogynist,misogynist
camshaft's,camshaft's
schemers,schemers
scattering,scattering
jangling,jangling
outage's,outage's
ragtime,ragtime
retaliatory,retaliatory
roaching,roaching
workaholics,workaholics
colonialism,colonialism
oysters,oysters
glory,glory
eucalypti,eucalypti
fulcrum,fulcrum
unavoidable,unavoidable
insights,insights
Ronda,Ronda
returnables,returnables
underground's,underground's
nighest,nighest
demagnetizes,demagnetizes
mercury's,mercury's
terabytes,terabytes
survivals,survivals
promulgated,promulgated
execrates,execrates
sequin,sequin
hangar's,hangar's
tortoiseshell's,tortoiseshell's
nude,nude
subcompact's,subcompact's
trickster's,trickster's
ionosphere's,ionosphere's
politic,politic
overcook,overcook
shantytown's,shantytown's
selenium,selenium
divisiveness's,divisiveness's
females,females
imbibes,imbibes
boycotting,boycotting
Ozzie's,Ozzie's
snowshoeing,snowshoeing
Iblis's,Iblis's
displaced,displaced
quills,quills
Dominguez's,Dominguez's
bootless,bootless
sticker,sticker
sway,sway
totem,totem
miller,miller
abolitionist's,abolitionist's
standardization's,standardization's
shaved,shaved
lift's,lift's
madrigal's,madrigal's
oceanographer,oceanographer
handily,handily
Noelle,Noelle
rasher,rasher
masculinity,masculinity
corruptest,corruptest
ikons,ikons
TB,TB
craftily,craftily
oar,oar
affiliation,affiliation
misdirection's,misdirection's
bittern,bittern
squiggled,squiggled
fanny's,fanny's
Velez,Velez
chimaera's,chimaera's
Navratilova,Navratilova
construct's,construct's
sickeningly,sickeningly
talker,talker
ultrasonically,ultrasonically
Kelly's,Kelly's
fracas's,fracas's
stooge's,stooge's
dashed,dashed
smudgier,smudgier
forayed,forayed
molehill,molehill
eccentricities,eccentricities
Nam,Nam
culpable,culpable
categorizes,categorizes
Downy's,Downy's
negativity,negativity
heralds,heralds
Renault,Renault
retired,retired
perquisites,perquisites
matured,matured
arrowheads,arrowheads
irradiates,irradiates
bonny,bonny
pigtails,pigtails
ram's,ram's
pronunciation's,pronunciation's
flooring's,flooring's
disquiets,disquiets
Stafford,Stafford
stimulant's,stimulant's
linen's,linen's
narcissism's,narcissism's
dowager's,dowager's
collectable's,collectable's
jackpot,jackpot
nonesuch's,nonesuch's
stimulating,stimulating
Rainier,Rainier
burglary,burglary
example's,example's
glisten,glisten
magisterial,magisterial
megaton,megaton
Beardsley's,Beardsley's
plausibility,plausibility
Shapiro,Shapiro
pommeling,pommeling
veld,veld
Elise's,Elise's
headboard,headboard
telltales,telltales
sticklebacks,sticklebacks
sapling,sapling
bookend's,bookend's
summaries,summaries
oceanic,oceanic
gamier,gamier
lintels,lintels
jots,jots
flab,flab
Dunkirk's,Dunkirk's
rhinoceroses,rhinoceroses
Phrygia's,Phrygia's
bassist's,bassist's
accusatives,accusatives
abjurations,abjurations
pulpier,pulpier
serving's,serving's
lovelies,lovelies
stalking,stalking
polygons,polygons
dependability's,dependability's
finishers,finishers
contrasts,contrasts
imposition,imposition
truncating,truncating
Keynes's,Keynes's
slenderness,slenderness
Marxism,Marxism
peahen,peahen
tossups,tossups
ushering,ushering
lackadaisically,lackadaisically
squeezers,squeezers
mallow,mallow
Alston's,Alston's
clickbait,clickbait
ass,ass
dastardly,dastardly
adducing,adducing
reconstruct,reconstruct
boobs,boobs
Mickie,Mickie
crimping,crimping
deteriorate,deteriorate
Rhone,Rhone
rood,rood
gooseberries,gooseberries
wiles,wiles
regressions,regressions
Serb's,Serb's
rams,rams
figurines,figurines
motivation,motivation
retailer's,retailer's
radials,radials
Oriental,Oriental
craft,craft
firsts,firsts
parallelisms,parallelisms
arthropods,arthropods
imperialism,imperialism
Burns's,Burns's
netbooks,netbooks
admirals,admirals
knackwurst's,knackwurst's
composite,composite
crony's,crony's
Sadie's,Sadie's
Marianas's,Marianas's
unwieldiest,unwieldiest
curacies,curacies
disk's,disk's
surrender's,surrender's
trammel,trammel
Cochran's,Cochran's
underling's,underling's
Jungian,Jungian
corrosion,corrosion
Santiago,Santiago
Volta,Volta
rockers,rockers
overheard,overheard
tunnel's,tunnel's
Fiji's,Fiji's
concertmasters,concertmasters
Semtex,Semtex
Rove's,Rove's
Chesapeake's,Chesapeake's
trophy's,trophy's
schoolroom's,schoolroom's
adulteration,adulteration
midyear,midyear
circumcised,circumcised
jaggedly,jaggedly
midwinter,midwinter
masticated,masticated
Cray,Cray
admonishes,admonishes
Grey's,Grey's
affluent,affluent
Snoopy's,Snoopy's
chloroform,chloroform
robbery's,robbery's
inserting,inserting
Alphonse,Alphonse
dithered,dithered
exults,exults
candidly,candidly
chestnut,chestnut
clinch,clinch
haberdashers,haberdashers
unpacks,unpacks
stepchild,stepchild
Weizmann's,Weizmann's
Evian,Evian
retorting,retorting
delight's,delight's
jacket's,jacket's
blotting,blotting
scandalously,scandalously
peepholes,peepholes
dilly,dilly
Anselmo's,Anselmo's
worrisome,worrisome
quadriceps's,quadriceps's
mucked,mucked
adjoin,adjoin
enjoin,enjoin
thunderbolt's,thunderbolt's
midterm's,midterm's
seesaw,seesaw
adapted,adapted
awfullest,awfullest
lilacs,lilacs
cuddliest,cuddliest
useability's,useability's
exploring,exploring
slung,slung
Uniroyal,Uniroyal
nitpicked,nitpicked
dads,dads
lepers,lepers
augmentation,augmentation
vindicating,vindicating
enlivened,enlivened
appellations,appellations
experimented,experimented
harmoniously,harmoniously
tint,tint
recycles,recycles
neonate,neonate
Froissart,Froissart
emergence,emergence
indisputably,indisputably
Toledo's,Toledo's
wineglass's,wineglass's
Gris's,Gris's
pettifogging,pettifogging
obscenity,obscenity
effortlessly,effortlessly
withdrew,withdrew
forgiveness,forgiveness
wages,wages
banjoist's,banjoist's
salacious,salacious
cheesy,cheesy
peseta,peseta
teargas's,teargas's
Bk,Bk
proportioning,proportioning
tampered,tampered
hedge's,hedge's
tyroes,tyroes
coverage's,coverage's
protected,protected
nitwit's,nitwit's
courageous,courageous
Huston,Huston
hod,hod
viscus's,viscus's
permute,permute
terrapins,terrapins
Galahad,Galahad
Gila's,Gila's
aversions,aversions
yesteryear's,yesteryear's
cabarets,cabarets
Malta,Malta
evaporation,evaporation
tellingly,tellingly
Mosley,Mosley
lab,lab
diaper's,diaper's
mesquites,mesquites
Capra,Capra
rearming,rearming
truffles,truffles
stubbier,stubbier
Erick,Erick
godlier,godlier
torques,torques
lottery,lottery
docs,docs
Appalachia,Appalachia
Ito,Ito
roughen,roughen
jauntiness,jauntiness
presage,presage
Alonzo,Alonzo
scuff,scuff
Schwartz,Schwartz
inertia,inertia
personage's,personage's
plainclothesman's,plainclothesman's
consigning,consigning
subcontractor,subcontractor
scanner's,scanner's
McDowell's,McDowell's
fiscals,fiscals
potholder,potholder
hostlers,hostlers
bedbug's,bedbug's
Quetzalcoatl,Quetzalcoatl
demonstration,demonstration
unmodified,unmodified
importance's,importance's
sophistication,sophistication
undulation's,undulation's
southerners,southerners
authoritarians,authoritarians
vinaigrette's,vinaigrette's
scrogs,scrogs
grid's,grid's
headline,headline
olfactories,olfactories
Connecticut's,Connecticut's
smiley,smiley
horsewoman,horsewoman
paining,paining
bookmark's,bookmark's
lazybones,lazybones
Wilford's,Wilford's
heatstroke's,heatstroke's
underlay,underlay
Cheyenne,Cheyenne
obfuscating,obfuscating
unfriends,unfriends
superlative's,superlative's
gambled,gambled
portability,portability
glare,glare
Dianne's,Dianne's
devotion's,devotion's
Sherrie,Sherrie
dancing's,dancing's
vegetarian's,vegetarian's
cerebellum,cerebellum
Barbary's,Barbary's
squeezer,squeezer
Brenner's,Brenner's
Cage,Cage
chiropody's,chiropody's
Radcliff,Radcliff
mash,mash
Dacron,Dacron
pentagon's,pentagon's
heron's,heron's
cicatrice's,cicatrice's
Onondaga,Onondaga
hardwired,hardwired
counterclaims,counterclaims
besetting,besetting
vial's,vial's
Berg's,Berg's
consistency,consistency
entrails,entrails
holster,holster
infirmaries,infirmaries
neg,neg
Astarte's,Astarte's
convexity's,convexity's
personifications,personifications
icebergs,icebergs
underhanded,underhanded
moieties,moieties
orangeades,orangeades
sprout's,sprout's
mudslingers,mudslingers
pissing,pissing
Tiffany,Tiffany
swatting,swatting
lummoxes,lummoxes
dictator's,dictator's
spate,spate
noodled,noodled
exclusives,exclusives
intrenchment's,intrenchment's
vastness,vastness
cornflakes,cornflakes
reconfiguration,reconfiguration
Mallomars,Mallomars
concierges,concierges
queer's,queer's
halfbacks,halfbacks
atwitter,atwitter
heathen's,heathen's
stress,stress
scrog,scrog
Elyria's,Elyria's
grinder,grinder
hang's,hang's
babiest,babiest
Magsaysay's,Magsaysay's
delegation's,delegation's
unappreciative,unappreciative
Fujitsu,Fujitsu
catalogers,catalogers
Ogden's,Ogden's
nickle,nickle
gooier,gooier
Fatimid,Fatimid
harmonic's,harmonic's
unschooled,unschooled
Nita,Nita
Babbitt,Babbitt
craftiness,craftiness
smash's,smash's
rioted,rioted
blurs,blurs
coccyges,coccyges
librettos,librettos
infrastructures,infrastructures
Daniel's,Daniel's
viz,viz
polyunsaturated,polyunsaturated
champagne,champagne
percents,percents
gismo's,gismo's
prevaricating,prevaricating
terminate,terminate
Taiwan's,Taiwan's
boobies,boobies
compacting,compacting
Japura,Japura
wale's,wale's
playmate's,playmate's
undisturbed,undisturbed
representing,representing
sourly,sourly
congesting,congesting
provides,provides
poops,poops
harness's,harness's
missionary's,missionary's
purses,purses
superstructure,superstructure
warren,warren
overtax,overtax
Dunn's,Dunn's
abstains,abstains
Assad,Assad
Putin's,Putin's
assisting,assisting
purulence,purulence
directer,directer
cloakroom,cloakroom
threshing,threshing
coppery,coppery
Seychelles's,Seychelles's
wright,wright
amber's,amber's
archbishoprics,archbishoprics
Samsonite,Samsonite
undermining,undermining
sullies,sullies
canneries,canneries
Stilton,Stilton
humidity,humidity
Naugahyde,Naugahyde
sexuality's,sexuality's
Bender,Bender
refits,refits
starlets,starlets
Robinson's,Robinson's
gremlins,gremlins
Tojo's,Tojo's
brocade's,brocade's
emporium's,emporium's
purification's,purification's
peppery,peppery
duress,duress
shutterbugs,shutterbugs
Winfred's,Winfred's
Harrell's,Harrell's
demobilizing,demobilizing
softwood,softwood
quickened,quickened
Tuscany's,Tuscany's
permuted,permuted
creaminess,creaminess
vacated,vacated
glacial,glacial
bauds,bauds
newsman,newsman
surfing,surfing
MongoDB,MongoDB
incriminating,incriminating
brainwashing's,brainwashing's
lankiness,lankiness
hissed,hissed
whittler's,whittler's
hellebore,hellebore
Pekingese's,Pekingese's
vicuña's,vicuña's
Kerensky's,Kerensky's
enduing,enduing
hydroponics's,hydroponics's
enlarges,enlarges
Rabelaisian's,Rabelaisian's
dragging,dragging
jointly,jointly
commercial's,commercial's
comeuppance's,comeuppance's
prices,prices
flimflammed,flimflammed
Reyes's,Reyes's
audio,audio
defense's,defense's
morbid,morbid
tarball,tarball
ciders,ciders
harkens,harkens
Sherwood,Sherwood
ruminant,ruminant
Septuagint's,Septuagint's
dampened,dampened
foghorn,foghorn
coltish,coltish
godhood's,godhood's
bungle,bungle
hawthorn,hawthorn
toddies,toddies
stubbornest,stubbornest
Jeri,Jeri
digitally,digitally
blasé,blasé
telnet,telnet
Shell,Shell
tree's,tree's
Carolyn,Carolyn
sophisticate's,sophisticate's
mainstay's,mainstay's
Ruskin's,Ruskin's
fathead's,fathead's
childlessness's,childlessness's
gowned,gowned
cutting's,cutting's
Nola,Nola
straggles,straggles
flask,flask
restauranteur,restauranteur
horsed,horsed
Delmar's,Delmar's
initializing,initializing
content's,content's
Huntley,Huntley
jingle,jingle
sexton's,sexton's
revelry,revelry
Grady,Grady
coronation,coronation
lampposts,lampposts
upgrades,upgrades
parch,parch
Melbourne,Melbourne
Stephenson's,Stephenson's
grue,grue
Caroline,Caroline
staircase,staircase
woodlands,woodlands
dangers,dangers
sawn,sawn
Cromwell,Cromwell
deacons,deacons
jumps,jumps
causeways,causeways
clockwise,clockwise
bandages,bandages
arbitrary,arbitrary
inception,inception
Gotham's,Gotham's
dauphin's,dauphin's
yacht's,yacht's
apparel,apparel
Clojure's,Clojure's
lasts,lasts
decals,decals
consommé,consommé
sewage's,sewage's
minx,minx
childlike,childlike
Amaterasu's,Amaterasu's
cackle's,cackle's
tailwind's,tailwind's
jeez,jeez
oarsman,oarsman
Vancouver's,Vancouver's
quadrature,quadrature
Duke,Duke
tranquillize,tranquillize
glint,glint
Ukrainian,Ukrainian
Helen's,Helen's
nope,nope
undercut's,undercut's
clergyman,clergyman
teazle's,teazle's
replicators,replicators
crinkling,crinkling
priceless,priceless
catcalls,catcalls
scherzo's,scherzo's
Samoyed's,Samoyed's
enamored,enamored
vigorous,vigorous
Eddie,Eddie
memoir's,memoir's
belligerently,belligerently
rubberizes,rubberizes
Chadwick's,Chadwick's
shill,shill
Asiatics,Asiatics
mildewing,mildewing
chute,chute
malleability's,malleability's
feathers,feathers
revering,revering
directories,directories
flannelet,flannelet
obsession,obsession
redecorating,redecorating
halberd's,halberd's
nonesuch,nonesuch
channelling,channelling
manipulative,manipulative
skirmished,skirmished
synthesizers,synthesizers
indicatives,indicatives
Bogotá,Bogotá
Sherry,Sherry
poling,poling
lithest,lithest
purge's,purge's
pharmacy's,pharmacy's
irrationality,irrationality
legalisms,legalisms
variability,variability
slicker,slicker
homeland,homeland
tooth's,tooth's
Sèvres,Sèvres
antedates,antedates
amplest,amplest
confessionals,confessionals
misinforming,misinforming
serrated,serrated
indirectness's,indirectness's
elongation's,elongation's
arctic's,arctic's
condoned,condoned
affirmative,affirmative
chlorination,chlorination
reconsiders,reconsiders
shark,shark
Whitman's,Whitman's
employee's,employee's
ginkgoes,ginkgoes
macrobiotic,macrobiotic
benchmark,benchmark
chrome's,chrome's
shading,shading
plaintive,plaintive
snowplows,snowplows
overgrown,overgrown
reinforcement's,reinforcement's
ASL,ASL
eclipses,eclipses
wafts,wafts
jut's,jut's
enrolment,enrolment
fossilized,fossilized
Mills,Mills
Lithuanian,Lithuanian
embalmed,embalmed
Howell,Howell
psychotherapist,psychotherapist
Oktoberfest,Oktoberfest
irate,irate
debarment,debarment
curter,curter
splashed,splashed
SALT,SALT
spellbinding,spellbinding
headwinds,headwinds
confined,confined
proliferating,proliferating
implausibility's,implausibility's
otherworldly,otherworldly
exclusion's,exclusion's
elate,elate
electroplated,electroplated
iniquitous,iniquitous
Alhambra,Alhambra
carillon's,carillon's
hardheartedly,hardheartedly
regulation,regulation
triangles,triangles
Nepali's,Nepali's
Trevino's,Trevino's
accidental,accidental
ceded,ceded
wince's,wince's
floppiness's,floppiness's
Fahd's,Fahd's
attentiveness,attentiveness
redresses,redresses
leaved,leaved
reis,reis
fellowship,fellowship
Gruyère,Gruyère
extruded,extruded
scuds,scuds
noise's,noise's
Calexico's,Calexico's
Popocatepetl's,Popocatepetl's
maceration's,maceration's
thingamajig,thingamajig
hexameter,hexameter
Pleistocene,Pleistocene
wondrous,wondrous
buzzword,buzzword
Elwood,Elwood
Bonner,Bonner
foremast,foremast
exhumed,exhumed
datelining,datelining
reckless,reckless
encoder's,encoder's
octet,octet
dexterity,dexterity
dialysis's,dialysis's
sundown's,sundown's
welterweight's,welterweight's
subdivision,subdivision
curtails,curtails
entryways,entryways
solarium,solarium
sublime,sublime
bracketing,bracketing
handsful,handsful
sampans,sampans
Trajan,Trajan
humiliations,humiliations
Bohemian,Bohemian
exclamations,exclamations
aline,aline
rewording,rewording
grudges,grudges
beak's,beak's
deign,deign
Muhammadan's,Muhammadan's
import's,import's
Jehoshaphat's,Jehoshaphat's
digraph's,digraph's
pend,pend
unimpeachable,unimpeachable
abstractness,abstractness
Guatemala's,Guatemala's
patronizingly,patronizingly
lads,lads
Shauna,Shauna
interrogators,interrogators
Nietzsche's,Nietzsche's
misshapen,misshapen
dhoti's,dhoti's
breeziest,breeziest
Pt's,Pt's
staircases,staircases
apprentices,apprentices
sentry,sentry
glittery,glittery
humidors,humidors
fingertips,fingertips
captivating,captivating
pachyderm,pachyderm
Baxter,Baxter
multimillionaire's,multimillionaire's
meals,meals
homemade,homemade
caravan,caravan
centigram,centigram
Mounties,Mounties
Teotihuacan's,Teotihuacan's
swerve's,swerve's
automaton's,automaton's
Americans,Americans
Marsha's,Marsha's
ulcerous,ulcerous
couriers,couriers
Mills's,Mills's
shoreline's,shoreline's
diversity's,diversity's
ambergris's,ambergris's
uniting,uniting
antiquarians,antiquarians
headlocks,headlocks
dramatic,dramatic
shortbread,shortbread
Amy's,Amy's
Skopje,Skopje
certified,certified
amenable,amenable
wariest,wariest
narcissuses,narcissuses
Dow's,Dow's
strongbox's,strongbox's
ethic,ethic
pleasures,pleasures
Annam's,Annam's
Nicaraguan,Nicaraguan
Valparaiso's,Valparaiso's
swattered,swattered
committee's,committee's
interchanging,interchanging
Constitution,Constitution
laypersons,laypersons
monotheist's,monotheist's
clerk's,clerk's
meltdowns,meltdowns
clef,clef
swelters,swelters
ligaturing,ligaturing
ingredient,ingredient
bustles,bustles
characteristic's,characteristic's
Brandi's,Brandi's
Sebastian,Sebastian
disadvantage,disadvantage
maidenhair,maidenhair
muskmelons,muskmelons
union's,union's
Anacin,Anacin
Monsanto's,Monsanto's
refraining,refraining
abstainers,abstainers
disagreed,disagreed
snotty,snotty
vivas,vivas
safari,safari
spine's,spine's
Vuitton,Vuitton
Mormons,Mormons
standpoints,standpoints
NSA's,NSA's
goldener,goldener
debacles,debacles
crystallization's,crystallization's
odiously,odiously
departed's,departed's
chromosome,chromosome
rabbited,rabbited
Schiaparelli,Schiaparelli
Oder's,Oder's
exchanged,exchanged
highland,highland
genera,genera
salesmanship,salesmanship
Wilmer's,Wilmer's
backbitten,backbitten
lyre,lyre
Hormel,Hormel
suburbanites,suburbanites
genuflections,genuflections
Bertha's,Bertha's
Nebuchadnezzar's,Nebuchadnezzar's
oviparous,oviparous
rationales,rationales
bedevilling,bedevilling
Lestrade's,Lestrade's
flank's,flank's
patrician's,patrician's
doggerel,doggerel
Keillor,Keillor
Kaitlin's,Kaitlin's
lubricated,lubricated
Azov,Azov
unsnapped,unsnapped
masochists,masochists
blivets,blivets
complacency,complacency
nastily,nastily
abut,abut
hellholes,hellholes
Blenheim,Blenheim
Janjaweed,Janjaweed
oilier,oilier
upsurge,upsurge
Shakespearean's,Shakespearean's
sheepishness,sheepishness
Brubeck's,Brubeck's
pharmacology,pharmacology
Springsteen's,Springsteen's
awarding,awarding
Eco,Eco
regress,regress
federalism's,federalism's
elaboration,elaboration
freebie,freebie
steamrolling,steamrolling
microscope's,microscope's
blond's,blond's
nonwhite,nonwhite
etymological,etymological
whale's,whale's
menders,menders
cadenza,cadenza
humpbacked,humpbacked
surgically,surgically
surfboarded,surfboarded
molestation,molestation
sealskin,sealskin
farmhouses,farmhouses
plugin's,plugin's
castigator's,castigator's
Leghorn's,Leghorn's
vegan's,vegan's
videos,videos
penologist,penologist
admonitory,admonitory
Guantanamo's,Guantanamo's
kingpins,kingpins
Georges,Georges
naps,naps
inbox,inbox
fanboy,fanboy
anklet's,anklet's
Doe's,Doe's
width's,width's
cybernetics,cybernetics
sociology,sociology
Campanella's,Campanella's
dankest,dankest
chummed,chummed
bleachers,bleachers
overexposes,overexposes
Dnieper's,Dnieper's
fertility's,fertility's
earnings,earnings
Englishwomen,Englishwomen
smörgåsbord,smörgåsbord
wisteria's,wisteria's
relinquishes,relinquishes
AFC's,AFC's
trader's,trader's
clarifying,clarifying
catchall,catchall
expurgate,expurgate
keypunching,keypunching
sully,sully
Stu,Stu
inclusive,inclusive
gelatine's,gelatine's
vandalism's,vandalism's
lubricators,lubricators
socialist,socialist
germinates,germinates
Sheboygan,Sheboygan
ingresses,ingresses
revokes,revokes
fulness's,fulness's
intonation,intonation
psychedelic,psychedelic
thy,thy
conj,conj
catamaran,catamaran
nightingale's,nightingale's
toffee,toffee
unpredictable,unpredictable
quadriplegic,quadriplegic
Aquino's,Aquino's
recurrent,recurrent
welter's,welter's
syndicate,syndicate
deuces,deuces
neodymium,neodymium
Graves's,Graves's
periodontal,periodontal
Hatsheput,Hatsheput
stills,stills
Stalingrad,Stalingrad
Betsy's,Betsy's
dotcom's,dotcom's
analyzed,analyzed
jogger,jogger
lite,lite
expanses,expanses
quahaug,quahaug
earning,earning
edgiest,edgiest
mantras,mantras
Aden,Aden
Byzantine's,Byzantine's
sandiness,sandiness
ecologically,ecologically
purring,purring
matador,matador
introduces,introduces
sauerkraut,sauerkraut
coverage,coverage
Zoroastrian's,Zoroastrian's
Lapp's,Lapp's
consolidating,consolidating
gaudiness's,gaudiness's
sterner,sterner
aggressively,aggressively
Roth's,Roth's
afterthought's,afterthought's
smelter's,smelter's
plonks,plonks
respondent's,respondent's
pneumonia's,pneumonia's
postulated,postulated
abandoning,abandoning
snug,snug
Tyndall's,Tyndall's
mineralogists,mineralogists
convulsively,convulsively
takeaways,takeaways
hallway's,hallway's
milkshakes,milkshakes
certificates,certificates
Bizet,Bizet
injurious,injurious
kidnapers,kidnapers
nuncio's,nuncio's
snowfalls,snowfalls
Nader's,Nader's
Tanner,Tanner
hospitalizing,hospitalizing
climbers,climbers
Whiteley,Whiteley
Jetway,Jetway
deport,deport
karat's,karat's
chamomile's,chamomile's
fetter,fetter
Guadalajara,Guadalajara
drained,drained
anorexic's,anorexic's
Arawakan,Arawakan
flagellation's,flagellation's
weekend's,weekend's
ovary's,ovary's
smurfs,smurfs
replenishment's,replenishment's
Ahmad's,Ahmad's
savvied,savvied
vaporizes,vaporizes
Bret's,Bret's
intents,intents
processes,processes
Adventist,Adventist
Liberian's,Liberian's
pennyweight,pennyweight
desktop's,desktop's
coincidental,coincidental
inspections,inspections
president's,president's
diagnosticians,diagnosticians
chlorinated,chlorinated
Gawain's,Gawain's
Downs,Downs
floweriest,floweriest
screenwriter's,screenwriter's
shucked,shucked
collective's,collective's
paragraphs,paragraphs
Matilda,Matilda
filch,filch
Pope's,Pope's
mismatches,mismatches
Lethe's,Lethe's
Pamela,Pamela
plighted,plighted
profiles,profiles
hardliner's,hardliner's
deception,deception
clairvoyant's,clairvoyant's
kinking,kinking
ferret,ferret
vamoosing,vamoosing
warders,warders
giddiness,giddiness
atom's,atom's
revitalize,revitalize
grammars,grammars
lamentation,lamentation
Baudouin,Baudouin
rubble,rubble
slump,slump
aeronautical,aeronautical
reapplies,reapplies
Darby's,Darby's
Hf,Hf
guffawing,guffawing
hollyhock,hollyhock
plywood,plywood
defiling,defiling
withdrawal's,withdrawal's
midwinter's,midwinter's
flunking,flunking
flyleaf's,flyleaf's
penalizes,penalizes
imperfect,imperfect
beamed,beamed
covens,covens
stupefying,stupefying
Fredric,Fredric
forage's,forage's
mispronounce,mispronounce
grouchier,grouchier
heraldic,heraldic
puffins,puffins
chaos's,chaos's
breathiest,breathiest
magically,magically
congenially,congenially
grape's,grape's
Patagonian's,Patagonian's
fiftieths,fiftieths
teepee's,teepee's
comm,comm
textures,textures
