accede,acceed
advice,advise
advice,adviCe
advice,advise
agencies,agences
ample,ampLE
ample,ampull
ample,ampile
ankle,anckle
ankle,ancle
ankle,ancle
ankle,ankLE
ankle,ankel
annoyance,annoiance
annoyance,anoyance
answers,answeres
appeal,apeal
appeal,aPPeal
appeal,apeal
appropriate,appropiate
appropriate,apropriate
appropriate,appropRiate
appropriate,appropiate
appropriate,appropriat
appropriate,appropiate
appropriate,apprpriate
appropriate,apropriate
assembly,asSembly
assembly,assembLY
assembly,asemnly
assembly,assambly
awful,awfull
awful,offull
awful,aufull
awful,ouful
awful,auful
awful,owful
awful,aWful
awful,awfull
barley,barlEY
barley,barly
basically,baiscally
beside,besiDE
beside,besid
biscuits,bicketes
biscuits,buscates
biscuits,bescuts
biscuits,biscuts
biscuits,biquits
biscuits,biscuids
biscuits,bisuts
biscuits,buscuit
biscuits,bicekets
biscuits,biskets
biscuits,buscuits
bonfire,bOnfire
bonfire,bonfirE
bored,boared
both,bouth
both,bOth
both,bothe
brother,bROther
brother,brouther
bureau,bUREAU
buying,bying
buying,buyin
buying,bUying
buying,bying
buzz,buZZ
buzz,buss
cabbage,cabbAge
cabbage,cabbge
careless,careles
careless,carEless
careless,carless
celebrate,sellybrat
celebrate,selberate
celebrate,salevate
celebrate,celibrate
celebrate,celebulate
celebrate,serevelate
celebrate,celebate
celebrate,celibarate
celebrate,celEbrate
celebrate,celabrate
centrally,centraly
colored,colORed
colored,colerd
colored,colered
comes,cOmes
comes,comES
comes,coms
comments,coments
completeness,completness
completeness,completness
composed,compossed
connectives,connectivies
content,contEnt
content,contant
content,containt
content,conitent
contrary,conTRARY
contrary,contray
contrary,contary
controlled,controled
cookies,cookIEs
cookies,cookes
cooking,cocking
cooking,cocking
cooking,Cooking
cooking,coOKing
cooking,kooking
copy,coPY
copy,cope
copy,coppy
correspondent,correspondEnt
correspondent,correspondant
degree,deGRee
degree,degrEE
degree,degre
delicate,delICATE
delicate,delecate
dislikes,dIslike
dislikes,dislIKE
dislikes,deslike
down,dOWn
down,doun
downstream,donstream
drastically,drasticly
drastically,drasticaly
drastically,drasticly
emanating,eminating
entitle,entitLE
ethereal,etheral
excellence,excelence
excellence,exellance
excessively,exessively
existent,existant
exorbitant,exhorbitant
expecting,eXpecting
expecting,exspecting
facilitated,facillated
favor,favOr
favor,faver
furnace,furnAce
furnace,furnaCe
furnace,furnice
gaining,ganing
governmental,govermental
grateful,greatful
grateful,greatful
grateful,grATEful
grateful,greatful
handkerchief,hankerchief
handkerchief,hanDkerchief
handkerchief,handkerchIEf
handkerchief,hankerchief
hinge,hingE
hinge,hing
hinge,hindge
hoe,hOE
hoe,how
hoe,ho
hotel,hotEL
hotel,hotell
hotel,hotle
humble,humbLE
immediate,imediate
immediate,iMMediate
immediate,immEdiate
immediate,imediate
immediate,imediate
immediate,immidate
immediate,immidiate
immense,iMMense
immense,immenSe
immense,imence
immense,immence
immense,immence
indented,intended
independent,independend
independent,independant
independent,indipendent
independent,indipendent
independent,independant
independent,independant
independent,independant
independent,independEnt
independent,independant
independent,independant
independent,independant
insurance,insurAnce
insurance,insurence
intelligence,intelligense
intelligence,intelligense
intelligence,inteligence
intelligence,inteLLigence
intelligence,intellIgence
intelligence,intellegence
intelligence,inteligence
interruption,interuption
jeopardize,jeprodise
kernel,kernal
key,kEY
key,kee
key,ke
kind,KInd
kind,cind
kindness,kindNESS
lake,laKE
lake,lak
latter,laTTer
latter,later
learn,lEArn
learn,lern
learn,larn
legislature,legIslature
legislature,legeslature
linen,lINEn
linen,linnen
linen,linin
lives,liVEs
lives,livs
lives,lifes
lonesome,lonEsome
lonesome,lonsome
lonesome,lomesome
longer,loNger
longer,longER
longer,loger
look,lOOk
look,lak
look,loak
losers,loosers
makes,maKes
makes,makEs
makes,maks
match,march
match,maTCH
match,mach
merchantmen,merchantment
mess,mESS
mess,mes
mice,meese
mice,mise
mice,miece
mice,meece
mice,mize
mice,meese
mice,mise
mice,miCe
mice,mise
moisture,mOIsture
moisture,mosture
monitoring,monitering
mule,mULE
must,mus
must,musto
must,mast
must,much
must,mUst
must,most
must,mast
naphtha,naphta
naphtha,naptha
nearby,near_by
nearly,nEArly
nearly,neaRLY
nearly,nealy
nerve,nErve
nerve,nurve
nerve,nearve
networks,netowrks
noon,nOOn
noon,non
obliged,obliGed
obliged,oblidged
observation,obsErvation
observation,observAtion
observation,observeation
ones,onES
painting,pAInting
painting,panting
passionate,pasionat
peep,pEEp
peep,pep
peep,peap
period,pEriod
period,perIOd
period,peroid
period,periode
personal,persOnal
personal,personAL
personal,personel
personal,personly
poker,pocker
poor,pOOr
poor,por
possessed,posessed
prayer,praYER
prayer,pray
prayer,prair
prior,piror
prior,prIOr
prior,prier
prior,priar
proportions,proprtions
proportions,proportiones
rat,rAt
rat,ret
registration,regIstration
registration,regist%ration
registration,regestration
registration,registeration
rural,rURAl
rural,roral
rural,rurel
screen,scrEEn
serve,sErve
serve,surve
shipment,shipmEnt
shortened,shortend
simply,simpLY
sink,sInk
sink,sinK
sink,senk
skin,sKin
skin,scin
sought,saught
special,sapshal
special,spashel
special,spical
special,spical
special,spical
special,spical
special,especial
special,spECIAL
species,spesies
spider,spiDer
spider,spiter
spontaneous,spontanous
strength,strenGTH
strength,strengh
strength,strenght
strength,strenght
stretches,streches
strong,stRONg
strong,strog
stuck,stuCK
stuck,stuk
stuck,stok
superintendent,supertendent
surround,suRRound
surround,suround
surround,sorround
systematically,systemetically
tariff,taRiff
tariff,tariFF
tariff,tarrif
tariff,tarriff
tired,tirde
tired,tride
tired,tire
tired,tried
tired,tirred
tired,tierd
tired,tiered
tired,tIRed
tired,tried
tyrannical,tyranical
tyrannical,tyranic
underwear,underwEAR%
underwear,underware
usurious,usurous
vain,vaIn
vain,vain%
vain,vane
wanted,whated
wanted,want'd
wanted,wAnted
wardrobe,wardrope
wear,ware
wear,were
where,were
where,wher
where,wher
where,wHere
where,wherE
where,were
where,were
wholly,Wholly
wholly,whoLLy
wholly,wholy
wholly,holy
wished,wishED
wished,wisht
won't,wON'T
worse,wOrse
worse,worsE
worse,wors
worse,worce
wrist,whrist
wrist,Wrist
wrist,rist
your,yoUr
your,yowr
wickerwork,wickerwork
murky,murky
surgeon's,surgeon's
aquariums,aquariums
Marius's,Marius's
tarmacs,tarmacs
distinctions,distinctions
blackthorns,blackthorns
billowing,billowing
PST,PST
accessioning,accessioning
limps,limps
parrot,parrot
diner,diner
extinguishers,extinguishers
husker's,husker's
donut,donut
Kepler,Kepler
unmake,unmake
jailers,jailers
asynchronous,asynchronous
fidelity's,fidelity's
IRA's,IRA's
umbel,umbel
stalwart,stalwart
babysitting,babysitting
asymmetric,asymmetric
promoted,promoted
Raymond,Raymond
Adelaide,Adelaide
Boccaccio's,Boccaccio's
Midway,Midway
ninepin's,ninepin's
antagonize,antagonize
frigidly,frigidly
dukedoms,dukedoms
mulatto,mulatto
Graham's,Graham's
Linwood,Linwood
intensified,intensified
footbridge,footbridge
Sahara's,Sahara's
skeins,skeins
swatter,swatter
memorandum's,memorandum's
trawler's,trawler's
vasts,vasts
lien's,lien's
conundrums,conundrums
Teflons,Teflons
beck,beck
purposed,purposed
repulse,repulse
voltmeter,voltmeter
belaying,belaying
disobedience's,disobedience's
empress's,empress's
dullard,dullard
percolators,percolators
vertigo,vertigo
lapidary's,lapidary's
Siam's,Siam's
bacon's,bacon's
grotto's,grotto's
stuccos,stuccos
Roxanne's,Roxanne's
dears,dears
yearbook's,yearbook's
convolution's,convolution's
infantryman,infantryman
Khulna's,Khulna's
clan's,clan's
quaver's,quaver's
forehands,forehands
incantations,incantations
sandpipers,sandpipers
Cheever,Cheever
inconspicuousness,inconspicuousness
hoarder's,hoarder's
flintlock's,flintlock's
flambes,flambes
disembowel,disembowel
repaid,repaid
stubbly,stubbly
Murdoch's,Murdoch's
zippy,zippy
IMO,IMO
pinstripe's,pinstripe's
mingling,mingling
cellulose,cellulose
newspaperwomen,newspaperwomen
wreckage,wreckage
receptiveness,receptiveness
fertilizers,fertilizers
Mahabharata,Mahabharata
natural's,natural's
Kawasaki,Kawasaki
Tartar's,Tartar's
reevaluating,reevaluating
cogs,cogs
wedging,wedging
Juvenal's,Juvenal's
protracts,protracts
betokened,betokened
madly,madly
loosely,loosely
manufactured,manufactured
Tolyatti,Tolyatti
ingrains,ingrains
Bolsheviks,Bolsheviks
anointment's,anointment's
Izanami,Izanami
midwifed,midwifed
bastion's,bastion's
honorariums,honorariums
noiselessly,noiselessly
Squanto,Squanto
bastions,bastions
Altman's,Altman's
unwarier,unwarier
escaped,escaped
Centaurus,Centaurus
drudgery's,drudgery's
washbasin,washbasin
Avery's,Avery's
pounce's,pounce's
HDD,HDD
Basque,Basque
accountable,accountable
electrons,electrons
padded,padded
signboard,signboard
videocassettes,videocassettes
enacted,enacted
plod,plod
Wilton's,Wilton's
chilliness,chilliness
quarrelling,quarrelling
Porter's,Porter's
Harrison's,Harrison's
lengthened,lengthened
tern's,tern's
putted,putted
theorize,theorize
castle,castle
clanging,clanging
Blake's,Blake's
cushion's,cushion's
Beasley,Beasley
commissioned,commissioned
Venetian's,Venetian's
buffets,buffets
diarrhea,diarrhea
manifolding,manifolding
stimuli,stimuli
Ohioans,Ohioans
Pershing,Pershing
Elliot,Elliot
kick's,kick's
responsiveness's,responsiveness's
Zachary,Zachary
shillelagh's,shillelagh's
hunting's,hunting's
Octavia's,Octavia's
Howard,Howard
shiniest,shiniest
epsilon,epsilon
nominate,nominate
plaudit,plaudit
plainclothes,plainclothes
Lucien,Lucien
sparing,sparing
neoclassicism,neoclassicism
Casey,Casey
rarefied,rarefied
Clay's,Clay's
Ohio,Ohio
creaminess's,creaminess's
n,n
deforming,deforming
Muzak,Muzak
interface,interface
estranges,estranges
seriousness's,seriousness's
larkspur's,larkspur's
empower,empower
breakups,breakups
situ,situ
stents,stents
carbines,carbines
inhuman,inhuman
hefty,hefty
motive,motive
mope's,mope's
mudguards,mudguards
undo,undo
reservist's,reservist's
gyp,gyp
bookshelf,bookshelf
Azerbaijan's,Azerbaijan's
vat,vat
ghostwrite,ghostwrite
finishing,finishing
petrifaction's,petrifaction's
centipede's,centipede's
Harrison,Harrison
bias's,bias's
pioneering,pioneering
eggbeater's,eggbeater's
uniforms,uniforms
botnet's,botnet's
Markab,Markab
derision,derision
topaz,topaz
patents,patents
gouged,gouged
dicks,dicks
Karamazov's,Karamazov's
hurrayed,hurrayed
economics's,economics's
Durham,Durham
adulterant's,adulterant's
bailed,bailed
stonework,stonework
sectionalism's,sectionalism's
then's,then's
abolitionists,abolitionists
blip,blip
Sol's,Sol's
Minnie,Minnie
sixties,sixties
vocalizes,vocalizes
heavies,heavies
wisdom's,wisdom's
Steinem's,Steinem's
Imhotep,Imhotep
yawing,yawing
Carlyle,Carlyle
pocketknives,pocketknives
Shetlands,Shetlands
ODs,ODs
trial's,trial's
strand,strand
cinchonas,cinchonas
sycophant,sycophant
hers,hers
aviators,aviators
fascism,fascism
lubricator,lubricator
Federalist's,Federalist's
mime's,mime's
Ehrenberg,Ehrenberg
Erlang's,Erlang's
toastmaster's,toastmaster's
zinnia's,zinnia's
lineament,lineament
hafts,hafts
unchecked,unchecked
Izod,Izod
tobacconist's,tobacconist's
satyr,satyr
repayments,repayments
dirks,dirks
slaughtered,slaughtered
Norse's,Norse's
eyeball,eyeball
Lockean,Lockean
overridden,overridden
requiting,requiting
dereliction's,dereliction's
creaming,creaming
academical,academical
I'd,I'd
parson's,parson's
Williams's,Williams's
silences,silences
Ungava's,Ungava's
fodder's,fodder's
variables,variables
constipation,constipation
mop's,mop's
outdistances,outdistances
paneling's,paneling's
remembering,remembering
ocher,ocher
dizziness,dizziness
Chase's,Chase's
Riga's,Riga's
bivalve's,bivalve's
Falstaff's,Falstaff's
interstate,interstate
brainiest,brainiest
tarballs,tarballs
Schubert's,Schubert's
Onegin,Onegin
bipolar,bipolar
philistines,philistines
anesthesia's,anesthesia's
recompiled,recompiled
maunder,maunder
coccyxes,coccyxes
Hope,Hope
elks,elks
Starkey,Starkey
Graciela's,Graciela's
Gwendoline,Gwendoline
fogbound,fogbound
fuzzes,fuzzes
herdsmen,herdsmen
cursors,cursors
connote,connote
Kiowa,Kiowa
Emmanuel's,Emmanuel's
disdainfully,disdainfully
gregariousness's,gregariousness's
Swissair's,Swissair's
assemblyman,assemblyman
kHz,kHz
swung,swung
scurf,scurf
Karen,Karen
negativity's,negativity's
saluting,saluting
fidgeting,fidgeting
armhole,armhole
vibrated,vibrated
reconnect,reconnect
Kampala's,Kampala's
calamity's,calamity's
acquiring,acquiring
visor,visor
subsystem,subsystem
Aldo,Aldo
thatching's,thatching's
cloaks,cloaks
Trafalgar,Trafalgar
jumpiest,jumpiest
detracts,detracts
spouse,spouse
monorails,monorails
Sylvester's,Sylvester's
dash's,dash's
sophisticated,sophisticated
patter's,patter's
L's,L's
biking,biking
Bass's,Bass's
Pete,Pete
sovereign's,sovereign's
warranted,warranted
ghostly,ghostly
sentences,sentences
notarizing,notarizing
polythene,polythene
talk's,talk's
overplay,overplay
gangrenous,gangrenous
eeriness's,eeriness's
Persepolis's,Persepolis's
Annmarie's,Annmarie's
bumptious,bumptious
transplanting,transplanting
unplugs,unplugs
provenance's,provenance's
appeaser,appeaser
Melisande,Melisande
backgrounds,backgrounds
Mathews's,Mathews's
truths,truths
lark's,lark's
godchildren's,godchildren's
undulation,undulation
Epiphany,Epiphany
superimposes,superimposes
Lagrangian,Lagrangian
pram,pram
stabled,stabled
gladdens,gladdens
pastiche,pastiche
RN's,RN's
deadlock's,deadlock's
ditches,ditches
chanter's,chanter's
antis,antis
irrigating,irrigating
condoning,condoning
refining,refining
Diaz's,Diaz's
shapelessness's,shapelessness's
spurring,spurring
subsides,subsides
burp,burp
compulsively,compulsively
Tuscarora,Tuscarora
realist,realist
suavity's,suavity's
Redding's,Redding's
randomnesses,randomnesses
sabotaging,sabotaging
knockwurst's,knockwurst's
Shea's,Shea's
sabotaged,sabotaged
AA,AA
mans,mans
willfulness's,willfulness's
backtrack,backtrack
Foster,Foster
evincing,evincing
tidings,tidings
Confederate,Confederate
Collins's,Collins's
Macon,Macon
Huygens's,Huygens's
modification,modification
childproofs,childproofs
intermediate's,intermediate's
whiners,whiners
Vientiane,Vientiane
impinges,impinges
Caiaphas,Caiaphas
accordions,accordions
bottles,bottles
moppet,moppet
proposal,proposal
heartbreak's,heartbreak's
antihistamine's,antihistamine's
remands,remands
acrobatics's,acrobatics's
meritocracies,meritocracies
aim's,aim's
instalments,instalments
dwellings,dwellings
Lily,Lily
anybody's,anybody's
Sarnoff,Sarnoff
overhearing,overhearing
pomposity,pomposity
event's,event's
Pickford's,Pickford's
tapers,tapers
bouncers,bouncers
impetigo's,impetigo's
housecleaning,housecleaning
sculptural,sculptural
directness's,directness's
limestone,limestone
refinanced,refinanced
Hellenisms,Hellenisms
lockets,lockets
steed's,steed's
Gris,Gris
forecaster,forecaster
fussily,fussily
Marquita,Marquita
Cassiopeia,Cassiopeia
Waring's,Waring's
mimicry,mimicry
privater,privater
overeat,overeat
cummerbund's,cummerbund's
filaments,filaments
lapwing,lapwing
phages,phages
Bloemfontein,Bloemfontein
Goiania's,Goiania's
Mubarak's,Mubarak's
exceptions,exceptions
volatility,volatility
quarter's,quarter's
foregone,foregone
trucker's,trucker's
purgative,purgative
pharaoh,pharaoh
Ericson,Ericson
solely,solely
responsively,responsively
leak's,leak's
bluebirds,bluebirds
underwear's,underwear's
maundered,maundered
note's,note's
disciplinarian,disciplinarian
foreclosure's,foreclosure's
nightingale,nightingale
seed's,seed's
mouths,mouths
fantasied,fantasied
cardboard,cardboard
vivified,vivified
equality's,equality's
juror,juror
German's,German's
Joplin's,Joplin's
bonanza's,bonanza's
bedpans,bedpans
limpet,limpet
mangrove,mangrove
rind's,rind's
Ingrid,Ingrid
lush's,lush's
miner's,miner's
linnet,linnet
snowblowers,snowblowers
strafe,strafe
exhilaration's,exhilaration's
basemen,basemen
expansiveness's,expansiveness's
stereophonic,stereophonic
malfeasance,malfeasance
sculpture's,sculpture's
detoxed,detoxed
Elisabeth's,Elisabeth's
edginess's,edginess's
Arden,Arden
poltroon,poltroon
mil,mil
seep,seep
iPod's,iPod's
tillage,tillage
slower,slower
slang's,slang's
tribes,tribes
registrant's,registrant's
multicultural,multicultural
maturity's,maturity's
vacancy's,vacancy's
Serengeti's,Serengeti's
separators,separators
loyaler,loyaler
Damion's,Damion's
introduction's,introduction's
roofers,roofers
dominate,dominate
crucifies,crucifies
musket's,musket's
warehouse's,warehouse's
abusing,abusing
impediments,impediments
graduate's,graduate's
atypical,atypical
unwittingly,unwittingly
improperly,improperly
Russ,Russ
disfranchises,disfranchises
playgoers,playgoers
scrooges,scrooges
patchwork,patchwork
andiron,andiron
Britain's,Britain's
Hanson's,Hanson's
Yugo's,Yugo's
Best's,Best's
sitting's,sitting's
incapacity,incapacity
ticklish,ticklish
obscenely,obscenely
Argentine's,Argentine's
bulldog,bulldog
Chateaubriand,Chateaubriand
imitating,imitating
collides,collides
offertory,offertory
Berlin,Berlin
emplacements,emplacements
wretchedest,wretchedest
Excellency's,Excellency's
comparative's,comparative's
roadhouses,roadhouses
revolutions,revolutions
stencil,stencil
octets,octets
bimonthly,bimonthly
flophouse,flophouse
glamors,glamors
wad's,wad's
whir,whir
Conroe,Conroe
gumdrop's,gumdrop's
making's,making's
insofar,insofar
hos,hos
reduces,reduces
toting,toting
screened,screened
fritter's,fritter's
lagniappe,lagniappe
campanile,campanile
morasses,morasses
sojourn,sojourn
eliminations,eliminations
kudos,kudos
copywriter's,copywriter's
deniers,deniers
guardhouses,guardhouses
liveries,liveries
offsprings,offsprings
Laurel,Laurel
execute,execute
antagonists,antagonists
hallucination,hallucination
despotic,despotic
Kenyatta's,Kenyatta's
fecund,fecund
mesmerize,mesmerize
interbreed,interbreed
untitled,untitled
sixpences,sixpences
washout,washout
peacekeeping,peacekeeping
wiretap's,wiretap's
gallows's,gallows's
Gatorade's,Gatorade's
hosiery's,hosiery's
Rickey,Rickey
inseparables,inseparables
deftly,deftly
Chloe's,Chloe's
workmanship,workmanship
Songhua's,Songhua's
almonds,almonds
sodomy's,sodomy's
riverfront,riverfront
causality,causality
soupçons,soupçons
twerking,twerking
aquiculture,aquiculture
eradicate,eradicate
hyacinth's,hyacinth's
startle,startle
prankster,prankster
notices,notices
émigré's,émigré's
pigsties,pigsties
litchi's,litchi's
abbrev,abbrev
sogginess's,sogginess's
capitalists,capitalists
congratulated,congratulated
anions,anions
palomino's,palomino's
partridge's,partridge's
Miguel,Miguel
antiquary,antiquary
trafficker,trafficker
subcontinent,subcontinent
complainer's,complainer's
Liberian,Liberian
naturalistic,naturalistic
birdie,birdie
negatives,negatives
Afrikaner,Afrikaner
downstairs,downstairs
honeying,honeying
cuddly,cuddly
nutshells,nutshells
Eugenie,Eugenie
spareness,spareness
inexorable,inexorable
correspondence's,correspondence's
tackling,tackling
Beck,Beck
Willamette's,Willamette's
assaulting,assaulting
terabits,terabits
cup's,cup's
buncombe,buncombe
retrospection,retrospection
anteed,anteed
caterwauled,caterwauled
keyboarder's,keyboarder's
commemorating,commemorating
weatherproofing,weatherproofing
urgently,urgently
mooches,mooches
leukocytes,leukocytes
commends,commends
dramatist,dramatist
VHF's,VHF's
Mercator,Mercator
squashed,squashed
scruple,scruple
urination,urination
Slashdot,Slashdot
brainwashing,brainwashing
muted,muted
deludes,deludes
redrawing,redrawing
Slovaks,Slovaks
firstborns,firstborns
prorates,prorates
Onion's,Onion's
vivace,vivace
cravats,cravats
moaned,moaned
Ute's,Ute's
chlorinates,chlorinates
retailers,retailers
larvae,larvae
Amsterdam,Amsterdam
mutton's,mutton's
fixative's,fixative's
all's,all's
macerate,macerate
leaguing,leaguing
controversially,controversially
studded,studded
foreordain,foreordain
antiphonals,antiphonals
Nimrod's,Nimrod's
Gladstone,Gladstone
craftier,craftier
detox's,detox's
Palikir,Palikir
vatted,vatted
fomenting,fomenting
layering,layering
sieves,sieves
reliance's,reliance's
inexpert,inexpert
formlessness's,formlessness's
unscheduled,unscheduled
weaver,weaver
panelist,panelist
quinces,quinces
Bursa,Bursa
refinery's,refinery's
contumacious,contumacious
Bayesian,Bayesian
wrongs,wrongs
lure's,lure's
initialled,initialled
dispersed,dispersed
hospitality's,hospitality's
Cyrillic's,Cyrillic's
sty,sty
metes,metes
rephrased,rephrased
Camry's,Camry's
melancholy's,melancholy's
seismograph's,seismograph's
orcs,orcs
cornets,cornets
anthem,anthem
unhinged,unhinged
pullbacks,pullbacks
pectorals,pectorals
housecoats,housecoats
reorganizations,reorganizations
parolee,parolee
dismissal,dismissal
consorting,consorting
trellis,trellis
Twain,Twain
libeler's,libeler's
cashiers,cashiers
communique,communique
malteds,malteds
glossier,glossier
orgy,orgy
situating,situating
fastens,fastens
exulted,exulted
Barbra's,Barbra's
moderated,moderated
lookalike,lookalike
Christi's,Christi's
Goodyear,Goodyear
witty,witty
invert,invert
Christa's,Christa's
emulator,emulator
pinnacle's,pinnacle's
seaplane,seaplane
propitiating,propitiating
conductivity,conductivity
motherboard's,motherboard's
rigamarole's,rigamarole's
identifiers,identifiers
baluster's,baluster's
phalanxes,phalanxes
boles,boles
eider,eider
stipulations,stipulations
Lula's,Lula's
resupplies,resupplies
sodium,sodium
conformance,conformance
afoul,afoul
fealty,fealty
Glenna,Glenna
affluently,affluently
speculative,speculative
trap's,trap's
bobolinks,bobolinks
IQ's,IQ's
Diaghilev's,Diaghilev's
garnisheed,garnisheed
Brigitte's,Brigitte's
Pamirs,Pamirs
bleakly,bleakly
armfuls,armfuls
ankh,ankh
McClure,McClure
materializing,materializing
Aramaic's,Aramaic's
amnesia,amnesia
mestizos,mestizos
enraptures,enraptures
rabbinate,rabbinate
disentanglement's,disentanglement's
scroll,scroll
resumed,resumed
Perelman,Perelman
proletarians,proletarians
verbalizing,verbalizing
Sparks's,Sparks's
maximum,maximum
Kerouac's,Kerouac's
accession's,accession's
calming,calming
versatility's,versatility's
elating,elating
matriculation's,matriculation's
abide,abide
decadence's,decadence's
procreation's,procreation's
Chesterton,Chesterton
commingling,commingling
anatomically,anatomically
reimburse,reimburse
conditional,conditional
Cannon's,Cannon's
crackerjacks,crackerjacks
sidling,sidling
Flynn's,Flynn's
transformation,transformation
Willie's,Willie's
Essene's,Essene's
marchers,marchers
pd,pd
sunburnt,sunburnt
Beiderbecke,Beiderbecke
indorsing,indorsing
collusion,collusion
Zanuck,Zanuck
photoelectric,photoelectric
Germanic's,Germanic's
plunged,plunged
Lhasa's,Lhasa's
clang's,clang's
Walt,Walt
insuperable,insuperable
lipreading's,lipreading's
Henley's,Henley's
encored,encored
crusades,crusades
Constantine's,Constantine's
Miles's,Miles's
accusation,accusation
advt,advt
bogosity,bogosity
forgetfulness's,forgetfulness's
brochure,brochure
bison,bison
upholstered,upholstered
vacates,vacates
pecans,pecans
epidemic,epidemic
enlargers,enlargers
affronting,affronting
sod's,sod's
decedents,decedents
horsewhip's,horsewhip's
roamer's,roamer's
cont,cont
endangered,endangered
Morse,Morse
antacids,antacids
waywardness,waywardness
dignitaries,dignitaries
chocking,chocking
adjusts,adjusts
belches,belches
covenants,covenants
partitioning,partitioning
trombonist's,trombonist's
Pullmans,Pullmans
teamed,teamed
yogurts,yogurts
grasped,grasped
regimented,regimented
trenching,trenching
garrisoning,garrisoning
Danielle's,Danielle's
addendum's,addendum's
AF,AF
Cherie,Cherie
honorably,honorably
penitent,penitent
remade,remade
literally,literally
sizer,sizer
conferment,conferment
ornamentation,ornamentation
friendship's,friendship's
prudently,prudently
goad,goad
clarioning,clarioning
oxides,oxides
wonderment's,wonderment's
Cassius's,Cassius's
Verna's,Verna's
behavioral,behavioral
cunt,cunt
boodles,boodles
jewelling,jewelling
organelle's,organelle's
Antwan's,Antwan's
staled,staled
WWI,WWI
vinyl,vinyl
ride's,ride's
Ronald's,Ronald's
offsetting,offsetting
nonfiction,nonfiction
disposables,disposables
Cardin's,Cardin's
demesne's,demesne's
discrediting,discrediting
quirkier,quirkier
dirtying,dirtying
synchronized,synchronized
Covington,Covington
outlet,outlet
trundled,trundled
mover,mover
surrey,surrey
scooter's,scooter's
persisting,persisting
taped,taped
redeemer's,redeemer's
bedrock,bedrock
dwellers,dwellers
lava's,lava's
mining's,mining's
angst's,angst's
mucilage's,mucilage's
externally,externally
cheeses,cheeses
windmilling,windmilling
doorway,doorway
tableau,tableau
avocados,avocados
ANSI,ANSI
stripped,stripped
nauseam,nauseam
swarms,swarms
flummox,flummox
Bangladeshi's,Bangladeshi's
Negro,Negro
geegaw's,geegaw's
listlessly,listlessly
converter,converter
Myers's,Myers's
napalming,napalming
pianissimo's,pianissimo's
fitness's,fitness's
Alfonso's,Alfonso's
perpetuated,perpetuated
Managua's,Managua's
shuttling,shuttling
Mackinaw's,Mackinaw's
intersected,intersected
Oglethorpe,Oglethorpe
Shakespeare,Shakespeare
wholeness's,wholeness's
jellyfish,jellyfish
subjugation,subjugation
sheeting's,sheeting's
flushes,flushes
lampshade's,lampshade's
ratty,ratty
transcendentalist,transcendentalist
minorities,minorities
Mauritius's,Mauritius's
wildest,wildest
interment,interment
parsnip's,parsnip's
deducted,deducted
sailfish,sailfish
Frisco,Frisco
hereafter's,hereafter's
medleys,medleys
dazzled,dazzled
gooiest,gooiest
beset,beset
Laius,Laius
noncom's,noncom's
fogey's,fogey's
brokers,brokers
monosyllabic,monosyllabic
yardsticks,yardsticks
miscue,miscue
loaf's,loaf's
Leif's,Leif's
Lieberman,Lieberman
swooning,swooning
blacksmiths,blacksmiths
Balfour,Balfour
Stephens,Stephens
Rudy's,Rudy's
junipers,junipers
antagonist's,antagonist's
bulb's,bulb's
ionosphere,ionosphere
emblematic,emblematic
timescale,timescale
goring,goring
fizz's,fizz's
physiotherapists,physiotherapists
motorbike,motorbike
duplicator's,duplicator's
enthral,enthral
exclaiming,exclaiming
sultry,sultry
angriest,angriest
sarcophagus,sarcophagus
curtail,curtail
actinium,actinium
impulsion's,impulsion's
Vermont's,Vermont's
mismatched,mismatched
remount,remount
disabused,disabused
armature's,armature's
mousey,mousey
feature's,feature's
limbo's,limbo's
bagpipes,bagpipes
molts,molts
Anabaptist,Anabaptist
interconnecting,interconnecting
chaparral,chaparral
touchingly,touchingly
telescopic,telescopic
Timor's,Timor's
focus's,focus's
ballsier,ballsier
preserver's,preserver's
buries,buries
Nerf's,Nerf's
administrates,administrates
lavished,lavished
Rostand's,Rostand's
Carol's,Carol's
Honiara,Honiara
molders,molders
cull's,cull's
japes,japes
pollywog's,pollywog's
insecurely,insecurely
hierarchically,hierarchically
meter's,meter's
poorhouse,poorhouse
amiss,amiss
emails,emails
radiograms,radiograms
wainscot,wainscot
thwacking,thwacking
nicked,nicked
transited,transited
equidistant,equidistant
uniqueness,uniqueness
initiation's,initiation's
nonmember,nonmember
carpeting's,carpeting's
sharable,sharable
smutty,smutty
disagreements,disagreements
spastic's,spastic's
fortify,fortify
gargoyles,gargoyles
barren,barren
rosebush,rosebush
edible,edible
glaring,glaring
trotter,trotter
wolfhound,wolfhound
overproduce,overproduce
nihilistic,nihilistic
outreaches,outreaches
fickle,fickle
marinates,marinates
workday's,workday's
spiritual's,spiritual's
dripping,dripping
hecklers,hecklers
Sanger,Sanger
lymph's,lymph's
dairy's,dairy's
autistic,autistic
heaving,heaving
swan,swan
mils,mils
roof's,roof's
Swaziland's,Swaziland's
phonemic,phonemic
athlete,athlete
Hickory,Hickory
rote,rote
videotapes,videotapes
Tartars,Tartars
maneuver's,maneuver's
juxtaposed,juxtaposed
renegaded,renegaded
pipsqueak's,pipsqueak's
lighthouse,lighthouse
Mashhad's,Mashhad's
sanitizes,sanitizes
niggaz,niggaz
feeler,feeler
you'd,you'd
pulley's,pulley's
Ilene,Ilene
enforce,enforce
militarism's,militarism's
autoworkers,autoworkers
adventurously,adventurously
pailful's,pailful's
intake's,intake's
ghastliness,ghastliness
crimsoning,crimsoning
kited,kited
fuzzy,fuzzy
contact's,contact's
confuses,confuses
spoof,spoof
bathers,bathers
backyards,backyards
wetness's,wetness's
bafflement,bafflement
adulteress's,adulteress's
raceme's,raceme's
lacuna's,lacuna's
automata,automata
Aglaia's,Aglaia's
prelate's,prelate's
screenplay,screenplay
beneficiary,beneficiary
seared,seared
entrenched,entrenched
deaden,deaden
catchalls,catchalls
inquietude,inquietude
revs,revs
daiquiri,daiquiri
enrages,enrages
scornful,scornful
whimsical,whimsical
smallpox's,smallpox's
Gadsden,Gadsden
balances,balances
Frontenac's,Frontenac's
cortèges,cortèges
disdained,disdained
inconsistent,inconsistent
wouldn't,wouldn't
gel,gel
normalization's,normalization's
Beeton's,Beeton's
oiliness's,oiliness's
excision's,excision's
liniment,liniment
shaker,shaker
dishrags,dishrags
devised,devised
Sui's,Sui's
Clovis's,Clovis's
gummed,gummed
phrenology's,phrenology's
mads,mads
Kristine's,Kristine's
fabrications,fabrications
unrehearsed,unrehearsed
Chad's,Chad's
joyfulness,joyfulness
venomously,venomously
suborning,suborning
politicoes,politicoes
Jaycee's,Jaycee's
informs,informs
Stilton's,Stilton's
pupa's,pupa's
regards,regards
pollen's,pollen's
swap's,swap's
vaudeville,vaudeville
Brigadoon's,Brigadoon's
alienation's,alienation's
imprudent,imprudent
roundabout,roundabout
rollick,rollick
splat,splat
biceps,biceps
misjudgments,misjudgments
apartheid's,apartheid's
pretences,pretences
Tahitian,Tahitian
unutterable,unutterable
HBO's,HBO's
emulating,emulating
rostrum's,rostrum's
Shiloh's,Shiloh's
Tacoma,Tacoma
faultiest,faultiest
sulfate's,sulfate's
disarranging,disarranging
portals,portals
USO,USO
NFL,NFL
suckled,suckled
Intelsat's,Intelsat's
reoccurring,reoccurring
Pyrrhic,Pyrrhic
arrives,arrives
stratum's,stratum's
frontier's,frontier's
fettle's,fettle's
Aleichem,Aleichem
Zhivago's,Zhivago's
nonagenarians,nonagenarians
Diem,Diem
nosh,nosh
Assisi's,Assisi's
nudes,nudes
paddocking,paddocking
Cantu's,Cantu's
excommunicates,excommunicates
devotees,devotees
requital's,requital's
Osbert's,Osbert's
rooster's,rooster's
interlinked,interlinked
demotions,demotions
haughtily,haughtily
rhubarbs,rhubarbs
Kilauea's,Kilauea's
quitted,quitted
tilde's,tilde's
bypassing,bypassing
maneuvers,maneuvers
Sheila,Sheila
virile,virile
footnote,footnote
caressing,caressing
Boulez,Boulez
rectangles,rectangles
accelerates,accelerates
discomposing,discomposing
success's,success's
barbiturate's,barbiturate's
Golda's,Golda's
hooch's,hooch's
breviary,breviary
purifier's,purifier's
octet's,octet's
rowboats,rowboats
Judea's,Judea's
manacled,manacled
Darrell,Darrell
slabbing,slabbing
domestically,domestically
algorithms,algorithms
wobbled,wobbled
Stanton's,Stanton's
Riemann's,Riemann's
beers,beers
tires,tires
touchy,touchy
wholesalers,wholesalers
foremasts,foremasts
haloes,haloes
brightest,brightest
decants,decants
ambitiously,ambitiously
Ceylon's,Ceylon's
toolboxes,toolboxes
harried,harried
interim,interim
succulent's,succulent's
Brighton's,Brighton's
prejudgment,prejudgment
ibex's,ibex's
secretariats,secretariats
thickly,thickly
dandy's,dandy's
cinematography,cinematography
Nassau,Nassau
softener's,softener's
digestive,digestive
jumbles,jumbles
bench,bench
paralleling,paralleling
crushes,crushes
Russell's,Russell's
fetters,fetters
Chatterley's,Chatterley's
accounting,accounting
choicest,choicest
trustworthy,trustworthy
editorializes,editorializes
starry,starry
unorthodox,unorthodox
USDA,USDA
fuelling,fuelling
hoe's,hoe's
furl's,furl's
forgives,forgives
Baroda,Baroda
animates,animates
bowsprit's,bowsprit's
Manuela's,Manuela's
uncleanliest,uncleanliest
Hubbard's,Hubbard's
Lagrange's,Lagrange's
Belleek,Belleek
Wyo,Wyo
Jarlsberg,Jarlsberg
brisket,brisket
fastness's,fastness's
nattily,nattily
punctual,punctual
cockles,cockles
stem's,stem's
Robson's,Robson's
middlebrows,middlebrows
crouches,crouches
everybody's,everybody's
Elohim,Elohim
relapses,relapses
crab's,crab's
outstript,outstript
wraparounds,wraparounds
Keven's,Keven's
emptiness,emptiness
underpinning's,underpinning's
tussle's,tussle's
Republican's,Republican's
parallelogram's,parallelogram's
GM,GM
combos,combos
brim's,brim's
Good's,Good's
periphrasis,periphrasis
Marietta,Marietta
mousetraps,mousetraps
wetting,wetting
digestion,digestion
Costello's,Costello's
Prakrit,Prakrit
discriminates,discriminates
deletions,deletions
Arneb's,Arneb's
throb's,throb's
skittering,skittering
drouthes,drouthes
centiliter,centiliter
virago's,virago's
interstices,interstices
attenuation,attenuation
drenching,drenching
Silvia's,Silvia's
straitjacket's,straitjacket's
declamations,declamations
storm's,storm's
ailing,ailing
puttying,puttying
crematoriums,crematoriums
thunderhead,thunderhead
portliness's,portliness's
ultramarine,ultramarine
astrophysics's,astrophysics's
Rogelio,Rogelio
haberdasher,haberdasher
leadership,leadership
loafers,loafers
garrotte,garrotte
Meany,Meany
quarantined,quarantined
nationalism's,nationalism's
pittance's,pittance's
Rae's,Rae's
foregrounds,foregrounds
insufficient,insufficient
caretaker's,caretaker's
govt,govt
silversmith,silversmith
wallowing,wallowing
introspection's,introspection's
reinvesting,reinvesting
underlie,underlie
journeyman,journeyman
northeast's,northeast's
monger's,monger's
fading,fading
enthusiasms,enthusiasms
Lillian,Lillian
Dreiser,Dreiser
toppled,toppled
ecosystem,ecosystem
peccaries,peccaries
stipulates,stipulates
Soweto's,Soweto's
immigrates,immigrates
tightened,tightened
boisterousness's,boisterousness's
sedation's,sedation's
tsunami's,tsunami's
adhering,adhering
sentiment,sentiment
brakemen,brakemen
spiny,spiny
protract,protract
officiated,officiated
stamina,stamina
problem's,problem's
etiquette,etiquette
peahens,peahens
gadgetry's,gadgetry's
becks,becks
compliment's,compliment's
Tongan's,Tongan's
gybed,gybed
showman's,showman's
shlemiel's,shlemiel's
weeps,weeps
cranks,cranks
knapsacks,knapsacks
Peary,Peary
handwriting,handwriting
Long,Long
synching,synching
loquacity's,loquacity's
takeovers,takeovers
unhappily,unhappily
gelds,gelds
wily,wily
infidelity's,infidelity's
hater,hater
Philby's,Philby's
Trailways,Trailways
DOS's,DOS's
outperformed,outperformed
garnets,garnets
unity,unity
MariaDB,MariaDB
Duran,Duran
stowaways,stowaways
Mai,Mai
insignia's,insignia's
jumper's,jumper's
escarole,escarole
stagehands,stagehands
Venusian's,Venusian's
steppe,steppe
titular,titular
drizzles,drizzles
stately,stately
droplet,droplet
unzip,unzip
cusps,cusps
handkerchiefs,handkerchiefs
wigeons,wigeons
climbs,climbs
rasps,rasps
constituent's,constituent's
thyroid's,thyroid's
depilatory,depilatory
pictorial,pictorial
Duffy's,Duffy's
unkind,unkind
engrosses,engrosses
carrier's,carrier's
Seward's,Seward's
Collin's,Collin's
Nova,Nova
bucketful,bucketful
Saarinen's,Saarinen's
democratized,democratized
outage,outage
reformatting,reformatting
inlay,inlay
carpetbag's,carpetbag's
Louise's,Louise's
bloodstains,bloodstains
Newburgh,Newburgh
Antony's,Antony's
allays,allays
polio,polio
Belleek's,Belleek's
shlep,shlep
maturities,maturities
numeric,numeric
foxtrot's,foxtrot's
FYI,FYI
Punjabi's,Punjabi's
capsules,capsules
mayoral,mayoral
rattletraps,rattletraps
Illinois,Illinois
platform's,platform's
cheekbones,cheekbones
groove's,groove's
supposes,supposes
dwindles,dwindles
slogan's,slogan's
unmask,unmask
Tuvalu,Tuvalu
harmfulness's,harmfulness's
conditioned,conditioned
comment's,comment's
retainer,retainer
Eucharistic,Eucharistic
ventriloquist's,ventriloquist's
Chattahoochee's,Chattahoochee's
chaplaincies,chaplaincies
kidder's,kidder's
Brynner's,Brynner's
gentling,gentling
M,M
wardroom,wardroom
lopsided,lopsided
concurrency,concurrency
uncouth,uncouth
Guy,Guy
mispronouncing,mispronouncing
Kilroy's,Kilroy's
minima,minima
overthrow,overthrow
slink,slink
tugboat's,tugboat's
colander,colander
chord's,chord's
godless,godless
forms,forms
benefices,benefices
backslides,backslides
equably,equably
posters,posters
cancers,cancers
knells,knells
gay's,gay's
upswing's,upswing's
granting,granting
Syriac's,Syriac's
isosceles,isosceles
coordination,coordination
coarsening,coarsening
caducei,caducei
shoemaker,shoemaker
Eniwetok's,Eniwetok's
lankiness's,lankiness's
venerable,venerable
lovely's,lovely's
buoyancy's,buoyancy's
swerves,swerves
slough,slough
Dushanbe's,Dushanbe's
Jame's,Jame's
colonialist,colonialist
foist,foist
ankles,ankles
reformatted,reformatted
complimenting,complimenting
biophysicists,biophysicists
workshops,workshops
biffed,biffed
stepdad's,stepdad's
duality,duality
Albany's,Albany's
yodelling,yodelling
borscht,borscht
condolences,condolences
disembodying,disembodying
fixer's,fixer's
astigmatism,astigmatism
chickened,chickened
Terr's,Terr's
dare's,dare's
inbreed,inbreed
multimedia,multimedia
opulence,opulence
Josephine,Josephine
McIntosh's,McIntosh's
emerald's,emerald's
seventieth,seventieth
slipper's,slipper's
Yves's,Yves's
Erises,Erises
crunching,crunching
thine,thine
microfilmed,microfilmed
brimmed,brimmed
militarizes,militarizes
nakedness,nakedness
Pigmy,Pigmy
Begin's,Begin's
dugouts,dugouts
sultan's,sultan's
proteins,proteins
numerate,numerate
BTU,BTU
Bernadine,Bernadine
M's,M's
stuttered,stuttered
receptivity's,receptivity's
flopping,flopping
wuss,wuss
Gipsies,Gipsies
dressiness,dressiness
slenderizes,slenderizes
Heraclitus's,Heraclitus's
subcommittees,subcommittees
vulgarly,vulgarly
granule,granule
pentathlon's,pentathlon's
nap's,nap's
tot,tot
pimp,pimp
extortion's,extortion's
tightwads,tightwads
cobble,cobble
autocrat,autocrat
urinalysis,urinalysis
ceremony,ceremony
blowtorch's,blowtorch's
perspires,perspires
B,B
hefts,hefts
Lindsey,Lindsey
Wendi,Wendi
auspice's,auspice's
Pennzoil,Pennzoil
wristband's,wristband's
Virgos,Virgos
Yenisei's,Yenisei's
Amerinds,Amerinds
disorientation's,disorientation's
herpes's,herpes's
overcasts,overcasts
ass's,ass's
condone,condone
Goodrich,Goodrich
unsteadily,unsteadily
Eridanus,Eridanus
inced,inced
overrides,overrides
Yacc,Yacc
languish,languish
Obadiah,Obadiah
rates,rates
novelettes,novelettes
naturalizes,naturalizes
ruminates,ruminates
perked,perked
carouser,carouser
deliberate,deliberate
Dudley's,Dudley's
inboards,inboards
tattletale's,tattletale's
Vivaldi's,Vivaldi's
Garry,Garry
Serb,Serb
sideswiping,sideswiping
rivetted,rivetted
Iqaluit,Iqaluit
muscled,muscled
giggler,giggler
Cassandra,Cassandra
underfeed,underfeed
soupiest,soupiest
radioactivity,radioactivity
LED's,LED's
Maryellen,Maryellen
nigh,nigh
voiceless,voiceless
earthiness's,earthiness's
embellishment,embellishment
coalesces,coalesces
Jason's,Jason's
trilogy,trilogy
Visakhapatnam,Visakhapatnam
fop,fop
florists,florists
dictation's,dictation's
styli,styli
eye's,eye's
dumbness,dumbness
Philippine,Philippine
carrel's,carrel's
gore,gore
phoned,phoned
burdens,burdens
Callao's,Callao's
innocuously,innocuously
letdowns,letdowns
Laura's,Laura's
burlesques,burlesques
hairdo's,hairdo's
squeegee,squeegee
toenail,toenail
analysts,analysts
idling,idling
impertinence,impertinence
cuttlefish,cuttlefish
hums,hums
choosier,choosier
privatizing,privatizing
switchblade's,switchblade's
prepackaging,prepackaging
barbequing,barbequing
pointing,pointing
veggie,veggie
bonded,bonded
shabbiest,shabbiest
lather's,lather's
dunk,dunk
wended,wended
Guinea,Guinea
ErvIn's,ErvIn's
rivalry,rivalry
usurper,usurper
Tucker's,Tucker's
unpacked,unpacked
polecat's,polecat's
relabels,relabels
Huggins's,Huggins's
jettisoned,jettisoned
outcomes,outcomes
baobabs,baobabs
Bobby,Bobby
fatigues's,fatigues's
sibling,sibling
cubism,cubism
catalogued,catalogued
outwards,outwards
cubicles,cubicles
bobsledded,bobsledded
Halifax's,Halifax's
Randy,Randy
taciturnity's,taciturnity's
exalted,exalted
spillway's,spillway's
locusts,locusts
morsel's,morsel's
tribalism's,tribalism's
firefights,firefights
versing,versing
R,R
rebelliously,rebelliously
signet,signet
produced,produced
varsity's,varsity's
woodcutting's,woodcutting's
omnipotence's,omnipotence's
bootlegged,bootlegged
spryer,spryer
Tanisha,Tanisha
Astoria,Astoria
frontage,frontage
alleyways,alleyways
regicides,regicides
lied,lied
crud's,crud's
generalizing,generalizing
Yggdrasil,Yggdrasil
ewe's,ewe's
thalami,thalami
slugging,slugging
swerved,swerved
heir,heir
lawrencium,lawrencium
physicist,physicist
mustaches,mustaches
reverberation,reverberation
decanters,decanters
ingots,ingots
dyestuff's,dyestuff's
livability,livability
Pierre,Pierre
initiations,initiations
prissiness,prissiness
foreshortened,foreshortened
immersion's,immersion's
retreating,retreating
dupe's,dupe's
stable's,stable's
burkas,burkas
Elliott,Elliott
yards,yards
defensiveness,defensiveness
tripod,tripod
rehires,rehires
ease,ease
brainteaser's,brainteaser's
Zoloft's,Zoloft's
disconnecting,disconnecting
gimlet's,gimlet's
caromed,caromed
mildewed,mildewed
Cinderellas,Cinderellas
metamorphosis's,metamorphosis's
outranked,outranked
telexes,telexes
orchestra's,orchestra's
Latoya's,Latoya's
discommoding,discommoding
Dothan's,Dothan's
rogered,rogered
spuds,spuds
Stuart's,Stuart's
White,White
earldom's,earldom's
quartette's,quartette's
misruling,misruling
subs,subs
Fry,Fry
ingenuity,ingenuity
doggonest,doggonest
HST,HST
encamp,encamp
espadrille,espadrille
keyboards,keyboards
eagerness's,eagerness's
Woodland,Woodland
zinc's,zinc's
toaster's,toaster's
plateau,plateau
aggravation,aggravation
myrtle,myrtle
bylaw,bylaw
intendeds,intendeds
blurts,blurts
receptionists,receptionists
Chicano's,Chicano's
seamless,seamless
cavemen,cavemen
pigskin,pigskin
fog,fog
misbegotten,misbegotten
Canaveral,Canaveral
philosopher's,philosopher's
peonies,peonies
adoration's,adoration's
threescore,threescore
Nosferatu's,Nosferatu's
woodman's,woodman's
teapot's,teapot's
Bergerac,Bergerac
tilling,tilling
sideburns,sideburns
overdo,overdo
Kandinsky's,Kandinsky's
presumable,presumable
Unitas's,Unitas's
allocation,allocation
energizers,energizers
stifled,stifled
Lord's,Lord's
advertiser's,advertiser's
exhibitor's,exhibitor's
matinée's,matinée's
Suharto,Suharto
twink,twink
republic's,republic's
legitimates,legitimates
lusciousness,lusciousness
diggers,diggers
procuring,procuring
Usenets,Usenets
necking,necking
Barkley's,Barkley's
routines,routines
indexed,indexed
vituperates,vituperates
Newton's,Newton's
Samsung,Samsung
Kamchatka's,Kamchatka's
cloture's,cloture's
paleontology,paleontology
consistencies,consistencies
Scandinavia's,Scandinavia's
immeasurably,immeasurably
adapt,adapt
afoot,afoot
pinioning,pinioning
murderously,murderously
firecrackers,firecrackers
Peter,Peter
dinette's,dinette's
moseys,moseys
Teri's,Teri's
playmates,playmates
Batu,Batu
climber,climber
atoll,atoll
compulsory,compulsory
vivify,vivify
spinach,spinach
hilt's,hilt's
grain's,grain's
banjoist,banjoist
flamage,flamage
Toby's,Toby's
Brillo,Brillo
totaling,totaling
O,O
Kelli,Kelli
deplore,deplore
catkins,catkins
blockading,blockading
ashy,ashy
Bryon's,Bryon's
workable,workable
mesmerizing,mesmerizing
invalidating,invalidating
programming's,programming's
zeppelin,zeppelin
cocksure,cocksure
Andorra's,Andorra's
Orkney,Orkney
tang's,tang's
mischance's,mischance's
excrement,excrement
uplift,uplift
sarcasm's,sarcasm's
Camilla's,Camilla's
anther,anther
displays,displays
roundly,roundly
blows,blows
harmonies,harmonies
hydrometers,hydrometers
sandpaper,sandpaper
toboggan,toboggan
Pharisee's,Pharisee's
sanctuaries,sanctuaries
Algiers,Algiers
spouse's,spouse's
parachutists,parachutists
maltreatment's,maltreatment's
chagrins,chagrins
OH,OH
quadrangle,quadrangle
burning,burning
moldered,moldered
surcharge,surcharge
Hindustani's,Hindustani's
outlying,outlying
Ashurbanipal's,Ashurbanipal's
Parcheesi's,Parcheesi's
japan,japan
disloyally,disloyally
exile's,exile's
haversack's,haversack's
huddles,huddles
understatement's,understatement's
Firestone,Firestone
bosoms,bosoms
individuals,individuals
level's,level's
Moore's,Moore's
canvass's,canvass's
fondles,fondles
sustained,sustained
Renee,Renee
spike's,spike's
STD,STD
laggard,laggard
Pizarro's,Pizarro's
maharaja's,maharaja's
kingly,kingly
zoology,zoology
electrification's,electrification's
hashed,hashed
Cheney,Cheney
bookkeeping's,bookkeeping's
garrulousness,garrulousness
Palermo,Palermo
trousers's,trousers's
teetotalers,teetotalers
clawing,clawing
unbranded,unbranded
representation,representation
cesium,cesium
baptist,baptist
knothole's,knothole's
licenses,licenses
conclave's,conclave's
burbled,burbled
home's,home's
foamiest,foamiest
mislays,mislays
snooker,snooker
Stromboli,Stromboli
erections,erections
closemouthed,closemouthed
illuminations,illuminations
Anouilh,Anouilh
hallelujah's,hallelujah's
Tm,Tm
formation,formation
Colo,Colo
newer,newer
deforms,deforms
magpies,magpies
Tintoretto's,Tintoretto's
electrified,electrified
hippies,hippies
diver,diver
Kanchenjunga's,Kanchenjunga's
skeptics,skeptics
desegregated,desegregated
pepperonis,pepperonis
bats,bats
contagious,contagious
motherlands,motherlands
bedazzled,bedazzled
Limoges's,Limoges's
windburn,windburn
grandchild's,grandchild's
exposition,exposition
feeds,feeds
drafted,drafted
lodging,lodging
Bangladesh,Bangladesh
hamstring's,hamstring's
McKay's,McKay's
thief's,thief's
intrenchments,intrenchments
technologist,technologist
Friedmann,Friedmann
homogenizes,homogenizes
masthead's,masthead's
dieters,dieters
Proust's,Proust's
life's,life's
infelicitous,infelicitous
disinclining,disinclining
esteem,esteem
geyser,geyser
vocalizing,vocalizing
emphases,emphases
blinder's,blinder's
Brent,Brent
nonindustrial,nonindustrial
volunteering,volunteering
internet,internet
overdue,overdue
onsets,onsets
unhealthful,unhealthful
electroplating,electroplating
infrared's,infrared's
berthed,berthed
hiding's,hiding's
stucco,stucco
jamboree,jamboree
sprains,sprains
misspelling,misspelling
giblets,giblets
Antipas's,Antipas's
dissonances,dissonances
furthermore,furthermore
barren's,barren's
carrot's,carrot's
warehousing,warehousing
plenipotentiary's,plenipotentiary's
unbinding,unbinding
Harmon,Harmon
sweetmeat,sweetmeat
rowel's,rowel's
congress's,congress's
wiretap,wiretap
blabbermouths,blabbermouths
court's,court's
rasping,rasping
quality's,quality's
latest's,latest's
missilery's,missilery's
Guarnieri,Guarnieri
dilation,dilation
jaundicing,jaundicing
proclamations,proclamations
confusedly,confusedly
Elma,Elma
mores's,mores's
antiknock,antiknock
prognoses,prognoses
Judy's,Judy's
Wilfred's,Wilfred's
observer's,observer's
Presbyterianism,Presbyterianism
cerebra,cerebra
liquified,liquified
untenable,untenable
emancipation's,emancipation's
Grafton's,Grafton's
disagreement,disagreement
Lambrusco's,Lambrusco's
settlement's,settlement's
acclimation's,acclimation's
loiterer,loiterer
hairspring's,hairspring's
cornflower's,cornflower's
prelate,prelate
Joy's,Joy's
hogshead,hogshead
wades,wades
chiming,chiming
navigability's,navigability's
Mazarin,Mazarin
convertible,convertible
sliding,sliding
glycogen's,glycogen's
databases,databases
antique,antique
shortwaves,shortwaves
oath,oath
Garland's,Garland's
diatom,diatom
Guinevere,Guinevere
corded,corded
overreacts,overreacts
osteoporosis's,osteoporosis's
questionably,questionably
conversationalist's,conversationalist's
saintlier,saintlier
repartee's,repartee's
Stygian's,Stygian's
specked,specked
sportscast,sportscast
yoga's,yoga's
mediators,mediators
Pete's,Pete's
careening,careening
dissemination,dissemination
spellbinds,spellbinds
cueing,cueing
defroster's,defroster's
enriched,enriched
cripples,cripples
misfortune's,misfortune's
attract,attract
Nubian,Nubian
influx's,influx's
wending,wending
extraordinarily,extraordinarily
Accenture's,Accenture's
slaughterer,slaughterer
Nickelodeon's,Nickelodeon's
deviltries,deviltries
chastest,chastest
meteoric,meteoric
recapitulate,recapitulate
throatier,throatier
theosophy's,theosophy's
billfold's,billfold's
Tess,Tess
shaping,shaping
intrusts,intrusts
paling's,paling's
Hopi,Hopi
maximal,maximal
scroll's,scroll's
imperially,imperially
Singh's,Singh's
narcotics,narcotics
unevenly,unevenly
Belarus's,Belarus's
baa,baa
bethink,bethink
jolliness,jolliness
butterflying,butterflying
gamecock,gamecock
Doppler,Doppler
briefer,briefer
cathodes,cathodes
rends,rends
genuflection's,genuflection's
Friedan's,Friedan's
sizzled,sizzled
Kelvin's,Kelvin's
fob,fob
compacted,compacted
occasion's,occasion's
alighting,alighting
isthmus's,isthmus's
ensembles,ensembles
couch's,couch's
barrette's,barrette's
convivial,convivial
Singer's,Singer's
recreate,recreate
Athena,Athena
gangster,gangster
tailgates,tailgates
marabou,marabou
chattiness,chattiness
sprinted,sprinted
leashing,leashing
despondency,despondency
larkspurs,larkspurs
probity,probity
kilocycle,kilocycle
Franco,Franco
rough's,rough's
monopolists,monopolists
deathbed,deathbed
victimization's,victimization's
constructions,constructions
lifelines,lifelines
dribbler,dribbler
inflames,inflames
Hz's,Hz's
bookmobiles,bookmobiles
lobbing,lobbing
relieved,relieved
rejuvenated,rejuvenated
closets,closets
Salvadorian,Salvadorian
fluttering,fluttering
altering,altering
plunging,plunging
unhinges,unhinges
Hettie,Hettie
Nelda,Nelda
Djakarta's,Djakarta's
girlhood's,girlhood's
related,related
Borneo's,Borneo's
curable,curable
turquoise,turquoise
spool's,spool's
mesa's,mesa's
Southeasts,Southeasts
Hester's,Hester's
walkout,walkout
walled,walled
levees,levees
ts,ts
harelip,harelip
novel,novel
quadricepses,quadricepses
algebraic,algebraic
lasagnas,lasagnas
charioteer's,charioteer's
engravers,engravers
orbital,orbital
brattiest,brattiest
projectionist's,projectionist's
gentlewomen,gentlewomen
stack's,stack's
steroid's,steroid's
disclaimers,disclaimers
teems,teems
lxvi,lxvi
mintiest,mintiest
axiomatic,axiomatic
styptic,styptic
journeyman's,journeyman's
trusty,trusty
manner's,manner's
Songhai's,Songhai's
intentness's,intentness's
conscience's,conscience's
edition's,edition's
freestyles,freestyles
inbreeding's,inbreeding's
vogues,vogues
blithe,blithe
luminosity's,luminosity's
lurch,lurch
kin,kin
detrimental,detrimental
workfare's,workfare's
pyromaniac's,pyromaniac's
attitudinized,attitudinized
lobbyists,lobbyists
baptists,baptists
wrapper,wrapper
piously,piously
subordinates,subordinates
spumoni,spumoni
gaze's,gaze's
tabloids,tabloids
rigging,rigging
excoriates,excoriates
attributive's,attributive's
Brandeis,Brandeis
exorbitance,exorbitance
compromised,compromised
Perth,Perth
MD's,MD's
Vulgate's,Vulgate's
biasing,biasing
cleaved,cleaved
foreleg's,foreleg's
crassest,crassest
terns,terns
adrenal,adrenal
breaches,breaches
ani,ani
half's,half's
Darjeeling's,Darjeeling's
adequacy,adequacy
tabled,tabled
complicating,complicating
seminars,seminars
billboards,billboards
debunking,debunking
misreading's,misreading's
Bobby's,Bobby's
disembarked,disembarked
glaringly,glaringly
repairman,repairman
loiter,loiter
axis's,axis's
scrubs,scrubs
monoliths,monoliths
Savoy's,Savoy's
domesticity,domesticity
Sebring,Sebring
least's,least's
wondrously,wondrously
mottling,mottling
Gewürztraminer,Gewürztraminer
acrostics,acrostics
habitability's,habitability's
periodically,periodically
castigating,castigating
booziest,booziest
organism,organism
khaki's,khaki's
tameness,tameness
guano's,guano's
flippies,flippies
stammers,stammers
Yorktown's,Yorktown's
fleshlier,fleshlier
perpetration's,perpetration's
Raphael,Raphael
primitives,primitives
Melba,Melba
stat,stat
wingtips,wingtips
grammarian,grammarian
Yggdrasil's,Yggdrasil's
overland,overland
indiscretion,indiscretion
unpin,unpin
Cisco,Cisco
vilely,vilely
glade,glade
essay's,essay's
Abilene,Abilene
Bruce's,Bruce's
readable,readable
Lesa,Lesa
subterranean,subterranean
periling,periling
obviate,obviate
Superbowl's,Superbowl's
appeasement's,appeasement's
emirate's,emirate's
Canada,Canada
dotage,dotage
saturated,saturated
tease's,tease's
Uniroyal's,Uniroyal's
Sandinista's,Sandinista's
projecting,projecting
animations,animations
Dominguez,Dominguez
Musial,Musial
pituitaries,pituitaries
ANZUS,ANZUS
asteroid,asteroid
superimposed,superimposed
intestine,intestine
eerie,eerie
defenseless,defenseless
liposuction,liposuction
repulses,repulses
permissions,permissions
reservations,reservations
aspirate,aspirate
expectant,expectant
nasalized,nasalized
yachtsman's,yachtsman's
stormily,stormily
shopper,shopper
ethos's,ethos's
paused,paused
mainsail's,mainsail's
rhinestone,rhinestone
watchmakers,watchmakers
terminations,terminations
Hermosillo,Hermosillo
thievery,thievery
Gerber,Gerber
Bekesy's,Bekesy's
buy's,buy's
bookseller,bookseller
Bergen,Bergen
Rob,Rob
cheeriness,cheeriness
thistle's,thistle's
protozoans,protozoans
Montgomery's,Montgomery's
play's,play's
horde's,horde's
monetize,monetize
guava,guava
scrimshaw,scrimshaw
bellowing,bellowing
Orient,Orient
indiscreetly,indiscreetly
USDA's,USDA's
explicit,explicit
reappraisals,reappraisals
rills,rills
ransomed,ransomed
Frenchwomen,Frenchwomen
asterisked,asterisked
draftsmanship,draftsmanship
Massenet's,Massenet's
catchword,catchword
commoners,commoners
reallocates,reallocates
binary's,binary's
worsted's,worsted's
Casanovas,Casanovas
beehives,beehives
whinier,whinier
stables,stables
unsaddling,unsaddling
Jimmie,Jimmie
Pequot's,Pequot's
mudguard's,mudguard's
Dresden's,Dresden's
Jarred,Jarred
Bahia,Bahia
tailpipes,tailpipes
unnaturally,unnaturally
travelogues,travelogues
relation's,relation's
hammerhead,hammerhead
anuses,anuses
Izaak's,Izaak's
generalizes,generalizes
poised,poised
wavier,wavier
righteous,righteous
PA,PA
reverence's,reverence's
waistline,waistline
coupe,coupe
storefront,storefront
bettering,bettering
posit,posit
obligate,obligate
heckles,heckles
tings,tings
verily,verily
infancy,infancy
