absorbent,absorbant
academic,acedemic
adjournment,adjurnment
administration,adminstration
administration,aDministration
administration,addministration
agreed,aGreed
agreed,agrEEd
agreed,aggreed
amendments,admendments
amusement,amusEment
amusement,amusment
announce,anNounce
announce,anounce
archaeological,archeological
arrange,arrenge
arrange,arRange
arrange,arange
articles,articals
articles,articLEs
articles,articals
august,augUst
august,augest
august,agust
await,awAIt
await,await%
await,awate
awfully,aWfully
awfully,awfULLy
awfully,aufully
awfully,awfuly
blanket,blankEt
block,blOCK
block,blok
block,blak
boys,boYS
breakdown,break-down
breakdown,break_down
brilliant,briljant
bucket,bUCKet
bucket,buket
camel,camEL
camel,camal
campaign,campAIGN
campaign,campain
campaign,campaigne
campaign,campain
cane,kane
cane,came
capacity,cApacity
capacity,capaCity
capacity,capasity
capacity,compacity
capacity,capasity
car,cAr
car,car%
car,cor
cheek,chEEk
cheek,chek
cheek,cheak
civilized,civIlized
civilized,civalized
cleaned,clEAned
cleaned,cleanED
cleaned,cleand
cleaned,clend
clever,cleva
clever,clEver
clever,cleaver
commits,committs
conservatives,conservaties
course,corce
course,cource
course,cource
course,cource
course,corse
course,cOURse
course,coarse
course,cause
course,cause
death,dEATH
decrease,discrease
decrease,dicrease
difficult,dificult
difficult,diffIcult
difficult,diffacult
difficult,dificult
difficult,diffucult
diminish,diminsh
diminish,deminish
dose,doSE
dose,does
driving,driv%ing
driving,driveing
dusty,dUsty
dusty,dustY
dusty,duste
economical,ecoNOMical
elevator,elEvator
elevator,elevatOr
elevator,elavator
eligible,eligble
eligible,elegable
elimination,elimiation
elimination,eleimination
embarrass,embarras
embarrass,embarass
encompassing,encompasing
essay,eSSAY
essay,esay
essay,essa
exceed,excEEd
exceed,exceed%
exceed,excede
exceed,excede
eyeing,eying
fearful,fEArful
fearful,fearfuL
fearful,fearfull
feet,feeth
feet,feeth
feet,fEEt
feet,fet
fight,fiGHT
fight,fite
fighting,fieghting
fighting,fiGHting
fighting,fiting
fill,fiLL
fill,fil
fill,fell
fragrant,fragrAnt
fragrant,fragrent
freeze,frisch
freeze,frEEze
freeze,freeZe
freeze,freese
freeze,freze
freeze,freez
front,frOnt
front,frount
front,frunt
fulfill,fullfil
gay,jay
grill,grille
guaranteed,guarenteed
gum,gUm
gum,gun
gum,gam
home,hoME
home,hom
home,hone
home,homr
impossible,impoSSible
impossible,impossIble
impossible,imposible
impossible,imposable
interfere,interfERE
interfere,interfer
interpretation,interpritation
interrogating,interogationg
kinds,Kinds
kinds,kinDS
kinds,kins
lamb,lamB
lamb,lame
lamb,lam
leaving,living
leaving,lEAving
liquor,liQUOR
liquor,licker
liquor,liqour
manually,manualy
measure,mEAsure
measure,mesure
melt,mElt
melt,malt
merely,mEREly
merely,merly
merely,mearly
milieu,mileu
milieu,miljeu
military,militar
military,militar
military,milItary
military,milatary
mix,mIX
mix,miks
mix,mics
neck,nEck
neck,nack
opportunity,obbortunity
opportunity,opertunity
opportunity,opperttunity
opportunity,oppertunity
opportunity,oppotunity
opportunity,oppOrtunity
opportunity,oppertunity
opportunity,oportunity
pardon,pardOn
pardon,parden
peaches,pEAches
peaches,peachES
peaches,peches
perfumes,perfums
permit,permIt
permit,permet
permit,permite
pool,pOOl
pool,pool%
pool,pole
pretend,pernated
pretend,pottend
pretend,pratande
pretend,pretented
pretend,pretent
pretend,pritend
pretend,pritened
pretend,preTEND
pretending,pretenting
price,priCE
price,prise
purple,purpal
purple,pupel
purple,purpil
purple,purpel
purple,paper
purple,purpole
purple,purble
purple,purpose
purple,purpore
purple,purpil
purple,purpul
purple,purper
purple,puRple
purple,purpLE
purple,puple
range,rAnge
range,ranGE
ranked,rankd
rather,raTHer
rather,rathER
recognized,reckonized
recognized,recogniced
recommendations,reccomendations
recompense,recompence
refer,refer%
refer,refere
regarding,regArding
regarding,reguarding
regarding,regaurding
relevant,revelent
relevant,relavent
relevant,relevaant
required,reequired
required,requIREd
revenge,revengE
revenge,reveng
rhythm,rythm
rhythm,rythm
saying,saYing
saying,saing
searched,searchde
sell,selle
sell,sEll
sell,sall
shade,shadE
shade,shad
shade,sade
shoes,shOES
shoes,shose
six,sIx
six,sex
sizeable,sizable
slide,sliDE
slide,slid
somehow,somhow
spirituous,spiritous
stand,sTand
stand,sand
steam,stEAm
steam,stem
steam,steem
straighten,straiGHten
straighten,straiten
straining,strainin
strange,strang
strange,streagh
strange,extrange
strange,stranch
strange,stareng
strange,strainged
strange,stranged
strange,strang
strange,straings
strange,stranger
strange,strangE
strange,strang
strategically,stratigically
strict,striCT
strict,strick
strict,stricked
suggest,suGGest
suggest,sugest
superficial,superfical
surrender,suRRender
surrender,surender
sword,sWORd
sword,sord
tackle,taCKle
tackle,tackLE
tackle,tackel
tackle,takle
team,tEAm
team,teem
term,tErm
term,turm
the,hte
the,thi
the,thw
the,to
these,this
these,thees
these,thess
these,thesE
these,thes
tip,tIp
tip,tep
tragedy,tradegy
tragedy,tradgedy
tranquillity,tranquility
travel,travEL
travel,travle
treat,trEAt
treat,treat%
treat,treet
tremble,trEmble
truth,trUth
truth,troth
truth,thruth
truth,thruth
turned,tURned
turned,turnEd
turned,turnd
vacation,vaCAtion
vacation,vacaTIon
vacation,vaction
vacation,vakation
vacation,vacashon
widow,wiDow
widow,widoW
widow,wido
widow,widdow
yesterday,yestarday
yesterday,yersterday
yesterday,yesTERday
sniveling,sniveling
Ethel's,Ethel's
turpentine,turpentine
lollygag,lollygag
scandalmongers,scandalmongers
sabres,sabres
companionway,companionway
wassails,wassails
storybook,storybook
defaulters,defaulters
foolproof,foolproof
elegant,elegant
Lot's,Lot's
disservice,disservice
egocentric,egocentric
palpate,palpate
vileness,vileness
argumentation's,argumentation's
canvass,canvass
mispronounced,mispronounced
prescription,prescription
mergansers,mergansers
tormenter's,tormenter's
tryout's,tryout's
Leakey's,Leakey's
fragiler,fragiler
foresail,foresail
pubescence's,pubescence's
skunked,skunked
rescuer,rescuer
McGuffey's,McGuffey's
noncompetitive,noncompetitive
Mnemosyne,Mnemosyne
Dirac's,Dirac's
take's,take's
housekeeper's,housekeeper's
heaps,heaps
Boyer,Boyer
gaiter,gaiter
Abbott's,Abbott's
chatter's,chatter's
Roqueforts,Roqueforts
humus,humus
integrator,integrator
volleyball's,volleyball's
nematodes,nematodes
moocher,moocher
aliases,aliases
aptitude's,aptitude's
overindulgence's,overindulgence's
nudge's,nudge's
delinquency's,delinquency's
Magyars,Magyars
uncontrollably,uncontrollably
listening,listening
Maris's,Maris's
SE's,SE's
looted,looted
reluctance,reluctance
Bradstreet,Bradstreet
rebus,rebus
overripe's,overripe's
taxonomy,taxonomy
dykes,dykes
dogtrot's,dogtrot's
requisites,requisites
Yahoo's,Yahoo's
impostures,impostures
rotundity's,rotundity's
bedrock's,bedrock's
backing's,backing's
down's,down's
intrenchment,intrenchment
sublimity's,sublimity's
permeates,permeates
allied,allied
motocross,motocross
Parkman's,Parkman's
bloomers,bloomers
Layamon's,Layamon's
Eleanor,Eleanor
visualizing,visualizing
materialization's,materialization's
architecture's,architecture's
pall's,pall's
outwore,outwore
tumors,tumors
dauber's,dauber's
republishing,republishing
carjacking,carjacking
sawdust,sawdust
crows,crows
contemporaneous,contemporaneous
terminological,terminological
Indonesians,Indonesians
clang,clang
sandpiper's,sandpiper's
flamboyant,flamboyant
Weiss,Weiss
apologist,apologist
cower,cower
nonconductor,nonconductor
motivating,motivating
Cather,Cather
Mabel,Mabel
stilt,stilt
reporter,reporter
Cid's,Cid's
fo'c's'les,fo'c's'les
lats,lats
syncopated,syncopated
counterespionage,counterespionage
demoralization,demoralization
filtrates,filtrates
Tlingit's,Tlingit's
Benetton,Benetton
flukey,flukey
cheater's,cheater's
repossessing,repossessing
socialization's,socialization's
Amerindian's,Amerindian's
undoing,undoing
boron's,boron's
masticate,masticate
blueprinted,blueprinted
preposition,preposition
populated,populated
squareness,squareness
Trotsky,Trotsky
bossiness's,bossiness's
retrenching,retrenching
Kristen's,Kristen's
greenery,greenery
Andrea,Andrea
Hendrix,Hendrix
Nikolayev,Nikolayev
votes,votes
westerners,westerners
Rockies's,Rockies's
bygone's,bygone's
chloroforms,chloroforms
deviants,deviants
goof's,goof's
jousted,jousted
drawbridges,drawbridges
looney,looney
hiring,hiring
Gondwanaland's,Gondwanaland's
episcopacy's,episcopacy's
alcoholism,alcoholism
exhuming,exhuming
Lucretius,Lucretius
miscarries,miscarries
thunderstruck,thunderstruck
misdiagnosing,misdiagnosing
differed,differed
crossovers,crossovers
urinated,urinated
consortiums,consortiums
infringements,infringements
Luftwaffe's,Luftwaffe's
pimientos,pimientos
refueling,refueling
Joaquin,Joaquin
absents,absents
Peel's,Peel's
dentin,dentin
girdle's,girdle's
clay's,clay's
hacker,hacker
blondness,blondness
rewind's,rewind's
Noyce's,Noyce's
glacier,glacier
Phaethon,Phaethon
ruffs,ruffs
affliction's,affliction's
debut's,debut's
puts,puts
Mantegna's,Mantegna's
ecliptic,ecliptic
unchallenged,unchallenged
pinning,pinning
reparations's,reparations's
Dis's,Dis's
Nicklaus's,Nicklaus's
demagogy,demagogy
swarmed,swarmed
accompaniment's,accompaniment's
portcullis,portcullis
AK,AK
fuselages,fuselages
Lamont's,Lamont's
brawlers,brawlers
interaction,interaction
Becker,Becker
Chippewa,Chippewa
balusters,balusters
acidity's,acidity's
separable,separable
supplication's,supplication's
seasonable,seasonable
befallen,befallen
dodoes,dodoes
apostates,apostates
indemnity's,indemnity's
shipments,shipments
Osborn,Osborn
slivered,slivered
squaw's,squaw's
prevaricates,prevaricates
lattice,lattice
begs,begs
glop's,glop's
braid's,braid's
glowed,glowed
Samsonite's,Samsonite's
coloreds,coloreds
complaisant,complaisant
paymasters,paymasters
coarsens,coarsens
Missoula,Missoula
Bridget,Bridget
folly,folly
yams,yams
dethronement,dethronement
occupancy's,occupancy's
patron,patron
persistently,persistently
propeller's,propeller's
Creighton,Creighton
edamame,edamame
Wichita,Wichita
degeneration,degeneration
shirted,shirted
bandies,bandies
equators,equators
rigmarole,rigmarole
Denis's,Denis's
widescreen's,widescreen's
funkier,funkier
Plato,Plato
midwiving,midwiving
tundra's,tundra's
nape's,nape's
backaches,backaches
telexing,telexing
electronic,electronic
scurry's,scurry's
gamekeeper,gamekeeper
impala,impala
Maynard's,Maynard's
calibrators,calibrators
shin's,shin's
Blacksburg's,Blacksburg's
pejoratives,pejoratives
sawyer,sawyer
leotards,leotards
rustiness,rustiness
diadems,diadems
nutmeats,nutmeats
nutriment's,nutriment's
prancing,prancing
Runnymede's,Runnymede's
glowworm's,glowworm's
hectically,hectically
Zeno's,Zeno's
oilcloths,oilcloths
estimator's,estimator's
loan's,loan's
disputatious,disputatious
Tessie,Tessie
Hutu's,Hutu's
barberries,barberries
coauthors,coauthors
membrane,membrane
unbolts,unbolts
honorarium's,honorarium's
breakfasts,breakfasts
Woodstock,Woodstock
undercharge's,undercharge's
boardrooms,boardrooms
foods,foods
foresting,foresting
goodbye's,goodbye's
peer,peer
trinities,trinities
loftily,loftily
swordsmen,swordsmen
tubing's,tubing's
vitals,vitals
Gorgas,Gorgas
Gibbon,Gibbon
trickiness,trickiness
servomechanisms,servomechanisms
defacing,defacing
rupee,rupee
ribald,ribald
commendations,commendations
Gable's,Gable's
Lela,Lela
Flanagan's,Flanagan's
jinxes,jinxes
rotogravure,rotogravure
daze,daze
Mumbai's,Mumbai's
revisit,revisit
sanity,sanity
battens,battens
unload,unload
penis,penis
pinned,pinned
Nichole,Nichole
behalf's,behalf's
Katelyn,Katelyn
sprinklings,sprinklings
designating,designating
explication's,explication's
cloths,cloths
fixers,fixers
switchable,switchable
swatter's,swatter's
evaporation's,evaporation's
winch's,winch's
slay,slay
strata,strata
catnap's,catnap's
racehorse's,racehorse's
walrus,walrus
legitimize,legitimize
predicate,predicate
sumac's,sumac's
CRT's,CRT's
swellheaded,swellheaded
protégés,protégés
disarray,disarray
gurgle,gurgle
pried,pried
Wassermann,Wassermann
Dane's,Dane's
brazier,brazier
flavors,flavors
grandest,grandest
Dona,Dona
Gandhi,Gandhi
intermingles,intermingles
leaned,leaned
presto,presto
rickshas,rickshas
impromptus,impromptus
jackhammer's,jackhammer's
Livy's,Livy's
exoneration,exoneration
Chadwick,Chadwick
parkway's,parkway's
mangier,mangier
particularized,particularized
newsman's,newsman's
peacefulness,peacefulness
denigrated,denigrated
delineations,delineations
pacifically,pacifically
Rico,Rico
diseases,diseases
singletons,singletons
Mass's,Mass's
allspice,allspice
teased,teased
evangelizes,evangelizes
juster,juster
filmed,filmed
Burl's,Burl's
oven's,oven's
Stromboli's,Stromboli's
groundless,groundless
betters,betters
rounder,rounder
slate,slate
Koppel's,Koppel's
Neal,Neal
deaconess's,deaconess's
pussyfooting,pussyfooting
Hess,Hess
piggish,piggish
Media's,Media's
boxwood,boxwood
Algonquin,Algonquin
hibiscuses,hibiscuses
gallium,gallium
Sacco's,Sacco's
prerecorded,prerecorded
bucklers,bucklers
commander,commander
Claudette,Claudette
mask's,mask's
cerise,cerise
monotones,monotones
fizzy,fizzy
savage,savage
doctorate,doctorate
bleated,bleated
cheapens,cheapens
hashtags,hashtags
septicemia,septicemia
Ottawa's,Ottawa's
flakiness's,flakiness's
slows,slows
star's,star's
fictionalized,fictionalized
crape,crape
inkblots,inkblots
leapfrog,leapfrog
Annie,Annie
breeziness's,breeziness's
slaughterers,slaughterers
Jewish,Jewish
electroencephalograph's,electroencephalograph's
Esther,Esther
outsources,outsources
villain's,villain's
Ethernet,Ethernet
Beaumarchais,Beaumarchais
era,era
peroxiding,peroxiding
previewer,previewer
sealed,sealed
Cruise,Cruise
beatitudes,beatitudes
entrée's,entrée's
Harlingen's,Harlingen's
twigging,twigging
relearns,relearns
eyeful's,eyeful's
polyhedron,polyhedron
Amman's,Amman's
doggedness's,doggedness's
J's,J's
Gainsborough,Gainsborough
Capone's,Capone's
networking,networking
cashes,cashes
subsidence,subsidence
staffer,staffer
wreathed,wreathed
officeholders,officeholders
discontinuity's,discontinuity's
Maoist,Maoist
classicist's,classicist's
Grendel's,Grendel's
insecurity's,insecurity's
Tuesday,Tuesday
elapses,elapses
Heaviside,Heaviside
Tobago,Tobago
gendarmes,gendarmes
helm,helm
majesty's,majesty's
sheeting,sheeting
weaponry,weaponry
paralytic,paralytic
eyesore's,eyesore's
cabin's,cabin's
Stael,Stael
Wellingtons,Wellingtons
emoji's,emoji's
adware,adware
Islamabad,Islamabad
untreated,untreated
capaciousness's,capaciousness's
Wollstonecraft,Wollstonecraft
paths,paths
upstaged,upstaged
deriding,deriding
nonagenarian's,nonagenarian's
journals,journals
Tyndall,Tyndall
artificer,artificer
terrorizes,terrorizes
warmongers,warmongers
drove's,drove's
loadable,loadable
implicating,implicating
airworthy,airworthy
forecasted,forecasted
sexing,sexing
fisher,fisher
goldfish,goldfish
Ursula,Ursula
Roberta's,Roberta's
excretion,excretion
Vlaminck,Vlaminck
Hinduism,Hinduism
compacts,compacts
coagulating,coagulating
headstone,headstone
brunches,brunches
Internationale's,Internationale's
utilitarians,utilitarians
Au,Au
sourness's,sourness's
Rice,Rice
bandoleers,bandoleers
hidden,hidden
notarizes,notarizes
Pavlovian's,Pavlovian's
mourner's,mourner's
changelings,changelings
appositive,appositive
Oise,Oise
foundries,foundries
pharmacologist,pharmacologist
maniacs,maniacs
Roy's,Roy's
Vermonter,Vermonter
edge's,edge's
pathways,pathways
tourneys,tourneys
lattes,lattes
precedent's,precedent's
loadstone's,loadstone's
menus,menus
Hawkins's,Hawkins's
helot,helot
negligence,negligence
syllabified,syllabified
preterite's,preterite's
legislator's,legislator's
deserting,deserting
stigma's,stigma's
apostasy's,apostasy's
Python's,Python's
dressage,dressage
Weston,Weston
outbuilding,outbuilding
secretion,secretion
goddaughter,goddaughter
laboring,laboring
statehood,statehood
frisking,frisking
sealer,sealer
batten's,batten's
Sherman's,Sherman's
silvered,silvered
rocketing,rocketing
lanes,lanes
simulators,simulators
savvier,savvier
tushes,tushes
aloft,aloft
heartened,heartened
heroics's,heroics's
wabbits,wabbits
Stout,Stout
cosier,cosier
redrafts,redrafts
Tanya,Tanya
tanagers,tanagers
Lakeland's,Lakeland's
gimleted,gimleted
stray,stray
toothpaste,toothpaste
ticking's,ticking's
Christine's,Christine's
whore,whore
tout's,tout's
commodity,commodity
Dreyfus,Dreyfus
immortality's,immortality's
imprimaturs,imprimaturs
frogman,frogman
certitude,certitude
Thoroughbred's,Thoroughbred's
adrenalin,adrenalin
laxness's,laxness's
Mn's,Mn's
progenitor,progenitor
turnouts,turnouts
Tylenol's,Tylenol's
hauteur's,hauteur's
waxwing,waxwing
pliability,pliability
womb's,womb's
copyrighted,copyrighted
persnickety,persnickety
aorta,aorta
Rourke's,Rourke's
Schrödinger,Schrödinger
coauthoring,coauthoring
rustic,rustic
oaten,oaten
gridlock,gridlock
trample,trample
dynamism's,dynamism's
enmities,enmities
torrid,torrid
approximation,approximation
soundlessly,soundlessly
overhears,overhears
wildcat's,wildcat's
roods,roods
nosier,nosier
lacunae,lacunae
Trojan,Trojan
brainwash,brainwash
moveable,moveable
penology's,penology's
France,France
Swedish's,Swedish's
gigabyte's,gigabyte's
iguana's,iguana's
defraud,defraud
Montcalm,Montcalm
Hartford,Hartford
supercharge,supercharge
Salazar,Salazar
SS,SS
unfailing,unfailing
Suva's,Suva's
posterity,posterity
Balaton,Balaton
meanest,meanest
silk's,silk's
headwaters's,headwaters's
minim's,minim's
Honduras,Honduras
interdicted,interdicted
swiftest,swiftest
carpetbagger's,carpetbagger's
rioting's,rioting's
tercentenaries,tercentenaries
daffier,daffier
adventures,adventures
peppered,peppered
manifesting,manifesting
snaps,snaps
parquet's,parquet's
pickets,pickets
Heller,Heller
Moses,Moses
carfare's,carfare's
nuptials,nuptials
lopsidedness's,lopsidedness's
poisoners,poisoners
needn't,needn't
snobbishness's,snobbishness's
soberer,soberer
achier,achier
wrier,wrier
scums,scums
shantytown,shantytown
Lyme,Lyme
institution's,institution's
spitball's,spitball's
turmeric's,turmeric's
billeted,billeted
cynosures,cynosures
shrub's,shrub's
trouper,trouper
torpedos,torpedos
graphologist,graphologist
kiddo's,kiddo's
demeaning,demeaning
attends,attends
sitcom,sitcom
Hollerith,Hollerith
puddings,puddings
bonehead's,bonehead's
gamut's,gamut's
cabled,cabled
sopped,sopped
spare's,spare's
medicating,medicating
Ilene's,Ilene's
Malraux,Malraux
incapacitate,incapacitate
fixates,fixates
flabbergasts,flabbergasts
sunblock,sunblock
unreleased,unreleased
gems,gems
busts,busts
figments,figments
Whitehall,Whitehall
hog's,hog's
Lhotse,Lhotse
outweigh,outweigh
purport,purport
backstretch,backstretch
Snickers,Snickers
sparred,sparred
midwifes,midwifes
solitaire,solitaire
braided,braided
Ingram,Ingram
reed,reed
terrorize,terrorize
métiers,métiers
martyr's,martyr's
baseboard's,baseboard's
acacia's,acacia's
Yunnan,Yunnan
imprinting,imprinting
waterspouts,waterspouts
vales,vales
Protestantisms,Protestantisms
stances,stances
rosebush's,rosebush's
meta,meta
rapacity,rapacity
diffuses,diffuses
gambolling,gambolling
proportionately,proportionately
glob's,glob's
infarction's,infarction's
constrictor's,constrictor's
reliefs,reliefs
orchids,orchids
freedmen,freedmen
misspell,misspell
tech,tech
adversary,adversary
anointment,anointment
lacrosse's,lacrosse's
Nat's,Nat's
publish,publish
transmitter,transmitter
Lidia,Lidia
insigne,insigne
expels,expels
salon,salon
sickest,sickest
stomps,stomps
Rebekah's,Rebekah's
timeless,timeless
antitrust,antitrust
gutted,gutted
Spirograph,Spirograph
cantons,cantons
fling's,fling's
Starbucks,Starbucks
swishes,swishes
embosses,embosses
boot's,boot's
ECMAScript,ECMAScript
spin's,spin's
relaxants,relaxants
Fred,Fred
primitively,primitively
literal,literal
Mon's,Mon's
foreheads,foreheads
powerlessness,powerlessness
Morales's,Morales's
GMT,GMT
McEnroe's,McEnroe's
conspiracy,conspiracy
viscountess,viscountess
feral,feral
negotiates,negotiates
cerebellums,cerebellums
semitrailers,semitrailers
spirea,spirea
murk,murk
caustic,caustic
deeding,deeding
stiffened,stiffened
hoot's,hoot's
scatted,scatted
rib's,rib's
soap's,soap's
lecher's,lecher's
Simpson's,Simpson's
substituting,substituting
wrestle,wrestle
Benedict,Benedict
Cordelia,Cordelia
impersonate,impersonate
HI,HI
Aimee,Aimee
chloride,chloride
beachcomber,beachcomber
Wiesenthal,Wiesenthal
vista's,vista's
plushiest,plushiest
Bolton's,Bolton's
boxcars,boxcars
Goren's,Goren's
steepness,steepness
mockingly,mockingly
superfluity,superfluity
bassists,bassists
need's,need's
main's,main's
chiropractors,chiropractors
littleness,littleness
censuring,censuring
loftiness's,loftiness's
shabbier,shabbier
reasserts,reasserts
erectness's,erectness's
poisoned,poisoned
quarterback,quarterback
benefaction,benefaction
pepperoni's,pepperoni's
inhalers,inhalers
Hollands,Hollands
pokes,pokes
Scythian,Scythian
freshet's,freshet's
puppeteers,puppeteers
incredibly,incredibly
caldrons,caldrons
mailing,mailing
patellae,patellae
antidepressant's,antidepressant's
dumfounded,dumfounded
Linux's,Linux's
downtime's,downtime's
hemmed,hemmed
scowling,scowling
Leonidas's,Leonidas's
lampreys,lampreys
Stefanie,Stefanie
keyboarders,keyboarders
infantry's,infantry's
milligram's,milligram's
inanity,inanity
suckles,suckles
deposition,deposition
pedagogy's,pedagogy's
weekly's,weekly's
laurel's,laurel's
motorcycled,motorcycled
Halloweens,Halloweens
friskiness,friskiness
perambulator,perambulator
acquitted,acquitted
porous,porous
acupuncturists,acupuncturists
hairstylist's,hairstylist's
signs,signs
banqueting,banqueting
squeamish,squeamish
Clarence,Clarence
entomologists,entomologists
impounds,impounds
kettle's,kettle's
bantered,bantered
bowels,bowels
superlatives,superlatives
aviaries,aviaries
Paula's,Paula's
highwayman's,highwayman's
destabilize,destabilize
discolor,discolor
beseech,beseech
version's,version's
clampdown,clampdown
agnostics,agnostics
sots,sots
freeload,freeload
venue's,venue's
bluish,bluish
balefully,balefully
arsenal,arsenal
epaulets,epaulets
Gregorian,Gregorian
Compton,Compton
granddad,granddad
warblers,warblers
radiated,radiated
camisole's,camisole's
excretory,excretory
thermoses,thermoses
admen,admen
wetware,wetware
hurled,hurled
Congress,Congress
grottoes,grottoes
spewing,spewing
poises,poises
irately,irately
documentary's,documentary's
catheters,catheters
cisterns,cisterns
zilch's,zilch's
vamooses,vamooses
reprint's,reprint's
resold,resold
machinations,machinations
carousers,carousers
consumption,consumption
viscous,viscous
Alyce,Alyce
Milo,Milo
foraying,foraying
pan's,pan's
pompousness,pompousness
fetchingly,fetchingly
bidets,bidets
tombing,tombing
buildup's,buildup's
ejaculating,ejaculating
dunner,dunner
rant,rant
overwhelmingly,overwhelmingly
typhoons,typhoons
furthered,furthered
palimpsests,palimpsests
enslavement,enslavement
Damocles's,Damocles's
Johnston's,Johnston's
Kublai's,Kublai's
acumen's,acumen's
flunkey,flunkey
nationalities,nationalities
Huff,Huff
takings,takings
jazzing,jazzing
monosyllable,monosyllable
Quonset,Quonset
validity's,validity's
Bjork,Bjork
enfranchised,enfranchised
shaming,shaming
codification's,codification's
carcinogenics,carcinogenics
soporific,soporific
Gunther's,Gunther's
distaste's,distaste's
multivariate,multivariate
backspace's,backspace's
ingeniously,ingeniously
nostrums,nostrums
soloing,soloing
Ibsen's,Ibsen's
providentially,providentially
ingrown,ingrown
notable's,notable's
Meuse's,Meuse's
flinging,flinging
élan,élan
Nazca,Nazca
proscribe,proscribe
birdcage,birdcage
thermionic,thermionic
pounding,pounding
Messiah's,Messiah's
Lambert's,Lambert's
boulevard,boulevard
policemen,policemen
roughage's,roughage's
preempt,preempt
Johnathan's,Johnathan's
netters,netters
giddy,giddy
Goya's,Goya's
chimerical,chimerical
fixture's,fixture's
sternness's,sternness's
census's,census's
specifier,specifier
guardhouse,guardhouse
Agra,Agra
rifleman,rifleman
Enkidu,Enkidu
reprehends,reprehends
ague,ague
dreamiest,dreamiest
uniform's,uniform's
blindest,blindest
cunninger,cunninger
loiterers,loiterers
elastic's,elastic's
emancipation,emancipation
jostling,jostling
sterilization's,sterilization's
floras,floras
virgule's,virgule's
frisked,frisked
sheerest,sheerest
domain,domain
grasshoppers,grasshoppers
grades,grades
mountainsides,mountainsides
Doctor,Doctor
rowdy's,rowdy's
proves,proves
bracken,bracken
deafest,deafest
Moho,Moho
routinizes,routinizes
tickles,tickles
differential's,differential's
McGee,McGee
Jefferey,Jefferey
overdrive,overdrive
Munich,Munich
broods,broods
Marine,Marine
Douglas,Douglas
circumcisions,circumcisions
arresting,arresting
milkiest,milkiest
rivets,rivets
dustpan,dustpan
dilute,dilute
sharkskin's,sharkskin's
plumber's,plumber's
equilateral,equilateral
cocoon,cocoon
Kwangju's,Kwangju's
bookish,bookish
consumables,consumables
sustenance's,sustenance's
goddess's,goddess's
panhandles,panhandles
indistinct,indistinct
beautifiers,beautifiers
mechanics's,mechanics's
prop,prop
crash's,crash's
splitting's,splitting's
nth,nth
calcified,calcified
Dillard's,Dillard's
Syracuse's,Syracuse's
scull's,scull's
realism's,realism's
circuit,circuit
suspiciously,suspiciously
flashiness,flashiness
Clorets's,Clorets's
gnarling,gnarling
succulents,succulents
quackery,quackery
snobby,snobby
Romania,Romania
McAllen,McAllen
Bruckner,Bruckner
documentation's,documentation's
semantics's,semantics's
Judea,Judea
pensions,pensions
uproarious,uproarious
reunion's,reunion's
apprehensiveness's,apprehensiveness's
pigeon's,pigeon's
replenish,replenish
smugglers,smugglers
groomed,groomed
auxiliary's,auxiliary's
zonked,zonked
Samarkand,Samarkand
offerings,offerings
fakes,fakes
cowardice,cowardice
centenarian,centenarian
Azov's,Azov's
Qantas's,Qantas's
rentals,rentals
ptarmigan,ptarmigan
Precambrian,Precambrian
sledges,sledges
gossiped,gossiped
screech,screech
ministrant,ministrant
hens,hens
nymphomaniac's,nymphomaniac's
Bud's,Bud's
tad,tad
navel's,navel's
attributed,attributed
Adhara's,Adhara's
salmon,salmon
Yangon,Yangon
watermelon's,watermelon's
elliptic,elliptic
scrap's,scrap's
Patrick's,Patrick's
flyswatter's,flyswatter's
chart's,chart's
stoney,stoney
Mongolian,Mongolian
derives,derives
metallurgist's,metallurgist's
dishonor's,dishonor's
responsibly,responsibly
Kara,Kara
Bertelsmann,Bertelsmann
insularity's,insularity's
leather's,leather's
popularized,popularized
foisted,foisted
igneous,igneous
cardiologists,cardiologists
nosiness,nosiness
Mexicali's,Mexicali's
hairstyle,hairstyle
refillable,refillable
falconry's,falconry's
rod's,rod's
communions,communions
riffs,riffs
Namibia,Namibia
Panama's,Panama's
thermometers,thermometers
gazer,gazer
uneasier,uneasier
vocals,vocals
imperfection's,imperfection's
viable,viable
McGowan,McGowan
carboy,carboy
pliancy,pliancy
Merrimack,Merrimack
gravel's,gravel's
mated,mated
cesium's,cesium's
sundering,sundering
invidious,invidious
mollified,mollified
deletion's,deletion's
bulimics,bulimics
Ethernet's,Ethernet's
sachet,sachet
decapitate,decapitate
acmes,acmes
binomial,binomial
transgressors,transgressors
Meredith,Meredith
triumphed,triumphed
epitomized,epitomized
denigrating,denigrating
pip's,pip's
gambles,gambles
detouring,detouring
naturalization,naturalization
geodes,geodes
tipplers,tipplers
habitations,habitations
catkin,catkin
choral,choral
Sindhi's,Sindhi's
palpated,palpated
sump's,sump's
Royce's,Royce's
ailment,ailment
chinstrap's,chinstrap's
strategies,strategies
junk,junk
conjuncture's,conjuncture's
Terence,Terence
rakishly,rakishly
hugeness's,hugeness's
confrères,confrères
how's,how's
thong's,thong's
lollipop's,lollipop's
roistering,roistering
cartography's,cartography's
filibuster's,filibuster's
Australian,Australian
drouth,drouth
Tolyatti's,Tolyatti's
prom,prom
Vlaminck's,Vlaminck's
insider,insider
togas,togas
hotheaded,hotheaded
denomination's,denomination's
topmast,topmast
loons,loons
jitterbugging,jitterbugging
embryonic,embryonic
technologies,technologies
Byzantium's,Byzantium's
globules,globules
shoguns,shoguns
sobriquets,sobriquets
distrait,distrait
SC,SC
reprise's,reprise's
dogtrot,dogtrot
wishbone's,wishbone's
Francesca's,Francesca's
anthologist's,anthologist's
Sadr's,Sadr's
budgerigar's,budgerigar's
pilaw's,pilaw's
restiveness,restiveness
Saundra,Saundra
likeableness's,likeableness's
unsnarled,unsnarled
lorries,lorries
Athens,Athens
intermission's,intermission's
spurts,spurts
demotes,demotes
ditties,ditties
detonations,detonations
vestigial,vestigial
Khartoum's,Khartoum's
edibles,edibles
musicianship,musicianship
vainest,vainest
falloff,falloff
fervid,fervid
notions,notions
craps's,craps's
ransack,ransack
byword's,byword's
boarders,boarders
sarcomata,sarcomata
shores,shores
pimply,pimply
loonie's,loonie's
isometric,isometric
unlearned,unlearned
discontents,discontents
Boas's,Boas's
Hyderabad,Hyderabad
Lola's,Lola's
backside's,backside's
resoluteness's,resoluteness's
aperitif,aperitif
lodger's,lodger's
disks,disks
sutured,sutured
silicosis,silicosis
Clarissa's,Clarissa's
bladders,bladders
cinctures,cinctures
cupsful,cupsful
gauntest,gauntest
Aelfric's,Aelfric's
Martin's,Martin's
toffy,toffy
secretiveness,secretiveness
indoctrination,indoctrination
skydives,skydives
solo's,solo's
climactic,climactic
mezzanine,mezzanine
vacuum,vacuum
hectare's,hectare's
pretenders,pretenders
syndrome's,syndrome's
Pravda's,Pravda's
forearm's,forearm's
teaspoonful,teaspoonful
dilettanti,dilettanti
knottier,knottier
Chandrasekhar,Chandrasekhar
snifter,snifter
dowdiness,dowdiness
shirkers,shirkers
panchromatic,panchromatic
repertoire's,repertoire's
Palomar's,Palomar's
honeymooners,honeymooners
jelly's,jelly's
Altoids's,Altoids's
Chongqing,Chongqing
Catalan's,Catalan's
cheating,cheating
thruways,thruways
Sensurround's,Sensurround's
Ara,Ara
noncommittally,noncommittally
ongoing,ongoing
bevel's,bevel's
percentiles,percentiles
shipwrecked,shipwrecked
achievable,achievable
principal's,principal's
heaping,heaping
reaction's,reaction's
everlasting's,everlasting's
wusses,wusses
colloquy,colloquy
ricochet's,ricochet's
prelude's,prelude's
interrelationships,interrelationships
misadventures,misadventures
prejudice's,prejudice's
Domingo,Domingo
easing,easing
appetite's,appetite's
devout,devout
subornation,subornation
Pegasus,Pegasus
disenfranchising,disenfranchising
decimated,decimated
countryside's,countryside's
consent's,consent's
ruddy,ruddy
regent,regent
cops,cops
artifice,artifice
manatee,manatee
Prudence,Prudence
daddies,daddies
Minsky,Minsky
proscenium's,proscenium's
bladder,bladder
Luella,Luella
morphine,morphine
pumped,pumped
candid,candid
Kaneohe,Kaneohe
inkwell,inkwell
dairying's,dairying's
sightseer's,sightseer's
Portsmouth's,Portsmouth's
genie's,genie's
smock,smock
mascot,mascot
manatee's,manatee's
bodice,bodice
nicks,nicks
incident's,incident's
timely,timely
antiphonal,antiphonal
Northampton's,Northampton's
immobilizes,immobilizes
superfluity's,superfluity's
Eucharist,Eucharist
cousins,cousins
Minotaur,Minotaur
frustrations,frustrations
optimist,optimist
cormorant,cormorant
Murrieta's,Murrieta's
Linton,Linton
remodeling,remodeling
diphthongs,diphthongs
sullenest,sullenest
choppiest,choppiest
jellos,jellos
averts,averts
SUSE's,SUSE's
illustrated,illustrated
Nestle's,Nestle's
neighborliness's,neighborliness's
bewildered,bewildered
Midas,Midas
reputedly,reputedly
verges,verges
dines,dines
nucleus's,nucleus's
barbering,barbering
morass,morass
clarinettists,clarinettists
aliens,aliens
lamed,lamed
nod,nod
Ned,Ned
bogus,bogus
Khoisan's,Khoisan's
unsightly,unsightly
unimpressed,unimpressed
twins,twins
Janet,Janet
pericardiums,pericardiums
secondary,secondary
pandemonium's,pandemonium's
posts,posts
Benet's,Benet's
shot's,shot's
Ara's,Ara's
nonviolence,nonviolence
boxer,boxer
scrimmages,scrimmages
rhetoric,rhetoric
successes,successes
Kevin's,Kevin's
presaging,presaging
effectiveness,effectiveness
hygiene's,hygiene's
indorses,indorses
vanillas,vanillas
protoplasm's,protoplasm's
Gupta's,Gupta's
confrontational,confrontational
Hellenism's,Hellenism's
monolog's,monolog's
condensation,condensation
penetrate,penetrate
argyle,argyle
chippers,chippers
speedups,speedups
crap,crap
edged,edged
Mayfair's,Mayfair's
hosannas,hosannas
chink's,chink's
burnish's,burnish's
extricated,extricated
Alma's,Alma's
trefoil,trefoil
telegraph's,telegraph's
Cybele,Cybele
fuddle,fuddle
technocrats,technocrats
innovation's,innovation's
kroner,kroner
Ojibwa,Ojibwa
oscilloscope,oscilloscope
strews,strews
movements,movements
identical,identical
smarted,smarted
tool's,tool's
Salween,Salween
twinklings,twinklings
Cypriots,Cypriots
balconies,balconies
chintz,chintz
drowsiest,drowsiest
lambkin,lambkin
NBA's,NBA's
damson,damson
Kissinger's,Kissinger's
autographed,autographed
carcinogens,carcinogens
bitumen's,bitumen's
zoned,zoned
ghosts,ghosts
snugly,snugly
titbits,titbits
overemphasize,overemphasize
sackful's,sackful's
detoxified,detoxified
humidifier,humidifier
pluperfect's,pluperfect's
annual's,annual's
disarrays,disarrays
Villa,Villa
Albigensian,Albigensian
apathetically,apathetically
encrypt,encrypt
secreted,secreted
anemones,anemones
insured's,insured's
anther's,anther's
Heriberto's,Heriberto's
Mafia,Mafia
Marsala's,Marsala's
Tampa,Tampa
cardiograms,cardiograms
striptease,striptease
astrology,astrology
fiber's,fiber's
spam's,spam's
agglutinated,agglutinated
neighborliness,neighborliness
tourist's,tourist's
Bartlett's,Bartlett's
Chisinau's,Chisinau's
acumen,acumen
architectures,architectures
exchanging,exchanging
bulls,bulls
Travis's,Travis's
lechery's,lechery's
testament,testament
turfed,turfed
Portia,Portia
Julia's,Julia's
infected,infected
Taejon,Taejon
predominate,predominate
Lucile,Lucile
breaching,breaching
booted,booted
spongers,spongers
Wasp,Wasp
neglig's,neglig's
dubious,dubious
shred's,shred's
oaf's,oaf's
smallness,smallness
beefier,beefier
Tracey,Tracey
Holiday's,Holiday's
Barnett's,Barnett's
compatibility,compatibility
Zambian,Zambian
Asia,Asia
trail's,trail's
Mikhail's,Mikhail's
mulch's,mulch's
glassed,glassed
despotism,despotism
shrift's,shrift's
bandstands,bandstands
dam,dam
vinyl's,vinyl's
Turlock,Turlock
render's,render's
Todd,Todd
imprudence's,imprudence's
elector,elector
brew,brew
famishing,famishing
Venusian,Venusian
Borobudur,Borobudur
briefing's,briefing's
catnaps,catnaps
perfunctory,perfunctory
lee,lee
Freddy,Freddy
cogitates,cogitates
sensuality's,sensuality's
daddy,daddy
discountenances,discountenances
fainest,fainest
pones,pones
fictionalizes,fictionalizes
haunt's,haunt's
Staubach's,Staubach's
humeri,humeri
Balanchine,Balanchine
grocers,grocers
aniseed,aniseed
recruitment's,recruitment's
jaywalk,jaywalk
redounds,redounds
shingled,shingled
Zürich,Zürich
harboring,harboring
rev,rev
blah,blah
sulkier,sulkier
urine,urine
pelvis,pelvis
landed,landed
horrors,horrors
northwards,northwards
stocking,stocking
slenderizing,slenderizing
callousness,callousness
chicest,chicest
Cote's,Cote's
customizes,customizes
downy,downy
standout,standout
enamelling,enamelling
Onondaga's,Onondaga's
cages,cages
Princeton,Princeton
crematorium's,crematorium's
ruff,ruff
trussing,trussing
blowzy,blowzy
Tocantins's,Tocantins's
previewing,previewing
print's,print's
bellboys,bellboys
Debouillet's,Debouillet's
obelisk,obelisk
Bordon's,Bordon's
incivilities,incivilities
Wisconsin's,Wisconsin's
shammed,shammed
darling's,darling's
sill's,sill's
Paine's,Paine's
allying,allying
pallet's,pallet's
ambassador's,ambassador's
nullity,nullity
Donovan,Donovan
storms,storms
Yang,Yang
Felix,Felix
julienne,julienne
gregariousness,gregariousness
hippie,hippie
floweriness's,floweriness's
investments,investments
insecticide,insecticide
carbide,carbide
distention's,distention's
cheesier,cheesier
moment's,moment's
misgoverned,misgoverned
Rollins,Rollins
Patel,Patel
Cranmer's,Cranmer's
Rd,Rd
scarifying,scarifying
insinuate,insinuate
herbalist's,herbalist's
concatenates,concatenates
massacring,massacring
pocks,pocks
casuistry's,casuistry's
Gerry,Gerry
mineralogist,mineralogist
turnaround's,turnaround's
Dali's,Dali's
pokey,pokey
obstacles,obstacles
inn's,inn's
underprivileged,underprivileged
parrying,parrying
tropical,tropical
indenture's,indenture's
pith,pith
determinant,determinant
affectations,affectations
Israeli,Israeli
metacarpal,metacarpal
Gray's,Gray's
comprehensions,comprehensions
Chopin,Chopin
freeway,freeway
skyjacker,skyjacker
Shaffer,Shaffer
Oswald,Oswald
ware's,ware's
Alec's,Alec's
Parr,Parr
topography,topography
Lewis,Lewis
humorist's,humorist's
Basil's,Basil's
frolicsome,frolicsome
dehumidifying,dehumidifying
wandering,wandering
constables,constables
marathoner,marathoner
cyclotron's,cyclotron's
catchup's,catchup's
tubercle,tubercle
clapper's,clapper's
warhorse's,warhorse's
Lodge,Lodge
feeders,feeders
demolished,demolished
Worcestershire,Worcestershire
active's,active's
within's,within's
couples,couples
warp,warp
dormant,dormant
neurotically,neurotically
ineligibility's,ineligibility's
postscript's,postscript's
optimism's,optimism's
irascible,irascible
fairy's,fairy's
moussed,moussed
sidled,sidled
caldron's,caldron's
Senates,Senates
bilingual's,bilingual's
reamers,reamers
Essie's,Essie's
sip's,sip's
daintiness's,daintiness's
Picasso,Picasso
gladiolas,gladiolas
winners,winners
ionizer's,ionizer's
gardening,gardening
paroxysm,paroxysm
Pope,Pope
séances,séances
shortcuts,shortcuts
webcasting,webcasting
camisoles,camisoles
Lanai,Lanai
thwart,thwart
Irvin,Irvin
enfranchisement's,enfranchisement's
Sergei's,Sergei's
investigators,investigators
sassing,sassing
Serbs,Serbs
Fassbinder's,Fassbinder's
foxiest,foxiest
profligacy,profligacy
Schliemann,Schliemann
consolation,consolation
humiliation,humiliation
produce's,produce's
affection's,affection's
fermentation,fermentation
traced,traced
faults,faults
tritest,tritest
stampede,stampede
Baguio's,Baguio's
device's,device's
Euler,Euler
spasmodically,spasmodically
Donizetti,Donizetti
hides,hides
daunted,daunted
eunuch,eunuch
Hesperia's,Hesperia's
chroniclers,chroniclers
Nebuchadnezzar,Nebuchadnezzar
encoded,encoded
exaggerating,exaggerating
sassy,sassy
communicative,communicative
Leann,Leann
armadillo,armadillo
scapegoating,scapegoating
stunting,stunting
remorseless,remorseless
croquettes,croquettes
inflorescence's,inflorescence's
unwound,unwound
acanthus,acanthus
prevue's,prevue's
shingling,shingling
repudiation's,repudiation's
discotheque's,discotheque's
bloodstreams,bloodstreams
Fowler,Fowler
mentored,mentored
incongruously,incongruously
Cecil,Cecil
bamboo,bamboo
bulldozer,bulldozer
pita's,pita's
pleaded,pleaded
Tienanmen's,Tienanmen's
repose's,repose's
ozone,ozone
whelped,whelped
beneficence,beneficence
baldly,baldly
overgenerous,overgenerous
transmitting,transmitting
Parsons's,Parsons's
liquored,liquored
cornrow,cornrow
Indonesia's,Indonesia's
Myra's,Myra's
alphabetical,alphabetical
disaffection's,disaffection's
chimed,chimed
pushcarts,pushcarts
clotted,clotted
shadowboxes,shadowboxes
smidgen's,smidgen's
intensively,intensively
quietude,quietude
affirmatives,affirmatives
Murat,Murat
scoop's,scoop's
Ariel's,Ariel's
Tarkington's,Tarkington's
wench's,wench's
indigent,indigent
cagy,cagy
raping,raping
scurrying,scurrying
Vespucci's,Vespucci's
Cossack's,Cossack's
pinnate,pinnate
Greece's,Greece's
flouting,flouting
cloisters,cloisters
Edinburgh,Edinburgh
Bioko,Bioko
clunks,clunks
pangs,pangs
Foley's,Foley's
dissolute,dissolute
robust,robust
Cherie's,Cherie's
dotes,dotes
pervert,pervert
abalone,abalone
Urumqi's,Urumqi's
Arlene,Arlene
daintily,daintily
pacify,pacify
Challenger's,Challenger's
conglomerations,conglomerations
missile's,missile's
cycle's,cycle's
Lorenzo,Lorenzo
eventualities,eventualities
tingly,tingly
headlined,headlined
Delmarva,Delmarva
womanliness,womanliness
gaffe's,gaffe's
swollen,swollen
prefabbed,prefabbed
cloned,cloned
abstentions,abstentions
invincibly,invincibly
supercharged,supercharged
etch,etch
Varese,Varese
Poltava,Poltava
Tsitsihar,Tsitsihar
sulfured,sulfured
antique's,antique's
dispenses,dispenses
epitomizes,epitomizes
inebriating,inebriating
colonels,colonels
Oshkosh,Oshkosh
nestle,nestle
nurserymen,nurserymen
sensitizing,sensitizing
vesicles,vesicles
agar,agar
archbishopric's,archbishopric's
effigy's,effigy's
snapshot's,snapshot's
outlining,outlining
Balzac,Balzac
evil's,evil's
fuck's,fuck's
monograms,monograms
stagecoaches,stagecoaches
sinecure,sinecure
squalider,squalider
tutus,tutus
colonialism's,colonialism's
Rather,Rather
plundering,plundering
Euler's,Euler's
roasted,roasted
Rosario's,Rosario's
bridesmaid,bridesmaid
tunny,tunny
Brno's,Brno's
Concord,Concord
ulcerations,ulcerations
incineration,incineration
Valletta's,Valletta's
Yanks,Yanks
opposes,opposes
trivializes,trivializes
trance,trance
peacemaker's,peacemaker's
wobble,wobble
EEC's,EEC's
verbiages,verbiages
RFD,RFD
defrayal's,defrayal's
idealist,idealist
matinées,matinées
recur,recur
witchcraft,witchcraft
zed's,zed's
legroom,legroom
bracken's,bracken's
deckhand,deckhand
pleasantly,pleasantly
recoveries,recoveries
inundating,inundating
embossed,embossed
cozen,cozen
mansard,mansard
marveling,marveling
randomness's,randomness's
Kevlar,Kevlar
marrieds,marrieds
valence,valence
accomplished,accomplished
wardrooms,wardrooms
rebroadcasted,rebroadcasted
vengeance's,vengeance's
shag's,shag's
wingtip,wingtip
gosling,gosling
eyesore,eyesore
Yakutsk,Yakutsk
tested,tested
birthrate's,birthrate's
coital,coital
carbon,carbon
sarong,sarong
Bernini's,Bernini's
recharged,recharged
Byronic,Byronic
Love,Love
sixpence's,sixpence's
abortionists,abortionists
treaties,treaties
supertanker,supertanker
primer's,primer's
reoccur,reoccur
tortures,tortures
ascetics,ascetics
slanders,slanders
musty,musty
Deon,Deon
flutters,flutters
consideration's,consideration's
comprised,comprised
calliper,calliper
mistier,mistier
Basseterre,Basseterre
Capella's,Capella's
deserved,deserved
dismissive,dismissive
directorial,directorial
mediation's,mediation's
hyperbolas,hyperbolas
cardiogram's,cardiogram's
Arcadia's,Arcadia's
yawned,yawned
coveys,coveys
Murillo's,Murillo's
careered,careered
desensitized,desensitized
Bering's,Bering's
commonplace,commonplace
selvedge,selvedge
devolve,devolve
cornerstone's,cornerstone's
militaristic,militaristic
crosschecking,crosschecking
lacuna,lacuna
inclement,inclement
chowder,chowder
cowpox's,cowpox's
lumbago's,lumbago's
bulletined,bulletined
unfurling,unfurling
dowels,dowels
safaris,safaris
fiancés,fiancés
Halsey,Halsey
revel's,revel's
queerly,queerly
behavior's,behavior's
Antares's,Antares's
shillelaghs,shillelaghs
shopaholic's,shopaholic's
tassels,tassels
Dix's,Dix's
phoney's,phoney's
trespassing,trespassing
moderating,moderating
Marx,Marx
imputed,imputed
concoct,concoct
organics,organics
staidly,staidly
upsurging,upsurging
averring,averring
Grable's,Grable's
forever's,forever's
Knight's,Knight's
Kingston's,Kingston's
attenuating,attenuating
wanton's,wanton's
bestriding,bestriding
atavism's,atavism's
cheapness's,cheapness's
oddball,oddball
metallurgy's,metallurgy's
blizzards,blizzards
Marina,Marina
throne,throne
emerald,emerald
hokiest,hokiest
quay's,quay's
lox,lox
veep,veep
Abbas's,Abbas's
Victorians,Victorians
spluttered,spluttered
Shaw,Shaw
leanest,leanest
woodcocks,woodcocks
drum's,drum's
blastoff,blastoff
oracle,oracle
slates,slates
galaxy,galaxy
ultrasound's,ultrasound's
glossiness,glossiness
budgerigars,budgerigars
chaplets,chaplets
pilaff,pilaff
flatboats,flatboats
contrapuntal,contrapuntal
reserves,reserves
irritated,irritated
Liza's,Liza's
absented,absented
crematorium,crematorium
ISS,ISS
repercussion's,repercussion's
urbanization,urbanization
jukebox's,jukebox's
barbaric,barbaric
Crisco's,Crisco's
impiety's,impiety's
bullfighter's,bullfighter's
proudest,proudest
dialysis,dialysis
rumor,rumor
hallucinogen,hallucinogen
emasculates,emasculates
reply's,reply's
Mullins,Mullins
Bork's,Bork's
mementos,mementos
technicalities,technicalities
candlelight,candlelight
glottides,glottides
synch's,synch's
perturbed,perturbed
Pusey's,Pusey's
chamois's,chamois's
riot's,riot's
gladiola's,gladiola's
electorates,electorates
Chablis's,Chablis's
unicorn,unicorn
rennet's,rennet's
observable,observable
overwrought,overwrought
cynic's,cynic's
amphitheatres,amphitheatres
Nineveh's,Nineveh's
romper's,romper's
plunges,plunges
Spock,Spock
optimal,optimal
FHA,FHA
longhand,longhand
dispensing,dispensing
Xi'an's,Xi'an's
steers,steers
saree's,saree's
Dijon,Dijon
bands,bands
linguistics's,linguistics's
proprietresses,proprietresses
wonderland,wonderland
glows,glows
worksheets,worksheets
wail's,wail's
pocketfuls,pocketfuls
strawberry's,strawberry's
figurine's,figurine's
paperbacks,paperbacks
nowhere's,nowhere's
remand,remand
misquotes,misquotes
lather,lather
abstained,abstained
latched,latched
lacrosse,lacrosse
solidify,solidify
hating,hating
senators,senators
smashed,smashed
draftees,draftees
sobriety,sobriety
incongruity,incongruity
Berta,Berta
hunker,hunker
ejaculation,ejaculation
Medusa,Medusa
scrubber,scrubber
MRI's,MRI's
reimpose,reimpose
impalement's,impalement's
deprogramed,deprogramed
escrow's,escrow's
initiatives,initiatives
dyer's,dyer's
misapplication's,misapplication's
veteran's,veteran's
vestiges,vestiges
swathes,swathes
pry's,pry's
flatware's,flatware's
wobble's,wobble's
Babylon,Babylon
newspaperwoman,newspaperwoman
pigeonholes,pigeonholes
liquidize,liquidize
sacrileges,sacrileges
carves,carves
canes,canes
carpetbagged,carpetbagged
motorcycling,motorcycling
schoolhouse's,schoolhouse's
defame,defame
sized,sized
unmakes,unmakes
vehicles,vehicles
Moor,Moor
groveller's,groveller's
sunset,sunset
overplaying,overplaying
Yauco's,Yauco's
huskies,huskies
allegories,allegories
kiddy's,kiddy's
oxidize,oxidize
feline's,feline's
Sabin's,Sabin's
commissars,commissars
bogied,bogied
inarticulate,inarticulate
Alabamian's,Alabamian's
Rolland,Rolland
Freetown,Freetown
Sunni,Sunni
dog's,dog's
blandishment,blandishment
differentials,differentials
ampoules,ampoules
creamier,creamier
splitting,splitting
blogged,blogged
liveliness's,liveliness's
Michele,Michele
spies,spies
muzzle,muzzle
munificence's,munificence's
reconciliations,reconciliations
stiffest,stiffest
Marquez's,Marquez's
sulphur's,sulphur's
uneconomical,uneconomical
monikers,monikers
rights,rights
Gondwanaland,Gondwanaland
sanitize,sanitize
microfloppies,microfloppies
Luxembourg,Luxembourg
sherds,sherds
scagged,scagged
hyperlinked,hyperlinked
tardier,tardier
truffle's,truffle's
acme,acme
intersects,intersects
fruitlessness's,fruitlessness's
Cubans,Cubans
speckle,speckle
quench,quench
brakes,brakes
earmarked,earmarked
trice,trice
decried,decried
Cecilia,Cecilia
manliness,manliness
telegraphed,telegraphed
perspicuity's,perspicuity's
dirk,dirk
plopping,plopping
Tolkien's,Tolkien's
jacking,jacking
yesterdays,yesterdays
Rojas,Rojas
web,web
Yataro,Yataro
sass's,sass's
epistemology,epistemology
afterbirths,afterbirths
afforestation's,afforestation's
absolve,absolve
midyears,midyears
Oligocene,Oligocene
ceramics,ceramics
maidenly,maidenly
afghan,afghan
evermore,evermore
thoughtfulness,thoughtfulness
businesswomen,businesswomen
love's,love's
decadent,decadent
fat's,fat's
aeon's,aeon's
Monmouth's,Monmouth's
geometries,geometries
untruth,untruth
comprehensives,comprehensives
racially,racially
tomfoolery's,tomfoolery's
neatness's,neatness's
capsuled,capsuled
disclaiming,disclaiming
Scriabin,Scriabin
supersized,supersized
larynx's,larynx's
caliph,caliph
mechanized,mechanized
exhaled,exhaled
untimeliest,untimeliest
confetti,confetti
greengrocer,greengrocer
equipping,equipping
VAX,VAX
buzzards,buzzards
consciousness's,consciousness's
Rowena,Rowena
beefed,beefed
ministrant's,ministrant's
chaise's,chaise's
rustles,rustles
churches,churches
Hindustan's,Hindustan's
boudoirs,boudoirs
Ming,Ming
pampas,pampas
fitfully,fitfully
pocketbooks,pocketbooks
voyeur's,voyeur's
intensifier,intensifier
rift,rift
clink,clink
lilt's,lilt's
juncture's,juncture's
Pompeii,Pompeii
Montague's,Montague's
decentralizing,decentralizing
batted,batted
Winchester's,Winchester's
arraigning,arraigning
freebies,freebies
workfare,workfare
recoiled,recoiled
antihero's,antihero's
amnestying,amnestying
Kodiak,Kodiak
crimson,crimson
Gatsby,Gatsby
Guinness's,Guinness's
failing's,failing's
skirmishes,skirmishes
authorizations,authorizations
tippler,tippler
Manchester's,Manchester's
infatuations,infatuations
combustibility,combustibility
beauteous,beauteous
Abelson's,Abelson's
dietaries,dietaries
hgt,hgt
Livia's,Livia's
Litton's,Litton's
overgrew,overgrew
sedating,sedating
befouls,befouls
instrumentalist's,instrumentalist's
mechanic,mechanic
bull's,bull's
Chagall's,Chagall's
north's,north's
pioneers,pioneers
tackled,tackled
Harry,Harry
declarative,declarative
paywall,paywall
improper,improper
ticketed,ticketed
teaspoonfuls,teaspoonfuls
Aquarius's,Aquarius's
Sikh's,Sikh's
intervenes,intervenes
anopheles's,anopheles's
deadwood's,deadwood's
Courbet's,Courbet's
fluent,fluent
hogan,hogan
foretaste,foretaste
Ramanujan's,Ramanujan's
spotter,spotter
deserves,deserves
eyebrows,eyebrows
boney,boney
low's,low's
cactus,cactus
pasted,pasted
sternest,sternest
ion,ion
Erickson,Erickson
Kuibyshev's,Kuibyshev's
microaggression,microaggression
polygamy's,polygamy's
vows,vows
woodcarvings,woodcarvings
hypochondriacs,hypochondriacs
Cinderella,Cinderella
desertions,desertions
prime's,prime's
miserliness's,miserliness's
Joseph's,Joseph's
homogeneously,homogeneously
Gandhian,Gandhian
area's,area's
upbraids,upbraids
recitation,recitation
Jeannine's,Jeannine's
penguin's,penguin's
prismatic,prismatic
Peary's,Peary's
Shropshire,Shropshire
adjusters,adjusters
google,google
spreads,spreads
Penderecki's,Penderecki's
loveless,loveless
Mario,Mario
transcribing,transcribing
mullah,mullah
leaped,leaped
Lynchburg,Lynchburg
joys,joys
bivouac's,bivouac's
perk's,perk's
poorest,poorest
annexed,annexed
hatefulness,hatefulness
Hamlin,Hamlin
salting,salting
cashiering,cashiering
gypsum,gypsum
travelers,travelers
minimalism,minimalism
bulrush's,bulrush's
cinema,cinema
perverse,perverse
dioceses,dioceses
palpitation's,palpitation's
windburn's,windburn's
instructed,instructed
filtering,filtering
leased,leased
unholiest,unholiest
lymphatic's,lymphatic's
Liebfraumilch,Liebfraumilch
finite,finite
Bavarian's,Bavarian's
threaded,threaded
obtruded,obtruded
Gaziantep's,Gaziantep's
extinguish,extinguish
loudly,loudly
pledges,pledges
Domingo's,Domingo's
sifts,sifts
foundations,foundations
fixate,fixate
Viacom,Viacom
collapse,collapse
gulag,gulag
Koontz,Koontz
infesting,infesting
Fugger,Fugger
elastic,elastic
buglers,buglers
teamwork's,teamwork's
quiver's,quiver's
considerations,considerations
Perez's,Perez's
misapplication,misapplication
mulish,mulish
Concetta's,Concetta's
continence's,continence's
frailty,frailty
gladness's,gladness's
flip,flip
philately's,philately's
Czechoslovakia's,Czechoslovakia's
mimeograph's,mimeograph's
unequivocal,unequivocal
gypping,gypping
stultify,stultify
discrepancy's,discrepancy's
lovelorn,lovelorn
postcard,postcard
Leoncavallo,Leoncavallo
choppers,choppers
Lorena,Lorena
L'Ouverture,L'Ouverture
Poseidon's,Poseidon's
beseeching,beseeching
raggedy,raggedy
Gujarati,Gujarati
overheating,overheating
hymns,hymns
hamper's,hamper's
aspirates,aspirates
boutiques,boutiques
wallows,wallows
thirstiest,thirstiest
Limpopo's,Limpopo's
toe's,toe's
Ispell's,Ispell's
wonderlands,wonderlands
shekels,shekels
Elisha's,Elisha's
refiner,refiner
fearsome,fearsome
calmest,calmest
idles,idles
metric,metric
stockholder's,stockholder's
Marseilles,Marseilles
pulp's,pulp's
softball's,softball's
Delawarean's,Delawarean's
rumoring,rumoring
Ashkenazim,Ashkenazim
Milan,Milan
actors,actors
proctors,proctors
ends,ends
F's,F's
bottomed,bottomed
broth,broth
syllabification,syllabification
courteousness,courteousness
Watt's,Watt's
bucksaw,bucksaw
wakes,wakes
frolicking,frolicking
agitator's,agitator's
OK,OK
facsimile's,facsimile's
thrums,thrums
usurped,usurped
cranberry,cranberry
noway,noway
stowaway's,stowaway's
benefactress's,benefactress's
labial,labial
craggiest,craggiest
control's,control's
piked,piked
ebony's,ebony's
carolled,carolled
absenteeism's,absenteeism's
Loafer's,Loafer's
Istanbul's,Istanbul's
bighorn's,bighorn's
Nelda's,Nelda's
Spielberg's,Spielberg's
stimulate,stimulate
FAQs,FAQs
playpen,playpen
outbalanced,outbalanced
incited,incited
sale's,sale's
ionospheres,ionospheres
pastors,pastors
proneness,proneness
artworks,artworks
represses,represses
libido,libido
obtrusively,obtrusively
socking,socking
plasterers,plasterers
envoy,envoy
pinpoint,pinpoint
Citigroup's,Citigroup's
topaz's,topaz's
Charlemagne,Charlemagne
seaboards,seaboards
forger's,forger's
