Canadian,Canadan
Canadian,Canadien
Canadian,Canadan
Canadian,Canadean
Canadian,Canadien
accelerate,acellerate
accommodations,accomodations
accumulated,acumulated
accumulated,acumulated
acquire,aquire
acquire,aCquire
acquire,aquire
actual,actuall
actual,actural
administrators,administratores
affection,Affection
affection,afFection
affection,afection
alcohol,alCOHOl
alcohol,alchohol
alcohol,alcohal
alcohol,alchohol
animal,anImal
animal,animAl
animal,anamal
appearance,appearence
appearance,appEArance
appearance,appearAnce
appearance,apperance
appearance,appearence
appearance,apperance
associate,asSociate
associate,assoCIAte
associate,associate
attend,atTend
attend,atend
bet,bEt
bet,bat
bet,beat
better,betTer
better,beter
bless,blESS
bluff,blufF
bluff,bluf
border,bOrder
border,boarder
border,boarder
brass,brASS
brass,bras
buried,burried
buried,buRied
buried,burried
burned,bURned
burned,bruned
burned,burnd
bush,bUSh
bush,buch
cartoon,cartOOn
cartoon,cartoon%
cartoon,carton
cartoon,cartune
chalk,chALk
chalk,chork
comical,coMical
comical,comicAL
comical,commical
communication,coMMunication
communication,comunication
communication,communcation
compare,compair
compare,compARE
compare,compair
connection,coNNection
connection,conection
connection,connecton
connection,conection
connection,connextion
control,conrol
control,conrol
control,controle
control,controll
control,contrOL
control,controll
control,controle
control,controll
cough,cOUgh
cough,couGH
cough,caugh
cry,cRY
cry,cri
current,cuRRent
current,currEnt
current,curent
current,currant
development,developement
development,developpement
development,developement
development,developement
development,develop%ment
development,developement
development,developement
endure,endUre
entertainment,entertAINMent
entertainment,entertanment
entertainment,entertament
establishment,establisment
event,e%vent
event,evEnt
examine,examin
examine,examinE
examine,examin
exciting,exsiting
exciting,eXCiting
exciting,exiting
exciting,exciteing
exciting,exiting
falsity,falsety
farther,fARther
farther,father
fatiguing,fatiging
filthiness,filthness
flexibility,felxibility
fried,frid
fried,fruit
fruit,frUIt
fruit,fruit%
fruit,frute
fruit,fruite
fuel,fUEL
fuel,fule
fully,fuLLy
fully,fuly
goose,gOOse
goose,goosE
goose,gose
goose,goos
grain,grAIn
grain,grain%
grain,gran
grain,grane
groceries,grocEries
groceries,grocerIEs
groceries,grocerys
gutter,gUTTer
gutter,guter
habit,haBit
habit,habbit
habit,habet
having,haveing
having,hav%ing
having,haveing
hop,hOp
hop,hop%
hop,hope
impossibility,impossibilty
improbability,improbality
improbability,improbablity
improbability,improbabiliti
improbability,improbility
improbability,improbality
improbability,improbablity
infallible,infalable
intercourse,intercource
introduce,intROduce
introduce,introduCe
introduce,interduce
justice,justiCe
justice,justise
kaleidoscope,kaleidescope
kaleidoscope,kaliedoscope
kitten,kittEn
left,letf
left,lift
left,lEft
lump,lUmp
lump,luMp
lump,lomp
lump,lunp
maudlin,mauldin
maybe,mybe
maybe,mauby
maybe,mayby
maybe,maby
maybe,meybe
maybe,maiby
maybe,maYbe
maybe,mabe
maybe,may_be
maybe,mayby
mind,miNd
mind,mind%
mind,minde
mind,mide
months,monthes
months,month%s
months,monthes
nowadays,nowdays
nowadays,now-a-days
onerous,onirous
overcrowded,owercrowded
pack,paCK
pack,pack%
pack,pake
pages,pagEs
pages,pagis
pile,piLE
pile,pill
pollution,polution
pot,pOt
pot,pat
preserved,perserved
pronouncements,pronouncments
properly,propERLY
purpose,pUrpose
purpose,purpOse
purpose,perpose
rack,raCK
rack,rake
rack,wrack
rag,raG
rattle,raTTle
rattle,ratle
receded,receeded
reign,rain
reign,reine
reign,wraine
reign,reain
reign,rayin
reign,rain
reign,rain
reign,rain
reign,rain
reign,regn
reign,lain
reign,reiGN
reign,rein
reign,reighn
relieve,relIEve
relieve,releive
remainder,remAInder
remainder,remander
ribbon,ribbOn
ribbon,ribben
ribbon,ribbin
rob,rOb
rob,rob%
rob,robe
rob,rab
romantic,romantick
routine,rouint
rubber,ruBBer
rubber,ruber
sacrament,sacrement
sagacious,sagatious
scandal,scandale
scholar,scholAr
scholar,scholer
school,shool
school,shcool
school,skool
school,scool
school,shool
school,sCHool
school,scool
school,skool
scissors,seasice
scissors,siscals
scissors,saizer
scissors,cises
scissors,ssissors
scissors,siccors
scissors,sissors
scissors,cisers
scissors,scisser
scissors,cizeres
scissors,scisors
scissors,sissers
scissors,sCissors
scissors,sissors
senator,senAtor
senator,senetor
set,setted
set,et
set,sEt
set,sat
shine,shinE
shine,shin
smell,smELL
smell,smel
smell,small
speak,spEAk
speak,spek
speak,speack
speak,speek
starve,stARve
starve,stave
subscribers,suscribers
succeeds,succeedes
suppressed,surpressed
surprised,suprised
surprised,suRprised
surprised,suprised
surprised,suprise
surreptitious,sureptitous
symptoms,symtoms
thinking,thinging
thinking,thinkin
thinking,thinKing
thinking,thinging
thirty,thIrty
thirty,thurty
thirty,thrity
thus,thUs
thus,thous
tourists,turists
tune,tUne
until,untill
until,untill
until,untill
until,untiL
until,untill
until,untill
using,us%ing
using,useing
views,wievs
views,wiews
views,wiews
virility,virality
voting,voteing
waggish,wagish
wanting,wAnting
wheat,wHeat
wheat,weat
worm,wOrm
worst,wORST
wreck,Wreck
wreck,wrEck
wreck,reck
wreck,wreack
Wallis's,Wallis's
Jacobson's,Jacobson's
Harrell,Harrell
grocer,grocer
BBB,BBB
pinker,pinker
Vandal's,Vandal's
handpicking,handpicking
Barbie,Barbie
telecasts,telecasts
brainteasers,brainteasers
civilizes,civilizes
duelist's,duelist's
blenched,blenched
empire,empire
firmest,firmest
cremates,cremates
treasured,treasured
tweezers,tweezers
weeding,weeding
Araguaya's,Araguaya's
Trinity's,Trinity's
curiosities,curiosities
thanked,thanked
epicures,epicures
Luzon,Luzon
zeta,zeta
Eva,Eva
calliope's,calliope's
Ragnarök,Ragnarök
rearrangement's,rearrangement's
belfry's,belfry's
confabbed,confabbed
impetuous,impetuous
carjacked,carjacked
Boris's,Boris's
garrulity's,garrulity's
ring's,ring's
petrified,petrified
vetches,vetches
lynched,lynched
Novosibirsk's,Novosibirsk's
kilter,kilter
tinsmiths,tinsmiths
phlox,phlox
mirth's,mirth's
wintrier,wintrier
Katy's,Katy's
feathery,feathery
languishing,languishing
Pearson,Pearson
fables,fables
brewer,brewer
Thailand,Thailand
banishes,banishes
Hilbert,Hilbert
vibrato's,vibrato's
oh's,oh's
investigations,investigations
soubriquets,soubriquets
genealogist,genealogist
fogeys,fogeys
warrior,warrior
adumbrates,adumbrates
caskets,caskets
overdress,overdress
coeducational,coeducational
midyear's,midyear's
multiplex,multiplex
sneers,sneers
ignite,ignite
Rotterdam,Rotterdam
Clairol,Clairol
transoms,transoms
depots,depots
flexed,flexed
pointless,pointless
armoring,armoring
raga,raga
dodge's,dodge's
constrictive,constrictive
Mulroney,Mulroney
Taft's,Taft's
tarmac's,tarmac's
they've,they've
pulpit,pulpit
sickles,sickles
matrixes,matrixes
tikes,tikes
overdoses,overdoses
dinghies,dinghies
greasiest,greasiest
statistician's,statistician's
shorthorns,shorthorns
mes,mes
vibrates,vibrates
Jacquard,Jacquard
rallies,rallies
Beretta's,Beretta's
Myanmar,Myanmar
vocal's,vocal's
offertories,offertories
briskness's,briskness's
cleared,cleared
pitchfork,pitchfork
hacksaws,hacksaws
wainscotting,wainscotting
tumbrils,tumbrils
falconer's,falconer's
snobbier,snobbier
tenure's,tenure's
sapience,sapience
ea,ea
Sardinia,Sardinia
Lipton's,Lipton's
clichéd,clichéd
termagant's,termagant's
Kwakiutl,Kwakiutl
faggot,faggot
discontent,discontent
vilifying,vilifying
Tacoma's,Tacoma's
Elysée's,Elysée's
plan's,plan's
adapters,adapters
bowstring's,bowstring's
Zosma's,Zosma's
oftener,oftener
admins,admins
megaphone's,megaphone's
initialing,initialing
cloudier,cloudier
Sunkist,Sunkist
waitresses,waitresses
filing's,filing's
Born,Born
Okinawa's,Okinawa's
diversions,diversions
selenium's,selenium's
ballast,ballast
Koufax's,Koufax's
savagery's,savagery's
messenger,messenger
accurateness,accurateness
Bertie's,Bertie's
surplusing,surplusing
In's,In's
Lauder's,Lauder's
abdicate,abdicate
Stephanie's,Stephanie's
mainsails,mainsails
doctoring,doctoring
transaction,transaction
lasso's,lasso's
Alejandro's,Alejandro's
tranquilly,tranquilly
revives,revives
borderlands,borderlands
accusative's,accusative's
flinty,flinty
refute,refute
Gael,Gael
eventuate,eventuate
sexagenarian's,sexagenarian's
assumption,assumption
radiologists,radiologists
Watertown's,Watertown's
defiantly,defiantly
collect's,collect's
appreciable,appreciable
freebase,freebase
Marciano's,Marciano's
sexton,sexton
brutishly,brutishly
puddled,puddled
shudder,shudder
nudism's,nudism's
bashing's,bashing's
Rothko's,Rothko's
backlashes,backlashes
headline's,headline's
effrontery's,effrontery's
pragmatists,pragmatists
ragtime's,ragtime's
shodden,shodden
priestlier,priestlier
despite,despite
dreadnought's,dreadnought's
river's,river's
shapeliness's,shapeliness's
interminable,interminable
Boas,Boas
Plymouth's,Plymouth's
Champollion's,Champollion's
steamrollers,steamrollers
discourses,discourses
thundershowers,thundershowers
estimating,estimating
jihad,jihad
overpaid,overpaid
Gaea's,Gaea's
kazoo's,kazoo's
conductor's,conductor's
patterning,patterning
consommé's,consommé's
voracity,voracity
ruts,ruts
examiners,examiners
Superman's,Superman's
scuba,scuba
virtuoso's,virtuoso's
gulf's,gulf's
falteringly,falteringly
pained,pained
microchips,microchips
cavalier,cavalier
Uzbekistan's,Uzbekistan's
Nichiren's,Nichiren's
ampul's,ampul's
gypped,gypped
saltines,saltines
loincloth,loincloth
propositioning,propositioning
disconcerts,disconcerts
descant,descant
currycombed,currycombed
pediatrics,pediatrics
attacking,attacking
salmon's,salmon's
Derby's,Derby's
exterminate,exterminate
hotlinks,hotlinks
Kendrick's,Kendrick's
Hank,Hank
esquire's,esquire's
ginger's,ginger's
anise's,anise's
draft's,draft's
growl's,growl's
harnessed,harnessed
margins,margins
inscribes,inscribes
drowsy,drowsy
occlusions,occlusions
exoduses,exoduses
Cid,Cid
mistrusts,mistrusts
Banting's,Banting's
Watson's,Watson's
pinwheeled,pinwheeled
Marvin,Marvin
Wei,Wei
slats,slats
vespers,vespers
Castro's,Castro's
tidewater's,tidewater's
Ghibelline's,Ghibelline's
Algerian's,Algerian's
educating,educating
repent,repent
germinating,germinating
chubby,chubby
apocalypse,apocalypse
Perseus's,Perseus's
garbled,garbled
falsest,falsest
enervated,enervated
biophysics's,biophysics's
belladonna's,belladonna's
newlyweds,newlyweds
Draco's,Draco's
fluffiness's,fluffiness's
smug,smug
dyke,dyke
secrets,secrets
tribunal's,tribunal's
undamaged,undamaged
reminisces,reminisces
Latrobe,Latrobe
assumptions,assumptions
purgatives,purgatives
unsparing,unsparing
culmination's,culmination's
hyphenated,hyphenated
typo,typo
sherbet,sherbet
ashcan,ashcan
maid's,maid's
permafrost,permafrost
auger,auger
intercepts,intercepts
dynamic,dynamic
sunstroke's,sunstroke's
whams,whams
niacin,niacin
carboy's,carboy's
miking,miking
Christina,Christina
helmet,helmet
aquaplaned,aquaplaned
reapportionment,reapportionment
Preakness's,Preakness's
indivisibility,indivisibility
spitfire,spitfire
keen's,keen's
sacredness's,sacredness's
sting's,sting's
digested,digested
redefinition,redefinition
Marathi,Marathi
repleting,repleting
Congo's,Congo's
nimble,nimble
subhuman,subhuman
usability,usability
ruled,ruled
portrait,portrait
gonad,gonad
Pittsfield,Pittsfield
reconsideration,reconsideration
fending,fending
concatenations,concatenations
prolongation's,prolongation's
slid,slid
Aswan's,Aswan's
Staples's,Staples's
hiatus,hiatus
condolence's,condolence's
sacristy's,sacristy's
patronizing,patronizing
tugboat,tugboat
Shelia's,Shelia's
accumulation's,accumulation's
neologism's,neologism's
Pavarotti,Pavarotti
Jarvis,Jarvis
tissues,tissues
skedaddles,skedaddles
dirt's,dirt's
outlook's,outlook's
materialistic,materialistic
Cherokees,Cherokees
caressed,caressed
tentative,tentative
Lorie's,Lorie's
diffuseness,diffuseness
miser's,miser's
warts,warts
palindromes,palindromes
hanger,hanger
Mfume,Mfume
Irishwomen's,Irishwomen's
albatrosses,albatrosses
tab,tab
sluggishness,sluggishness
Castries,Castries
Klimt's,Klimt's
jobless,jobless
clayiest,clayiest
sq,sq
smidgin,smidgin
quavers,quavers
spinet's,spinet's
domesticity's,domesticity's
collage,collage
boodle,boodle
sensational,sensational
Dwight's,Dwight's
disinformation's,disinformation's
Rep,Rep
extradition's,extradition's
births,births
quarry's,quarry's
conceptions,conceptions
landlord's,landlord's
nonresidents,nonresidents
Jinan's,Jinan's
plurality,plurality
tolerating,tolerating
Abner's,Abner's
Bettye,Bettye
dervish,dervish
opiate's,opiate's
Tegucigalpa,Tegucigalpa
concertmaster,concertmaster
repealing,repealing
Camarillo's,Camarillo's
Natchez,Natchez
Evansville's,Evansville's
speeders,speeders
flue,flue
Napier,Napier
gazette,gazette
Jamaal,Jamaal
jingoism's,jingoism's
frumpiest,frumpiest
foil,foil
Paglia's,Paglia's
lingerers,lingerers
profligate,profligate
soulfulness,soulfulness
streetwalkers,streetwalkers
fetishistic,fetishistic
counterclockwise,counterclockwise
mare's,mare's
afterward,afterward
fiduciary's,fiduciary's
contortionist's,contortionist's
disclaimer,disclaimer
habituation,habituation
pup,pup
villas,villas
waldos,waldos
andiron's,andiron's
thunderclap's,thunderclap's
friar,friar
ahem,ahem
crescents,crescents
creosote's,creosote's
fumbling,fumbling
brainless,brainless
topcoat,topcoat
Ascella,Ascella
heaved,heaved
conveyance,conveyance
dubiousness,dubiousness
scored,scored
animatedly,animatedly
buckboard,buckboard
lint,lint
Lithuanians,Lithuanians
palisade's,palisade's
sphinx's,sphinx's
empties,empties
convocation's,convocation's
headgear,headgear
herbal,herbal
omelet,omelet
Katie's,Katie's
sauntering,sauntering
warehoused,warehoused
organdie,organdie
surpass,surpass
pupas,pupas
dyers,dyers
glee's,glee's
expand,expand
shoed,shoed
mkay,mkay
priest's,priest's
deteriorates,deteriorates
animist's,animist's
boozers,boozers
pointlessly,pointlessly
Klondike,Klondike
Dumbledore's,Dumbledore's
hulk,hulk
Simone,Simone
outtakes,outtakes
siesta,siesta
Mac's,Mac's
archetype,archetype
Josefa's,Josefa's
enmity,enmity
moonstones,moonstones
gonged,gonged
zirconium,zirconium
Correggio,Correggio
Delius's,Delius's
furrier,furrier
gadgetry,gadgetry
everlasting,everlasting
prepayment's,prepayment's
blobs,blobs
Ramon,Ramon
butterflies,butterflies
Baikal's,Baikal's
gaffs,gaffs
manics,manics
banshees,banshees
outsider's,outsider's
Klansman's,Klansman's
Michelle,Michelle
infanticide,infanticide
posting,posting
enclave's,enclave's
emery,emery
dolls,dolls
dew,dew
slaughterer's,slaughterer's
Unitarian's,Unitarian's
ammo,ammo
Vulgates,Vulgates
perpetuity,perpetuity
receipting,receipting
hermaphrodites,hermaphrodites
loom,loom
shirtsleeve's,shirtsleeve's
impeded,impeded
despised,despised
kingpin's,kingpin's
unfitted,unfitted
House,House
slushiest,slushiest
entrepreneurs,entrepreneurs
clipped,clipped
thermal,thermal
convoys,convoys
Libreville,Libreville
stalemate,stalemate
disinclines,disinclines
godforsaken,godforsaken
aloes,aloes
Diaspora's,Diaspora's
spreadsheet's,spreadsheet's
molar,molar
grandsons,grandsons
Kama's,Kama's
redoes,redoes
carbonating,carbonating
Fernandez's,Fernandez's
Kipling,Kipling
sciatic,sciatic
Esau,Esau
precocity's,precocity's
borders,borders
Oneal,Oneal
dramatizing,dramatizing
carousels,carousels
locoweeds,locoweeds
modernistic,modernistic
cough's,cough's
dependence's,dependence's
outfoxes,outfoxes
affairs,affairs
geologist,geologist
Cox,Cox
recoil,recoil
fashionista,fashionista
Bosch's,Bosch's
unevenness,unevenness
simulates,simulates
fragmentation's,fragmentation's
Th's,Th's
Sakharov,Sakharov
cardboard's,cardboard's
leaked,leaked
littler,littler
Barrymore's,Barrymore's
cinematographer's,cinematographer's
anaconda,anaconda
foreboding,foreboding
astray,astray
transmutation,transmutation
Norseman's,Norseman's
craftiness's,craftiness's
Himalaya,Himalaya
mescal,mescal
Bennett's,Bennett's
purchase's,purchase's
confectioners,confectioners
Harlow,Harlow
kilometer,kilometer
Krebs's,Krebs's
orient's,orient's
environs's,environs's
Dolly's,Dolly's
Boolean's,Boolean's
jasmine,jasmine
cheddar's,cheddar's
aster,aster
amazement's,amazement's
papacies,papacies
shebang,shebang
annuity,annuity
malapropisms,malapropisms
Barber,Barber
crosswalk,crosswalk
Herminia,Herminia
lobs,lobs
ergo,ergo
hitched,hitched
RFCs,RFCs
reliance,reliance
slat,slat
repeaters,repeaters
quahogs,quahogs
Lamaze's,Lamaze's
viscountess's,viscountess's
geology's,geology's
quantitative,quantitative
smallness's,smallness's
Norse,Norse
unleavened,unleavened
August,August
wrist's,wrist's
Drudge's,Drudge's
Wong,Wong
hydrogen's,hydrogen's
prefixed,prefixed
unhorses,unhorses
deceitfully,deceitfully
windbag,windbag
canker's,canker's
pepperoni,pepperoni
bumper,bumper
stiletto's,stiletto's
vireo's,vireo's
collapses,collapses
zephyrs,zephyrs
Harvard's,Harvard's
complaint's,complaint's
repainting,repainting
will's,will's
andante,andante
ensconces,ensconces
weatherized,weatherized
kicks,kicks
whooshed,whooshed
extremist's,extremist's
stratification's,stratification's
piglet,piglet
demarcated,demarcated
smithies,smithies
syphoned,syphoned
decelerated,decelerated
Nagasaki's,Nagasaki's
ably,ably
pacifying,pacifying
vignetting,vignetting
marrow,marrow
unwavering,unwavering
salesmanship's,salesmanship's
boastful,boastful
incising,incising
propitiation's,propitiation's
dreamer,dreamer
resuscitated,resuscitated
scrabble,scrabble
shrewder,shrewder
whippet,whippet
McCall,McCall
coordinate's,coordinate's
appall,appall
Czerny,Czerny
Brobdingnag's,Brobdingnag's
skycap's,skycap's
exemplar,exemplar
guillotine,guillotine
osteopath's,osteopath's
metronomes,metronomes
Asmara's,Asmara's
Mass,Mass
tendentiousness's,tendentiousness's
servicewomen,servicewomen
reverie,reverie
softwood's,softwood's
dimmer,dimmer
hammock's,hammock's
scorch's,scorch's
appropriated,appropriated
email's,email's
latch,latch
dyestuff,dyestuff
defrost,defrost
barbeque,barbeque
toads,toads
aquavit's,aquavit's
informants,informants
wrapping's,wrapping's
highbrows,highbrows
dexterity's,dexterity's
Abilene's,Abilene's
tenfold,tenfold
warmly,warmly
innkeeper,innkeeper
anteroom,anteroom
flotsam,flotsam
amelioration,amelioration
holly,holly
indorsements,indorsements
impudent,impudent
incentive,incentive
tomfoolery,tomfoolery
rathskellers,rathskellers
duplicity's,duplicity's
volubility,volubility
chamberlain,chamberlain
barium's,barium's
reactionaries,reactionaries
carrion,carrion
beck's,beck's
transcriptions,transcriptions
sickness's,sickness's
perceptiveness,perceptiveness
puttied,puttied
expropriated,expropriated
crookeder,crookeder
Seleucus,Seleucus
prairie's,prairie's
brayed,brayed
it'd,it'd
Camacho,Camacho
blinder,blinder
perfectible,perfectible
staff's,staff's
uninhabitable,uninhabitable
Karenina's,Karenina's
bootie,bootie
axe's,axe's
township,township
binders,binders
replacement's,replacement's
scans,scans
pickaxes,pickaxes
creditors,creditors
landscapes,landscapes
muck's,muck's
hemstitch,hemstitch
pedestrian's,pedestrian's
repudiations,repudiations
letterheads,letterheads
slapstick,slapstick
modulation's,modulation's
shirked,shirked
factotum,factotum
rectifiers,rectifiers
diesel,diesel
polystyrene's,polystyrene's
stowed,stowed
rummy's,rummy's
pimentos,pimentos
pikers,pikers
regurgitation's,regurgitation's
telephoto,telephoto
backdates,backdates
dodder,dodder
Yale,Yale
reciprocals,reciprocals
insulting,insulting
hydrates,hydrates
Toynbee,Toynbee
Beadle's,Beadle's
rainmakers,rainmakers
ambush's,ambush's
king's,king's
Gospels,Gospels
Quayle's,Quayle's
incarcerate,incarcerate
Rasputin's,Rasputin's
mobilizing,mobilizing
vale,vale
underpass,underpass
GOP,GOP
flattened,flattened
shad's,shad's
ebonies,ebonies
glimmer's,glimmer's
weakling,weakling
Salween's,Salween's
slothful,slothful
Uganda's,Uganda's
éclat's,éclat's
solubility's,solubility's
duplexes,duplexes
vegetarianism's,vegetarianism's
shaves,shaves
Pickford,Pickford
S's,S's
oceanic's,oceanic's
draftiest,draftiest
ponytail,ponytail
partition's,partition's
Minos's,Minos's
whatnot,whatnot
generalization,generalization
trustees,trustees
blindfolds,blindfolds
fetishist's,fetishist's
peering,peering
Altoona's,Altoona's
jiggering,jiggering
grandees,grandees
recasts,recasts
crossness,crossness
brashly,brashly
cumquat's,cumquat's
bagpipe's,bagpipe's
pacifism,pacifism
flagpoles,flagpoles
Sampson's,Sampson's
basses,basses
rapists,rapists
corncob's,corncob's
baldness,baldness
cuckolding,cuckolding
walleye,walleye
dune,dune
flexibly,flexibly
reincarnated,reincarnated
espionage's,espionage's
Ibiza's,Ibiza's
concertmaster's,concertmaster's
template,template
drowse's,drowse's
reforests,reforests
discomforted,discomforted
heath,heath
toughened,toughened
posthumous,posthumous
hallowed,hallowed
pumice's,pumice's
interests,interests
immobilization's,immobilization's
predetermination,predetermination
shininess,shininess
mungs,mungs
czars,czars
insulate,insulate
stripe's,stripe's
babyish,babyish
eyetooth's,eyetooth's
history's,history's
Elisa's,Elisa's
scrutiny,scrutiny
darns,darns
convoke,convoke
pontoons,pontoons
prophesied,prophesied
quicksand,quicksand
waterworks's,waterworks's
Payne,Payne
superstructures,superstructures
spit,spit
emollient,emollient
liberalizes,liberalizes
Semarang's,Semarang's
laudatory,laudatory
conducing,conducing
liberal's,liberal's
pixie's,pixie's
milkiness,milkiness
Bulgar's,Bulgar's
zipper's,zipper's
retiree,retiree
implementation's,implementation's
Gustavus,Gustavus
speedster,speedster
giraffes,giraffes
placentae,placentae
Snapple,Snapple
episodic,episodic
fuss's,fuss's
deleveraged,deleveraged
Kurt's,Kurt's
litigants,litigants
arcane,arcane
guitarist,guitarist
IN,IN
nervier,nervier
Cairo's,Cairo's
devolved,devolved
aquatic's,aquatic's
spaceship,spaceship
pallid,pallid
Piedmont's,Piedmont's
Grecian's,Grecian's
artiste's,artiste's
caissons,caissons
bribing,bribing
steamboat,steamboat
salvo's,salvo's
hangout's,hangout's
esteems,esteems
wineglass,wineglass
radioactivity's,radioactivity's
stovepipe's,stovepipe's
chiropodist's,chiropodist's
embankment's,embankment's
decolonized,decolonized
idealist's,idealist's
mush,mush
Bhutan,Bhutan
Windsors,Windsors
Canton,Canton
minstrel's,minstrel's
pictured,pictured
Utrecht,Utrecht
postdated,postdated
experimenting,experimenting
colloquia,colloquia
tightness's,tightness's
Foosball's,Foosball's
hydrogenating,hydrogenating
coma,coma
tempura's,tempura's
colliery,colliery
Ben,Ben
Eldon's,Eldon's
jurors,jurors
phonographs,phonographs
debarked,debarked
slosh,slosh
weft's,weft's
octagons,octagons
operas,operas
garrulous,garrulous
hennaed,hennaed
physical's,physical's
broadcast's,broadcast's
Dramamine,Dramamine
lathered,lathered
punctiliously,punctiliously
sadists,sadists
doorstops,doorstops
appointment's,appointment's
crackers,crackers
brag's,brag's
Grimes's,Grimes's
revert,revert
Hazel's,Hazel's
daughters,daughters
diodes,diodes
sonny,sonny
Kusch's,Kusch's
knowings,knowings
nearsighted,nearsighted
undiscovered,undiscovered
subteens,subteens
Siberia,Siberia
impound,impound
Seoul's,Seoul's
Smithsonian's,Smithsonian's
meriting,meriting
bugled,bugled
friar's,friar's
RD,RD
Carolyn's,Carolyn's
flirtation,flirtation
Buxtehude's,Buxtehude's
Aaliyah,Aaliyah
howlers,howlers
raft's,raft's
grimier,grimier
heedlessness's,heedlessness's
Thessaly,Thessaly
appropriateness's,appropriateness's
sergeant's,sergeant's
circled,circled
opossums,opossums
enchants,enchants
preventative,preventative
legislate,legislate
Dschubba's,Dschubba's
Busch,Busch
unpacking,unpacking
rebating,rebating
Salvatore's,Salvatore's
introvert's,introvert's
eatable's,eatable's
litters,litters
Dem,Dem
abstractnesses,abstractnesses
protozoan,protozoan
appreciably,appreciably
Keaton,Keaton
Oxycontin's,Oxycontin's
neocolonialism,neocolonialism
limping,limping
lesbianism,lesbianism
Magdalene's,Magdalene's
wildflower's,wildflower's
dunned,dunned
physique's,physique's
bettors,bettors
gape's,gape's
restoratives,restoratives
vixen,vixen
Spahn,Spahn
contemporaries,contemporaries
stalks,stalks
sunglasses's,sunglasses's
dogged,dogged
gamma's,gamma's
hauler,hauler
participant's,participant's
cyberpunk,cyberpunk
Greenspan's,Greenspan's
insulates,insulates
ancienter,ancienter
seventieths,seventieths
implosion,implosion
loots,loots
envelope's,envelope's
botnet,botnet
unification's,unification's
larked,larked
scamper's,scamper's
glimmering's,glimmering's
duffers,duffers
prefix's,prefix's
neurons,neurons
lynchpin's,lynchpin's
Henri's,Henri's
dome's,dome's
tasty,tasty
loyalty's,loyalty's
unreserved,unreserved
heterosexuality,heterosexuality
proverbially,proverbially
malaise's,malaise's
Indore's,Indore's
upgrading,upgrading
salmonellae,salmonellae
commending,commending
Christensen's,Christensen's
competently,competently
promontories,promontories
reeve,reeve
puritanism's,puritanism's
headquarters's,headquarters's
Souphanouvong,Souphanouvong
shadiness's,shadiness's
cabanas,cabanas
whereabouts's,whereabouts's
acridest,acridest
fricassee's,fricassee's
loneliest,loneliest
catechising,catechising
Benjamin,Benjamin
perplexity,perplexity
flatcar's,flatcar's
spheroids,spheroids
equinox,equinox
yieldings,yieldings
Adele's,Adele's
compete,compete
subsection's,subsection's
efficacy,efficacy
humanitarianism's,humanitarianism's
wallpapers,wallpapers
kidneys,kidneys
dryness,dryness
diluting,diluting
mishandled,mishandled
Cybele's,Cybele's
dapper,dapper
Swinburne's,Swinburne's
Gogol's,Gogol's
Stuttgart,Stuttgart
billion's,billion's
parring,parring
blockbusters,blockbusters
surrealism,surrealism
accidental's,accidental's
mantilla,mantilla
axioms,axioms
symbol,symbol
denominators,denominators
weeper's,weeper's
enema,enema
tiro's,tiro's
veiled,veiled
aldermen,aldermen
Cathleen,Cathleen
Linotype,Linotype
yam's,yam's
Mays,Mays
expeditious,expeditious
Montessori,Montessori
Meyerbeer's,Meyerbeer's
hairier,hairier
zucchinis,zucchinis
redistribution's,redistribution's
volunteer,volunteer
raiding,raiding
Spinx,Spinx
Gibraltar's,Gibraltar's
Bayer's,Bayer's
axle's,axle's
zincked,zincked
Heriberto,Heriberto
contraceptive,contraceptive
Candide's,Candide's
resignation's,resignation's
dammed,dammed
Wilfredo's,Wilfredo's
auctioneers,auctioneers
seemliness's,seemliness's
bondage's,bondage's
wrongfulness's,wrongfulness's
subcontracted,subcontracted
intoxicates,intoxicates
guilds,guilds
Poe,Poe
oaring,oaring
prioritize,prioritize
inkling,inkling
linkage's,linkage's
undergarments,undergarments
lonelier,lonelier
collector's,collector's
dissimulated,dissimulated
providers,providers
storekeepers,storekeepers
lunging,lunging
catboat,catboat
curt,curt
coffers,coffers
hosted,hosted
persuades,persuades
Hancock's,Hancock's
Green's,Green's
phials,phials
Poznan,Poznan
shaman,shaman
Vacaville,Vacaville
closure,closure
balky,balky
uvulas,uvulas
section's,section's
yanked,yanked
Beijing's,Beijing's
nabbing,nabbing
accesses,accesses
optimistically,optimistically
blights,blights
swishest,swishest
burnout's,burnout's
firecracker,firecracker
Sankara's,Sankara's
discriminating,discriminating
brunet's,brunet's
gangland's,gangland's
Kuznets's,Kuznets's
quieter,quieter
legibility's,legibility's
monopolized,monopolized
murkily,murkily
Batista,Batista
gin's,gin's
floorboards,floorboards
rooms,rooms
governing,governing
chiropractics,chiropractics
aphasia's,aphasia's
integrals,integrals
Mona,Mona
dislodging,dislodging
abbots,abbots
ordinariness's,ordinariness's
rancher,rancher
grants,grants
expertly,expertly
mewed,mewed
upkeep's,upkeep's
putts,putts
ballpoints,ballpoints
selectivity,selectivity
Alberto's,Alberto's
adoptive,adoptive
Schiaparelli's,Schiaparelli's
rampantly,rampantly
unhappier,unhappier
shrubbiest,shrubbiest
workbook's,workbook's
cauterize,cauterize
fungi,fungi
Bucharest,Bucharest
skateboarding's,skateboarding's
crease's,crease's
sheikhdom,sheikhdom
jumble's,jumble's
relief's,relief's
tabuing,tabuing
amnesia's,amnesia's
reproductive,reproductive
ligament,ligament
painfullest,painfullest
Fonda's,Fonda's
beer,beer
wrongful,wrongful
Georgette's,Georgette's
swindle's,swindle's
kayaked,kayaked
broths,broths
Heather's,Heather's
islet,islet
sandwiching,sandwiching
omnivores,omnivores
transcripts,transcripts
Zimbabwe,Zimbabwe
quitting,quitting
Peckinpah,Peckinpah
coaster's,coaster's
xvi,xvi
bathrooms,bathrooms
Connemara's,Connemara's
casseroled,casseroled
dampest,dampest
Ismail,Ismail
Kobe's,Kobe's
Uris's,Uris's
quizzically,quizzically
immoderately,immoderately
muscle,muscle
wastefulness,wastefulness
penmanship,penmanship
hierarchical,hierarchical
habitué,habitué
skyed,skyed
bedecks,bedecks
wrongheadedness,wrongheadedness
carelessly,carelessly
legitimating,legitimating
footnote's,footnote's
insight's,insight's
regress's,regress's
Gaines,Gaines
urethra's,urethra's
recorded,recorded
hops,hops
destiny,destiny
toboggan's,toboggan's
sidetracked,sidetracked
urinates,urinates
Richthofen,Richthofen
negligee,negligee
anathemas,anathemas
Bantu,Bantu
askance,askance
faultless,faultless
Morita's,Morita's
lxii,lxii
smooched,smooched
ovation,ovation
waterfalls,waterfalls
cajoling,cajoling
upheavals,upheavals
sulphured,sulphured
Ximenes,Ximenes
cryptography,cryptography
caloric,caloric
Slackware's,Slackware's
Hellman,Hellman
carve,carve
multiplexed,multiplexed
basalt,basalt
patriot's,patriot's
annihilator's,annihilator's
smokes,smokes
downgrading,downgrading
Afros,Afros
suspends,suspends
indemnify,indemnify
pigskin's,pigskin's
Hershey's,Hershey's
Murrow,Murrow
restate,restate
lavishness,lavishness
proboscises,proboscises
diffraction's,diffraction's
forfeiting,forfeiting
Beardmore's,Beardmore's
airdrop,airdrop
reshuffle,reshuffle
opportunist,opportunist
fogginess,fogginess
grinning,grinning
Polynesian's,Polynesian's
centipedes,centipedes
itched,itched
Heaviside's,Heaviside's
confidante,confidante
Woolf's,Woolf's
hasten,hasten
idolatry,idolatry
Zane,Zane
metered,metered
ampul,ampul
apportions,apportions
meddled,meddled
euro,euro
rune's,rune's
Hans's,Hans's
opts,opts
evading,evading
Hamburg,Hamburg
indulgent,indulgent
antiseptics,antiseptics
hunters,hunters
profusion's,profusion's
mariners,mariners
expectation,expectation
interceptions,interceptions
pentameter,pentameter
biology's,biology's
group's,group's
gables,gables
showery,showery
asphalts,asphalts
Epicurean,Epicurean
punched,punched
wannabe's,wannabe's
scald's,scald's
fractured,fractured
slumping,slumping
matricides,matricides
shirker,shirker
Savage,Savage
Telemann's,Telemann's
flicks,flicks
leguminous,leguminous
brunets,brunets
Plath,Plath
Silurian,Silurian
mortal's,mortal's
aforementioned,aforementioned
Samaritans,Samaritans
patrimonial,patrimonial
Cordova's,Cordova's
harkened,harkened
residence's,residence's
foreshadowed,foreshadowed
megapixels,megapixels
hometowns,hometowns
submersion,submersion
overwhelming,overwhelming
chilblain,chilblain
alderwoman's,alderwoman's
Lucius,Lucius
foundlings,foundlings
poetic,poetic
apostolic,apostolic
oceanographic,oceanographic
Americanizations,Americanizations
casuistry,casuistry
awarded,awarded
Marylou's,Marylou's
pestled,pestled
miscreant,miscreant
gorge's,gorge's
Mesopotamia's,Mesopotamia's
antipasti,antipasti
asterisk,asterisk
slimier,slimier
nits,nits
Greta's,Greta's
cytoplasm's,cytoplasm's
palliatives,palliatives
briefed,briefed
matures,matures
buzzer,buzzer
photography,photography
textbook,textbook
wrong's,wrong's
towers,towers
starchiest,starchiest
ironwork's,ironwork's
exhibitionism's,exhibitionism's
differing,differing
gewgaws,gewgaws
Nigel,Nigel
sequestering,sequestering
imperfection,imperfection
agriculture's,agriculture's
wormholes,wormholes
costliest,costliest
arpeggio's,arpeggio's
goodie's,goodie's
pastorates,pastorates
virtuoso,virtuoso
wanderlust,wanderlust
putrefaction,putrefaction
trafficked,trafficked
unfetter,unfetter
Magritte's,Magritte's
analogies,analogies
Chicago's,Chicago's
nomad's,nomad's
underlining,underlining
galas,galas
bomber,bomber
fetishes,fetishes
seashore's,seashore's
Bellatrix's,Bellatrix's
misapprehensions,misapprehensions
Rodgers's,Rodgers's
closes,closes
sinuses,sinuses
Seurat's,Seurat's
forgathered,forgathered
Bishkek,Bishkek
Dawn,Dawn
acrostic,acrostic
cashiered,cashiered
trumpeter,trumpeter
Selim's,Selim's
modeling's,modeling's
tasked,tasked
Nanook,Nanook
extrapolate,extrapolate
uprising's,uprising's
Meighen's,Meighen's
stammer,stammer
PM's,PM's
backings,backings
Vaughan,Vaughan
counterfeit's,counterfeit's
Robles,Robles
accomplishment,accomplishment
foreman's,foreman's
shops,shops
strangers,strangers
bobcats,bobcats
blogger's,blogger's
babysitters,babysitters
Clemenceau's,Clemenceau's
boisterous,boisterous
succors,succors
punk,punk
dueled,dueled
wrangler's,wrangler's
pawn's,pawn's
hull's,hull's
puller's,puller's
tributaries,tributaries
Alford,Alford
hoot,hoot
Clarke's,Clarke's
taper's,taper's
oblation,oblation
hillbilly's,hillbilly's
Godiva's,Godiva's
forbears,forbears
butterfingers's,butterfingers's
satanic,satanic
subleases,subleases
hysteria's,hysteria's
antipasto,antipasto
hitchhikers,hitchhikers
Faraday,Faraday
Chandra,Chandra
Alkaid's,Alkaid's
mumps,mumps
obsoleted,obsoleted
saddest,saddest
fondus,fondus
deduced,deduced
itemizes,itemizes
enshroud,enshroud
Byzantine,Byzantine
bankbook's,bankbook's
consecrates,consecrates
frames,frames
Ptolemy,Ptolemy
overpaying,overpaying
stardom's,stardom's
rubdown's,rubdown's
genuses,genuses
Bataan's,Bataan's
Roseann's,Roseann's
damsels,damsels
straggler's,straggler's
Asoka,Asoka
mounded,mounded
cot's,cot's
bugbear,bugbear
ploy,ploy
Lizzie,Lizzie
mimics,mimics
Zubeneschamali,Zubeneschamali
hoist,hoist
beaten,beaten
gypsies,gypsies
rabbinate's,rabbinate's
wrinkled,wrinkled
churns,churns
Torvalds's,Torvalds's
insteps,insteps
bellybutton,bellybutton
taproots,taproots
priestess's,priestess's
Tonia's,Tonia's
shenanigan,shenanigan
dismemberment's,dismemberment's
protrude,protrude
gleamings,gleamings
bunk,bunk
hobbyist,hobbyist
sedge's,sedge's
constrict,constrict
uttering,uttering
undershirts,undershirts
handicapped,handicapped
hub,hub
merino's,merino's
somnambulists,somnambulists
luckier,luckier
reapportioned,reapportioned
boyfriend,boyfriend
internship,internship
volubly,volubly
discoveries,discoveries
observing,observing
crevasse,crevasse
Fuchs,Fuchs
aphrodisiac's,aphrodisiac's
revive,revive
impeachment's,impeachment's
Celina,Celina
nonevents,nonevents
outlawed,outlawed
maharanis,maharanis
Akhmatova,Akhmatova
harken,harken
raced,raced
reared,reared
gesturing,gesturing
emigrations,emigrations
djinn,djinn
Wesson's,Wesson's
glottis's,glottis's
ceremonial's,ceremonial's
Nkrumah,Nkrumah
giggler's,giggler's
deltas,deltas
legislator,legislator
Choctaw,Choctaw
graters,graters
nihilism's,nihilism's
falsification,falsification
flowerbed's,flowerbed's
batons,batons
foreseeable,foreseeable
sombreros,sombreros
codding,codding
gibe's,gibe's
consumerism,consumerism
Ruthie,Ruthie
scramblers,scramblers
revocable,revocable
nosedove,nosedove
pushiness's,pushiness's
mufti,mufti
flap's,flap's
ape's,ape's
delve,delve
quadrupling,quadrupling
shlepped,shlepped
fraternity's,fraternity's
breakage,breakage
seventieth's,seventieth's
wearable,wearable
tranquillest,tranquillest
seals,seals
deportations,deportations
imprisoned,imprisoned
Vergil,Vergil
Glen,Glen
artisans,artisans
hydrate,hydrate
slammed,slammed
psychopath,psychopath
typewrote,typewrote
maharajahs,maharajahs
wasp,wasp
sackful,sackful
Welch,Welch
Californian's,Californian's
synopsis,synopsis
aftermath's,aftermath's
dissenter's,dissenter's
ratio,ratio
amanuenses,amanuenses
rackets,rackets
slapstick's,slapstick's
tucks,tucks
Neil's,Neil's
granddaughters,granddaughters
refreshingly,refreshingly
Day's,Day's
luster,luster
reddish,reddish
Lauren,Lauren
quaffed,quaffed
sensed,sensed
unworkable,unworkable
Dortmund's,Dortmund's
indents,indents
imbecilic,imbecilic
throwing,throwing
Howells's,Howells's
Rasalgethi,Rasalgethi
needy,needy
institutions,institutions
piggishness's,piggishness's
wooziness's,wooziness's
deck's,deck's
Apache's,Apache's
dankly,dankly
Nebraska,Nebraska
Hench,Hench
victory's,victory's
lunacies,lunacies
divorcée,divorcée
saris,saris
incivility's,incivility's
recoup,recoup
freebooters,freebooters
incinerated,incinerated
developers,developers
Salk,Salk
gastritis,gastritis
rematch,rematch
Messiaen's,Messiaen's
doyen's,doyen's
skinniness's,skinniness's
frappes,frappes
spritz's,spritz's
bartender,bartender
grandstand's,grandstand's
Huron,Huron
generate,generate
banalities,banalities
Hollie's,Hollie's
Lindy,Lindy
concierge,concierge
playful,playful
pleasings,pleasings
reappraised,reappraised
poplar,poplar
fillips,fillips
ported,ported
Jennings's,Jennings's
abasement's,abasement's
greengrocer's,greengrocer's
bandanas,bandanas
plumper,plumper
terrifies,terrifies
Lakshmi,Lakshmi
selfishly,selfishly
indulgence's,indulgence's
motels,motels
matrons,matrons
legate,legate
Debs's,Debs's
curacy's,curacy's
Hunt,Hunt
spangled,spangled
Powers's,Powers's
vandalized,vandalized
sidewalks,sidewalks
Crusades's,Crusades's
ejections,ejections
Monica,Monica
davenport's,davenport's
demilitarization,demilitarization
clearer,clearer
instrumentality's,instrumentality's
sunflower's,sunflower's
voracity's,voracity's
briquet,briquet
industriousness,industriousness
roiling,roiling
lyceum,lyceum
washbasins,washbasins
crocked,crocked
latticeworks,latticeworks
lessees,lessees
ceaselessly,ceaselessly
ejected,ejected
optimizer,optimizer
anarchism,anarchism
vitiation,vitiation
Barney,Barney
schematic's,schematic's
dispensations,dispensations
intolerance's,intolerance's
lockup,lockup
fests,fests
Whipple,Whipple
odium's,odium's
autoworker,autoworker
valorous,valorous
yep's,yep's
fogies,fogies
sensibilities,sensibilities
polluter's,polluter's
singled,singled
eggheads,eggheads
nostrum's,nostrum's
overwork,overwork
hexadecimal,hexadecimal
Stephens's,Stephens's
flaws,flaws
carcinomas,carcinomas
freelanced,freelanced
chainsaw's,chainsaw's
caduceus's,caduceus's
fricasseeing,fricasseeing
settling,settling
immobilize,immobilize
pawnshop's,pawnshop's
forecasting,forecasting
Saundra's,Saundra's
reallocate,reallocate
achievers,achievers
verbalized,verbalized
nicety,nicety
armament,armament
Mongolia,Mongolia
crania,crania
kleptomaniac's,kleptomaniac's
Rourke,Rourke
ticks,ticks
Mansfield's,Mansfield's
hying,hying
equinoctial,equinoctial
manipulates,manipulates
Cruz,Cruz
tubes,tubes
insecure,insecure
I've,I've
porcupine,porcupine
twisting,twisting
cockney's,cockney's
Pahlavi's,Pahlavi's
dissidents,dissidents
Naziism's,Naziism's
brutal,brutal
monologue,monologue
meteorology,meteorology
Funafuti,Funafuti
lure,lure
likeness's,likeness's
nova's,nova's
opprobrium,opprobrium
lesion's,lesion's
Temecula,Temecula
bravura's,bravura's
Kingstown,Kingstown
deluxe,deluxe
ductile,ductile
Miller's,Miller's
punctures,punctures
Nukualofa,Nukualofa
pimple's,pimple's
eatables,eatables
Africa,Africa
cottontail's,cottontail's
Mensa,Mensa
billing,billing
tollgate's,tollgate's
speedways,speedways
semitones,semitones
landscapers,landscapers
kingliest,kingliest
Wyatt,Wyatt
fend,fend
sneer,sneer
extraction's,extraction's
smattering,smattering
intersperse,intersperse
keratin's,keratin's
glibness,glibness
preachier,preachier
taffeta,taffeta
allergists,allergists
tormenter,tormenter
undercarriage,undercarriage
Velásquez's,Velásquez's
magnates,magnates
colloquially,colloquially
antihistamine,antihistamine
genome's,genome's
Chanel's,Chanel's
Crystal,Crystal
merchantman,merchantman
grip's,grip's
silliest,silliest
windup's,windup's
Catholicism,Catholicism
fringe's,fringe's
dehumanize,dehumanize
reappraisal's,reappraisal's
bobtail,bobtail
slurs,slurs
shawl,shawl
Arabians,Arabians
bequests,bequests
gondolas,gondolas
Vogue,Vogue
rejoices,rejoices
upload,upload
aristocratic,aristocratic
consecrated,consecrated
splint,splint
sees,sees
spuriousness,spuriousness
performances,performances
alliterative,alliterative
phonically,phonically
resuscitator's,resuscitator's
heatstroke,heatstroke
site's,site's
headier,headier
humanitarian's,humanitarian's
tambourine,tambourine
ceasefire,ceasefire
classifying,classifying
evolution's,evolution's
gallery's,gallery's
tap,tap
bet's,bet's
drapery,drapery
Limburger,Limburger
wagged,wagged
infectious,infectious
foresails,foresails
craving,craving
quantifies,quantifies
valve,valve
Mendocino,Mendocino
blares,blares
Oregonian's,Oregonian's
poinsettia,poinsettia
gallbladder,gallbladder
Algol's,Algol's
conserve,conserve
burn's,burn's
countable,countable
nighttime,nighttime
capsize,capsize
skivvying,skivvying
gashes,gashes
leukemia's,leukemia's
Gus,Gus
whiter,whiter
marbling's,marbling's
Lollobrigida's,Lollobrigida's
Barth's,Barth's
madrasa's,madrasa's
Cathay's,Cathay's
cube's,cube's
subteen's,subteen's
raglan,raglan
gland's,gland's
satanism,satanism
unsatisfying,unsatisfying
louts,louts
rookie's,rookie's
bustled,bustled
bisque's,bisque's
guileless,guileless
rectangle,rectangle
Bernardo's,Bernardo's
fart,fart
pimps,pimps
Fran's,Fran's
renews,renews
takeover,takeover
goldfinches,goldfinches
equitably,equitably
smokehouse's,smokehouse's
holders,holders
halfhearted,halfhearted
Donna's,Donna's
abolition's,abolition's
waters,waters
Ephraim's,Ephraim's
Nadia's,Nadia's
dinning,dinning
bombers,bombers
Kirk,Kirk
rehashes,rehashes
scupper,scupper
buyout's,buyout's
sashaying,sashaying
stipulated,stipulated
sicking,sicking
truckload's,truckload's
memoir,memoir
crystallize,crystallize
booms,booms
penlite,penlite
subtrahend's,subtrahend's
globule's,globule's
surrendering,surrendering
bani,bani
tirelessness's,tirelessness's
maraca's,maraca's
indicates,indicates
painstaking's,painstaking's
predictive,predictive
sponsoring,sponsoring
artisan,artisan
Stewart,Stewart
tactically,tactically
diaphanous,diaphanous
Dardanelles,Dardanelles
Milo's,Milo's
clappers,clappers
Auriga's,Auriga's
martinet's,martinet's
concomitant,concomitant
abscissa,abscissa
combustibility's,combustibility's
strawed,strawed
Trudy's,Trudy's
analyst's,analyst's
curvier,curvier
Brisbane,Brisbane
Pound's,Pound's
symbiosis's,symbiosis's
netter,netter
Mai's,Mai's
Briggs's,Briggs's
chairperson's,chairperson's
Worcester,Worcester
Keller,Keller
Lyly,Lyly
saline's,saline's
clinician's,clinician's
Calcutta's,Calcutta's
cantilever's,cantilever's
AIDS,AIDS
Thai,Thai
oldie's,oldie's
reparation's,reparation's
unfairness's,unfairness's
connives,connives
teammate's,teammate's
professors,professors
autonomous,autonomous
bosom's,bosom's
bulge,bulge
ellipsis,ellipsis
admonished,admonished
quadrilles,quadrilles
hymned,hymned
calculable,calculable
torts,torts
dysfunctional,dysfunctional
flunk's,flunk's
brownstone's,brownstone's
specification's,specification's
settee's,settee's
sunroofs,sunroofs
acclimated,acclimated
busying,busying
Althea,Althea
shyness,shyness
Namibian,Namibian
Jaime's,Jaime's
hurrahing,hurrahing
etymologist's,etymologist's
operetta,operetta
magnifies,magnifies
hailstone's,hailstone's
irresponsible,irresponsible
garrotted,garrotted
thrill,thrill
quibble,quibble
flitting,flitting
avatar,avatar
Nellie,Nellie
hydra,hydra
enmeshed,enmeshed
relish,relish
enfolded,enfolded
Moslem's,Moslem's
lubber's,lubber's
nurses,nurses
r,r
motivated,motivated
abodes,abodes
rabbi,rabbi
Euclidean's,Euclidean's
decompression's,decompression's
creameries,creameries
Clarice's,Clarice's
consultant's,consultant's
fours,fours
workflows,workflows
bombarding,bombarding
nadir's,nadir's
sunspots,sunspots
vellum,vellum
hell's,hell's
royalty,royalty
talkers,talkers
saxes,saxes
hostilities,hostilities
curling,curling
heedlessly,heedlessly
Pugh,Pugh
flibbertigibbet,flibbertigibbet
Lassen's,Lassen's
download's,download's
Mohawk,Mohawk
coauthored,coauthored
niter's,niter's
misuses,misuses
cetacean's,cetacean's
khans,khans
twinkling's,twinkling's
Milan's,Milan's
Donne,Donne
Dr,Dr
inexpedient,inexpedient
jeweler's,jeweler's
joyriders,joyriders
physique,physique
workdays,workdays
reordering,reordering
Tripoli's,Tripoli's
Guadalupe's,Guadalupe's
Atari's,Atari's
impertinence's,impertinence's
baffle's,baffle's
pageantry,pageantry
notoriety,notoriety
preregister,preregister
barbarisms,barbarisms
italicize,italicize
egret's,egret's
Tarbell's,Tarbell's
Giles,Giles
proton's,proton's
moderators,moderators
Tiber,Tiber
dictate,dictate
untimeliness,untimeliness
timeliness's,timeliness's
potty,potty
sweater's,sweater's
swelter's,swelter's
regiments,regiments
dazing,dazing
wolfhounds,wolfhounds
tidiest,tidiest
Olympians,Olympians
similes,similes
backpacks,backpacks
wallboard's,wallboard's
racists,racists
freeze's,freeze's
sequins,sequins
bullock,bullock
footing,footing
Navarro's,Navarro's
catalyst's,catalyst's
aliened,aliened
Stonehenge's,Stonehenge's
Ivy,Ivy
greenness,greenness
incing,incing
pallet,pallet
Callao,Callao
libeler,libeler
steads,steads
glacier's,glacier's
cablegram,cablegram
Rottweiler's,Rottweiler's
companions,companions
dadoes,dadoes
toupee's,toupee's
Ragnarök's,Ragnarök's
salivates,salivates
Amalia's,Amalia's
chieftain's,chieftain's
haddock,haddock
metrical,metrical
Marlboro's,Marlboro's
aberration,aberration
prepping,prepping
chitlings,chitlings
tumultuous,tumultuous
darnedest,darnedest
Nehemiah's,Nehemiah's
colas,colas
intoned,intoned
discording,discording
wilderness,wilderness
reckoning,reckoning
electronics,electronics
peonage's,peonage's
spiffiest,spiffiest
demonstratives,demonstratives
mutate,mutate
accountancy's,accountancy's
Bathsheba's,Bathsheba's
Kansas's,Kansas's
smudged,smudged
rooting,rooting
blazing,blazing
bystanders,bystanders
Kafkaesque's,Kafkaesque's
overspread,overspread
thunder's,thunder's
balderdash's,balderdash's
consecration's,consecration's
WYSIWYG,WYSIWYG
bogy's,bogy's
reveal,reveal
reimposed,reimposed
Muir's,Muir's
requisitions,requisitions
homogenize,homogenize
nefariousness's,nefariousness's
prating,prating
geological,geological
Corrine's,Corrine's
Menkalinan's,Menkalinan's
peon's,peon's
falconer,falconer
ultimatum's,ultimatum's
simpers,simpers
brazening,brazening
antipathetic,antipathetic
calfs,calfs
civilian,civilian
chalets,chalets
indubitably,indubitably
third's,third's
equipage,equipage
attacker's,attacker's
assignment,assignment
truckled,truckled
join's,join's
morale,morale
belief's,belief's
participial's,participial's
superseded,superseded
angrier,angrier
batching,batching
incapacity's,incapacity's
Goldie,Goldie
seacoast's,seacoast's
aptitudes,aptitudes
crumble,crumble
precipitate,precipitate
managers,managers
eightieth,eightieth
Siam,Siam
browner,browner
czarina,czarina
fitting,fitting
frostbite's,frostbite's
frizzled,frizzled
healer,healer
sided,sided
mishap's,mishap's
bards,bards
ipecac,ipecac
wreathing,wreathing
subpoena's,subpoena's
flukiest,flukiest
ricketier,ricketier
enrolls,enrolls
hypotenuse,hypotenuse
disperse,disperse
bacchanal,bacchanal
barnacles,barnacles
frowsiest,frowsiest
hashtag's,hashtag's
convalescing,convalescing
stalkings,stalkings
presents,presents
levelheaded,levelheaded
Songhai,Songhai
O'Connor,O'Connor
crosiers,crosiers
schoolteachers,schoolteachers
heckle's,heckle's
encapsulating,encapsulating
guideline's,guideline's
Martial,Martial
Capricorn,Capricorn
delusive,delusive
assertion,assertion
Wyomingites,Wyomingites
latex,latex
cowlings,cowlings
fuzz,fuzz
allured,allured
aquamarine,aquamarine
insemination's,insemination's
Bennie's,Bennie's
Omaha,Omaha
craving's,craving's
isometrics's,isometrics's
Elizabethtown's,Elizabethtown's
carouse,carouse
vulgarize,vulgarize
Wilkins,Wilkins
eastbound,eastbound
grading,grading
scollop's,scollop's
increasing,increasing
Pyrex's,Pyrex's
unlikeliest,unlikeliest
Elysian,Elysian
cyst's,cyst's
solidifies,solidifies
widowed,widowed
spadefuls,spadefuls
sandman,sandman
Austen,Austen
venturous,venturous
Wallenstein,Wallenstein
mats,mats
Judson's,Judson's
caisson,caisson
allocating,allocating
fibber,fibber
rebates,rebates
eligibility,eligibility
constrains,constrains
bellyful's,bellyful's
barging,barging
mimosas,mimosas
Capulet,Capulet
beech,beech
In,In
Trevor,Trevor
Chernenko's,Chernenko's
Garbo's,Garbo's
obsequies,obsequies
spires,spires
sobers,sobers
primacy's,primacy's
slatterns,slatterns
roundhouse's,roundhouse's
stolen,stolen
assert,assert
bipartisan,bipartisan
omega's,omega's
merganser,merganser
striving,striving
niggard,niggard
transitives,transitives
mercilessly,mercilessly
backlash's,backlash's
Anaxagoras,Anaxagoras
oversell,oversell
odysseys,odysseys
Knesset's,Knesset's
antiviral,antiviral
shakier,shakier
monogamous,monogamous
calm's,calm's
transience,transience
besought,besought
sickbeds,sickbeds
mullah's,mullah's
athletes,athletes
webbed,webbed
meteorology's,meteorology's
finickier,finickier
bowling,bowling
retrofitted,retrofitted
grapevine's,grapevine's
adumbrated,adumbrated
jellying,jellying
circumspection,circumspection
alliteration's,alliteration's
Bismark's,Bismark's
paralegal's,paralegal's
observational,observational
Mombasa,Mombasa
rowing's,rowing's
spectacle's,spectacle's
analogue,analogue
pas,pas
paternalism's,paternalism's
Bob,Bob
renaissance's,renaissance's
cockfight's,cockfight's
fleeciest,fleeciest
Pei's,Pei's
clutching,clutching
sparkled,sparkled
Confucian,Confucian
Prius,Prius
asparagus,asparagus
grebe's,grebe's
Pisa's,Pisa's
hierarchy's,hierarchy's
dramatized,dramatized
lowering,lowering
vitalizes,vitalizes
privileging,privileging
wrinklies,wrinklies
serial,serial
municipal's,municipal's
ESPN,ESPN
shiners,shiners
gild,gild
booked,booked
Darin,Darin
Mahdi's,Mahdi's
enterprise's,enterprise's
adoringly,adoringly
haemophilia,haemophilia
inefficiency,inefficiency
Wilde's,Wilde's
stuffed,stuffed
ratchet,ratchet
Paine,Paine
Geiger's,Geiger's
Darius's,Darius's
Mason's,Mason's
viol's,viol's
Gideon,Gideon
ordinances,ordinances
lawgiver's,lawgiver's
internee's,internee's
unbeknownst,unbeknownst
Colleen,Colleen
reassembling,reassembling
foal,foal
harvest's,harvest's
extraditions,extraditions
Simon,Simon
spillway,spillway
hones,hones
practitioners,practitioners
Andean's,Andean's
limeade's,limeade's
miniaturizes,miniaturizes
skeletons,skeletons
sideboard,sideboard
bricklayer's,bricklayer's
Weiss's,Weiss's
misdo,misdo
dimmers,dimmers
Jay's,Jay's
fourteenths,fourteenths
arousal's,arousal's
Dangerfield,Dangerfield
pasha,pasha
Mable,Mable
lithographers,lithographers
impurely,impurely
biennials,biennials
superstar,superstar
Adams,Adams
worsens,worsens
woolie's,woolie's
Mulder's,Mulder's
Houdini's,Houdini's
socially,socially
everglade's,everglade's
Coke,Coke
bop's,bop's
guffawed,guffawed
concise,concise
awestruck,awestruck
expunge,expunge
counterrevolution,counterrevolution
libellers,libellers
librettists,librettists
chivalrous,chivalrous
junior's,junior's
Vassar,Vassar
decompress,decompress
fellows,fellows
dirtied,dirtied
goatee,goatee
reeducates,reeducates
sauce's,sauce's
tantalizes,tantalizes
Lilly,Lilly
masochism's,masochism's
bartenders,bartenders
splintered,splintered
Trinity,Trinity
mandrake's,mandrake's
trepidation's,trepidation's
prostitution,prostitution
incinerator,incinerator
Ball,Ball
Senghor,Senghor
Marquesas's,Marquesas's
drivels,drivels
begging,begging
taring,taring
shotgunning,shotgunning
taciturn,taciturn
crummier,crummier
stumpy,stumpy
correction's,correction's
shaggy,shaggy
pitches,pitches
teargases,teargases
DAT's,DAT's
Celsius's,Celsius's
Lipton,Lipton
backslash,backslash
dartboard's,dartboard's
mathematics's,mathematics's
Pantagruel,Pantagruel
chromatic,chromatic
hostages,hostages
judicature's,judicature's
belle,belle
Seagram,Seagram
ejection,ejection
remunerative,remunerative
frisks,frisks
Klondikes,Klondikes
studentships,studentships
uranium,uranium
yule's,yule's
scorned,scorned
waterfowls,waterfowls
Beretta,Beretta
moistness,moistness
sedation,sedation
alderwomen,alderwomen
dead's,dead's
breadwinners,breadwinners
intro,intro
darkroom,darkroom
Tyree's,Tyree's
disqualify,disqualify
checkered,checkered
Chippewa's,Chippewa's
table's,table's
pith's,pith's
Atlanta's,Atlanta's
tureen,tureen
network's,network's
decree's,decree's
merriness's,merriness's
raffling,raffling
Epictetus,Epictetus
tape,tape
micron's,micron's
voluptuary,voluptuary
Oxnard,Oxnard
Aesculapius,Aesculapius
Rutgers,Rutgers
bewared,bewared
sushi,sushi
pantry's,pantry's
submarine,submarine
cleverer,cleverer
farming's,farming's
linings,linings
trouper's,trouper's
Cobb,Cobb
slack's,slack's
trachea's,trachea's
dietician's,dietician's
gayness,gayness
acidulous,acidulous
plaza,plaza
dissing,dissing
Mitch's,Mitch's
eggnog's,eggnog's
transmitters,transmitters
ht,ht
compote,compote
dirigibles,dirigibles
do,do
technological,technological
Zhukov's,Zhukov's
Bligh,Bligh
doughier,doughier
pl,pl
cleanser's,cleanser's
sandbars,sandbars
