abuse,abUse
abuse,abouse
admit,admit%
admit,admite
afternoon,afternon
agent,agEnt
agent,agant
application,applIcation
application,applacation
application,aplication
arguable,argueable
ashes,aSHES
ashes,ashis
ashes,ashers
asleep,asleeep
asleep,aslep
attendance,attendANCE
attendance,attendence
blank,blaNk
blank,blak
blow,bloW
blow,blo
books,boks
books,book%s
books,bookes
boundary,boundAry
boundary,boundry
break,brake
break,brake
break,brack
break,beark
break,brEAK
break,break%
break,brake
break,brack
break,brake
card,cArd
card,kard
card,cord
carries,carrIEs
carries,carrys
clarify,clairifie
clarify,clearify
clean,cleen
clean,clEAn
clean,clen
cloth,cLOth
cloth,colth
cloth,clath
clowns,crowns
coarse,cOArse
coarse,course
confidence,confIdence
confidence,confidenCE
consist,consisit
consist,conSist
council,counCIl
council,counsel
council,counsil
creamery,creamERY
creamery,creamy
creamery,creamry
criticism,citisum
criticism,critiCism
criticism,criticiSm
criticism,critisism
criticism,criticsim
criticism,critisism
criticism,critisizm
crystal,crYstal
crystal,crystAL
crystal,cristal
crystal,crystle
darling,darlin
darling,dARLing
darling,dolling
darling,dalling
date,dATE
delivery,dElivery
delivery,delIvery
delivery,delievery
doubtless,douBtless
doubtless,doutless
drift,dRIft
drift,dirft
drift,dreft
easier,easer
easier,easIEr
easier,easer
easier,easyer
easier,eassier
eight,ate
eight,eaght
eventually,eventully
excuse,exCUse
excuse,exuse
extend,eXtend
extend,extEnd
extend,exstend
extend,extand
fare,fARE
fare,fair
farm,fARm
farm,form
farm,from
fix,fiX
flower,floWEr
flower,flour
football,fOOtball
football,footbAll
football,feetball
football,footboll
forever,forEver
forever,forever%
forever,foreever
forever,forevere
gift,gIFt
gross,groSS
gross,gross%
gross,grose
growing,grOWing
growing,groing
guidelines,guidlines
gun,gung
gun,cun
gun,gan
gun,can
gun,cut
gun,gum
gun,gUn
gun,gon
gymnasium,gYmnasium
gymnasium,gymnasIUm
hear,ear
hear,here
hear,hEAr
hear,hear%
hear,her
hierarchy,heiarky
hierarchy,hierchy
hierarchy,heirarchy
impracticable,impractible
inclose,Inclose
inclose,enclose
inform,iNform
inform,inform%
inform,imform
ironing,iRONing
ironing,irning
jackknife,jacknife
judge,juDGe
judge,juge
justified,justifIEd
justified,justifyed
laughed,laughted
laughed,lAUGHed
laughed,lafed
leaf,lEAf
leaf,leaF%
leaf,leave
leaf,leafe
lend,lEnd
lend,len%d
lend,leand
lies,lIEs
lies,lies%
lies,lise
liquid,lIQUId
liquid,liqued
liquid,liquide
liquid,licquid
literature,literatur
literature,litterature
literature,litterature
literature,litriture
literature,litERAture
literature,literiture
literature,literture
lying,luying
lying,laying
lying,lYIng
lying,lieing
magazine,magAzine
magazine,magizine
mere,mare
mere,mERE
mere,mear
millions,millons
monument,mONUment
mouth,mOUth
mouth,moth
murmur,murmUr
murmur,murmer
occupied,oCCupied
occupied,ocupied
paper,papER
paper,papr
perfectly,perfEctly
perfectly,perfecTLY
perfectly,perfactly
plentiful,plentyful
prefer,prefER
prefer,preferE
prefer,prefere
prefer,prefur
presence,presenCe
presence,presense
prisoners,prsioners
problems,problemes
programmes,programms
proper,proPer
proper,propper
provided,provIDEd
provided,provied
quality,quALIty
quality,quailty
quart,qUArt
quart,quaRt
quart,quat
rainy,rainY
rainy,rainey
record,reCOrd
religion,relIgion
religion,religION
religion,religon
religion,relegion
remark,remark%
remark,remarke
resemble,reSemble
resemble,rezemble
resemble,resamble
review,revIEW
review,revue
review,revew
rhubarb,rhuburb
rhubarb,ruhbarb
rich,riCH
rich,rick
rude,rUde
rude,rudE
rude,roud
sacrilegious,sacreligious
sail,sAIl
sail,sail%
sail,sale
sail,sall
sanitary,sanatary
sanitary,sanItary
sanitary,sanatary
sash,saSH
sash,sach
scarce,scarCE
scarce,scarse
scarce,scares
see,sEE
see,se
share,shAre
share,sharE
share,shear
sheep,sheepe
sheep,SHeep
sheep,shEEp
sheep,seep
shock,chock
shock,schock
shock,chock
shock,shoCK
shock,schock
shock,shok
shock,schock
shoe,shoE
shoe,shou
sincere,sincerE
sincere,sincer
slippery,sliPPery
slippery,slippERY
slippery,slipery
smaller,smALLer
smaller,smaler
smaller,smoler
snap,sNAp
stool,stOOl
student,studEnt
student,sudent
study,stUdy
study,studY
swell,swEll
swell,sweLL
swell,swel
sympathy,sympAthy
sympathy,sympthy
sympathy,symphathy
sympathy,symphaty
terms,tErms
terms,term%s
their,heir
their,ther
their,ther
their,there
their,there
their,ther
their,there
their,thier
their,there
their,ther
their,thier
their,thEIr
their,their%
their,there
their,thier
their,thrir
their,thier
tin,tIn
tin,ten
tobogganing,tobboganing
trolley,trollEY
trolley,trolly
unequivocally,unequivocaly
vast,vasT
vast,wast
virtually,vertually
vulnerability,valnerability
way,wa
way,uay
weekend,weekena
weekend,weedend
weekend,wecckend
weekend,weckend
weekend,weeckend
whatever,wHatever
whatever,watever
wife,fiwe
wife,wief
wife,five
wife,vife
wife,whife
wife,wifE
Brian's,Brian's
Manx's,Manx's
flute's,flute's
Bettie,Bettie
Vishnu's,Vishnu's
monopolist's,monopolist's
finance's,finance's
jeeringly,jeeringly
gram,gram
fife's,fife's
outspreading,outspreading
nonpareil,nonpareil
mecca,mecca
hydrophobia,hydrophobia
caches,caches
dirigible,dirigible
flay,flay
bitterest,bitterest
Lorena's,Lorena's
oxbow's,oxbow's
Kyoto's,Kyoto's
newsreel's,newsreel's
pistachio's,pistachio's
defamatory,defamatory
Tongans,Tongans
Ozarks's,Ozarks's
chalice,chalice
creepers,creepers
bilaterally,bilaterally
mewing,mewing
glean,glean
laity's,laity's
counterbalances,counterbalances
sportsman,sportsman
ritziest,ritziest
grooving,grooving
clauses,clauses
Daumier's,Daumier's
janitors,janitors
embeds,embeds
crape's,crape's
Dennis,Dennis
cheekiness,cheekiness
alienation,alienation
sphere's,sphere's
vegans,vegans
stenography,stenography
Elvia,Elvia
slaw's,slaw's
Yuma's,Yuma's
thatch's,thatch's
halleluiah,halleluiah
oversimplifies,oversimplifies
stolidity,stolidity
motorcar,motorcar
canteens,canteens
embroidery's,embroidery's
juxtaposition's,juxtaposition's
repaints,repaints
éclair,éclair
curative's,curative's
coleslaw,coleslaw
muddier,muddier
darted,darted
barneys,barneys
protractor,protractor
Sana's,Sana's
Apia's,Apia's
Wren,Wren
impotent,impotent
patenting,patenting
bushelling,bushelling
litigating,litigating
pluralizing,pluralizing
conjugations,conjugations
Olin's,Olin's
screechy,screechy
amplitude,amplitude
paranormal,paranormal
cherry's,cherry's
Mohammed's,Mohammed's
Justinian's,Justinian's
Father's,Father's
Ziggy,Ziggy
bulldozers,bulldozers
deceives,deceives
Talleyrand,Talleyrand
foaled,foaled
Dunbar's,Dunbar's
baize's,baize's
French's,French's
Mauriac,Mauriac
recant,recant
wannabe,wannabe
moneybag's,moneybag's
shrubs,shrubs
docilely,docilely
birthright's,birthright's
strictest,strictest
Pfizer,Pfizer
Ruth's,Ruth's
Leta's,Leta's
glossed,glossed
contentment's,contentment's
orthopaedists,orthopaedists
gadgets,gadgets
diffed,diffed
tweedy,tweedy
ungovernable,ungovernable
supercomputers,supercomputers
extorts,extorts
Mussolini's,Mussolini's
bigwigs,bigwigs
Cardin,Cardin
bushwhacked,bushwhacked
flowery,flowery
capstan,capstan
anchorwomen,anchorwomen
Monte's,Monte's
spiteful,spiteful
battalion's,battalion's
shipboards,shipboards
thermometer's,thermometer's
pricey,pricey
Tomlin,Tomlin
Frank's,Frank's
Argentinians,Argentinians
Augustan,Augustan
preterites,preterites
diction's,diction's
offshoot's,offshoot's
viper's,viper's
divvying,divvying
inviolate,inviolate
Corsica's,Corsica's
Leninism,Leninism
Quran,Quran
fingering's,fingering's
founts,founts
effectuates,effectuates
gluttons,gluttons
pedlars,pedlars
cornice's,cornice's
BYOB,BYOB
cablegrams,cablegrams
wrongest,wrongest
remodels,remodels
outpatients,outpatients
leavened,leavened
byelaw,byelaw
ow,ow
Diefenbaker,Diefenbaker
packages,packages
Leona,Leona
Sharp's,Sharp's
Grenadines's,Grenadines's
shelters,shelters
closefisted,closefisted
read's,read's
overloaded,overloaded
goon's,goon's
stamen's,stamen's
granted,granted
minibus's,minibus's
Percy's,Percy's
Lula,Lula
spigot,spigot
roomer's,roomer's
disenfranchisement's,disenfranchisement's
SLR,SLR
chastening,chastening
syllabication,syllabication
bluebird,bluebird
spoon's,spoon's
stepdads,stepdads
gloats,gloats
westerner's,westerner's
halibut,halibut
ashcan's,ashcan's
peeved,peeved
pitilessly,pitilessly
doorbell,doorbell
Adler,Adler
Heidi,Heidi
suspenseful,suspenseful
equivocate,equivocate
oboist,oboist
bandwagons,bandwagons
thingamajig's,thingamajig's
sugaring,sugaring
fiend's,fiend's
skateboarder's,skateboarder's
trespasser,trespasser
theatre,theatre
Liszt,Liszt
rasp,rasp
backlog,backlog
lollypop's,lollypop's
dark's,dark's
typesetting,typesetting
paraprofessional's,paraprofessional's
Falklands's,Falklands's
Cohan's,Cohan's
retrospection's,retrospection's
inure,inure
legwork's,legwork's
sexting,sexting
Parrish,Parrish
simmers,simmers
bootblack,bootblack
appliqués,appliqués
protocol's,protocol's
barbs,barbs
pigmy's,pigmy's
Florence,Florence
beep,beep
scapulae,scapulae
Radcliffe,Radcliffe
semaphored,semaphored
Rodney's,Rodney's
marjoram,marjoram
mountaineers,mountaineers
bobby,bobby
drenches,drenches
Valarie's,Valarie's
urge's,urge's
jettisoning,jettisoning
transfused,transfused
archbishops,archbishops
churn,churn
supervisions,supervisions
unpleasantly,unpleasantly
neutralizers,neutralizers
evacuates,evacuates
enforcers,enforcers
abstinence's,abstinence's
dioxin,dioxin
hatred,hatred
summations,summations
demagogy's,demagogy's
Chambersburg,Chambersburg
ukelele,ukelele
encounter,encounter
recourse,recourse
resupplied,resupplied
Sandra's,Sandra's
subsidizing,subsidizing
circuiting,circuiting
selectively,selectively
cloud's,cloud's
parasitic,parasitic
Hamilton,Hamilton
nurseryman,nurseryman
wombats,wombats
jeweler,jeweler
peasantry,peasantry
burgher,burgher
Shelby's,Shelby's
baroque,baroque
faradize,faradize
cod's,cod's
searchers,searchers
Templar's,Templar's
subnormal,subnormal
Hebert,Hebert
bloodsucker's,bloodsucker's
overhaul,overhaul
embellishments,embellishments
Kirchner's,Kirchner's
gullet's,gullet's
Kirinyaga's,Kirinyaga's
unworldly,unworldly
sealant's,sealant's
Graham,Graham
oilskin's,oilskin's
Latin's,Latin's
idly,idly
campsite,campsite
presaged,presaged
defoliants,defoliants
toggled,toggled
relation,relation
fruitiest,fruitiest
unchristian,unchristian
seediness's,seediness's
Mennonite's,Mennonite's
viciously,viciously
EEG,EEG
Netflix,Netflix
arrayed,arrayed
Gulfport,Gulfport
guessable,guessable
Lahore,Lahore
anesthetized,anesthetized
jabbered,jabbered
cub's,cub's
Eratosthenes,Eratosthenes
guttered,guttered
Syriac,Syriac
carver's,carver's
chuckling,chuckling
blackheads,blackheads
Abdul's,Abdul's
promoter's,promoter's
Lagos's,Lagos's
Aryan's,Aryan's
redcaps,redcaps
plowshares,plowshares
reactivation's,reactivation's
inoffensively,inoffensively
monograph's,monograph's
recommends,recommends
afterword,afterword
cosmopolitan's,cosmopolitan's
tarry,tarry
Jacksonian's,Jacksonian's
Mannheim,Mannheim
crystallographic,crystallographic
Manama,Manama
Annapolis,Annapolis
Eddy,Eddy
illustrating,illustrating
captures,captures
Robertson's,Robertson's
abstruseness's,abstruseness's
revamp,revamp
Mowgli,Mowgli
Faustino's,Faustino's
Elway's,Elway's
irradiation's,irradiation's
chandelier,chandelier
universe's,universe's
perplexity's,perplexity's
etymologies,etymologies
Philly's,Philly's
McCain's,McCain's
overstating,overstating
sodomites,sodomites
carelessness,carelessness
Hannah's,Hannah's
theoretic,theoretic
koan,koan
coziness's,coziness's
magician,magician
selfies,selfies
Landon,Landon
inhabiting,inhabiting
Adonis's,Adonis's
wimple's,wimple's
dermatitis,dermatitis
lefty,lefty
capillary's,capillary's
dollhouse,dollhouse
sarees,sarees
prong,prong
lowed,lowed
Webb's,Webb's
reload,reload
Ruchbah,Ruchbah
selvedge's,selvedge's
echoes,echoes
daydreams,daydreams
Thomism,Thomism
remittance's,remittance's
scripting,scripting
quill's,quill's
Menifee,Menifee
murders,murders
merchandising,merchandising
Bergen's,Bergen's
evenly,evenly
stockaded,stockaded
FDIC,FDIC
apricot,apricot
implacably,implacably
suctioned,suctioned
burring,burring
paprika's,paprika's
Guiana's,Guiana's
fiduciaries,fiduciaries
Atlanta,Atlanta
bars,bars
Eliza's,Eliza's
mnemonic's,mnemonic's
trueing,trueing
scrape's,scrape's
cedillas,cedillas
mode's,mode's
bluntly,bluntly
proprietaries,proprietaries
guillotine's,guillotine's
Wong's,Wong's
tinsmith,tinsmith
retried,retried
tablespoonful's,tablespoonful's
lushness's,lushness's
lifeworks,lifeworks
discontinue,discontinue
ordinal's,ordinal's
theorist's,theorist's
seething,seething
cardiologist,cardiologist
inn,inn
brownest,brownest
minus,minus
academy,academy
graze's,graze's
stripling's,stripling's
particularization,particularization
changeovers,changeovers
cycled,cycled
swig,swig
grange,grange
Wisconsinite,Wisconsinite
lubing,lubing
defeats,defeats
cutest,cutest
unpolluted,unpolluted
Tasmanian's,Tasmanian's
muscatels,muscatels
floss's,floss's
Wednesday's,Wednesday's
rug's,rug's
supplant,supplant
charring,charring
beryllium,beryllium
shorting,shorting
instructing,instructing
sullener,sullener
underage,underage
Kit,Kit
prevue,prevue
ulcerates,ulcerates
energetically,energetically
reinforce,reinforce
recreants,recreants
prizefights,prizefights
crinkle,crinkle
virology's,virology's
patsy,patsy
bandwagon's,bandwagon's
interruption's,interruption's
innards,innards
aerospace's,aerospace's
foot's,foot's
resister's,resister's
chainsawing,chainsawing
maturer,maturer
breakthrough,breakthrough
botany's,botany's
Jobs,Jobs
beet's,beet's
impossibilities,impossibilities
flavorless,flavorless
overburden,overburden
Aeneid,Aeneid
derrick,derrick
insomniacs,insomniacs
liquefaction,liquefaction
gaudily,gaudily
picture's,picture's
amanuensis's,amanuensis's
lieges,lieges
hackish,hackish
Indiana's,Indiana's
frankly,frankly
steamers,steamers
Whitney's,Whitney's
tattling,tattling
calendar's,calendar's
austerest,austerest
porters,porters
fractal,fractal
specifiable,specifiable
expositions,expositions
buts,buts
extending,extending
unfastened,unfastened
pun,pun
restructure,restructure
copycat's,copycat's
induce,induce
wage,wage
renamed,renamed
Cleveland's,Cleveland's
Montanans,Montanans
Copacabana's,Copacabana's
medicine's,medicine's
induction's,induction's
unselfishness's,unselfishness's
hurler,hurler
confidences,confidences
pacesetter,pacesetter
legionnaires,legionnaires
behaved,behaved
orioles,orioles
compressing,compressing
cockade's,cockade's
grovelers,grovelers
Orly,Orly
Yules,Yules
aromatherapy's,aromatherapy's
warded,warded
Helga,Helga
Argo,Argo
swabs,swabs
Glass's,Glass's
anytime,anytime
overpowers,overpowers
awoken,awoken
Whirlpool's,Whirlpool's
furlong,furlong
twitches,twitches
bleeping,bleeping
reprograming,reprograming
hexing,hexing
corrupt,corrupt
congressman's,congressman's
fiddlesticks,fiddlesticks
manliest,manliest
Ac's,Ac's
amethyst's,amethyst's
proselyting,proselyting
Gullah's,Gullah's
privilege's,privilege's
contusion's,contusion's
tittles,tittles
jeep,jeep
logbook's,logbook's
wherefore's,wherefore's
exclude,exclude
electroencephalogram's,electroencephalogram's
Capri,Capri
Thackeray's,Thackeray's
adulthood's,adulthood's
yowl's,yowl's
lexicons,lexicons
outflank,outflank
abridgments,abridgments
hightail,hightail
tintinnabulation's,tintinnabulation's
commentary's,commentary's
proportioned,proportioned
mocha,mocha
jeopardy's,jeopardy's
diet's,diet's
musts,musts
dinned,dinned
guild,guild
Hayworth,Hayworth
Pigmies,Pigmies
additive,additive
maundering,maundering
knacker,knacker
albacores,albacores
antacid,antacid
actor,actor
housewives,housewives
rife,rife
dreadlocks's,dreadlocks's
underling,underling
consonants,consonants
Kristie's,Kristie's
excellently,excellently
Congresses,Congresses
redoubt,redoubt
MySpace's,MySpace's
cinnamon's,cinnamon's
chimera's,chimera's
detoxification,detoxification
plywood's,plywood's
probabilities,probabilities
vehemence,vehemence
eyewitness,eyewitness
disdaining,disdaining
Ursuline's,Ursuline's
remarriages,remarriages
Citibank,Citibank
permitting,permitting
everyone's,everyone's
Mandalay's,Mandalay's
ethnological,ethnological
preterit's,preterit's
Apollo's,Apollo's
dialect,dialect
Kraft,Kraft
waylays,waylays
Cochise's,Cochise's
federate,federate
Jason,Jason
expressionism,expressionism
drollness,drollness
Wilberforce's,Wilberforce's
weightlifting's,weightlifting's
Ward,Ward
catalytic,catalytic
Celebes,Celebes
megalomaniacs,megalomaniacs
blasts,blasts
convulse,convulse
Herring,Herring
articulation,articulation
prickle's,prickle's
SRO,SRO
OR,OR
legatos,legatos
riveters,riveters
automatics,automatics
Purina's,Purina's
negating,negating
coke's,coke's
birdbath,birdbath
scintilla's,scintilla's
drummer's,drummer's
dingiest,dingiest
fretwork's,fretwork's
forestation's,forestation's
heckled,heckled
confederacy,confederacy
abides,abides
engorging,engorging
McNeil,McNeil
settlements,settlements
Maurois,Maurois
formula's,formula's
Ignatius's,Ignatius's
garters,garters
generalities,generalities
starching,starching
Bragg's,Bragg's
pickpocket,pickpocket
constituents,constituents
RV's,RV's
horsy,horsy
watertight,watertight
unconsciously,unconsciously
Facebook's,Facebook's
marquee,marquee
Turkey,Turkey
pawn,pawn
pickabacking,pickabacking
decked,decked
Cessna,Cessna
jive's,jive's
briefcase,briefcase
Dravidian,Dravidian
epiglottides,epiglottides
incisions,incisions
brooks,brooks
Shetlands's,Shetlands's
girlfriends,girlfriends
scrunchie's,scrunchie's
profuse,profuse
buffoons,buffoons
horsepower,horsepower
monologues,monologues
Shelly's,Shelly's
bozo,bozo
stuffiest,stuffiest
Sheba's,Sheba's
matriarch's,matriarch's
bisections,bisections
boozed,boozed
Ivan,Ivan
washbowls,washbowls
artwork,artwork
daily's,daily's
Janus's,Janus's
infantrymen,infantrymen
chug's,chug's
intellect's,intellect's
kestrel's,kestrel's
granddad's,granddad's
brigandage's,brigandage's
splotch,splotch
hibernates,hibernates
swellhead's,swellhead's
binging,binging
Dejesus,Dejesus
Joliet's,Joliet's
relativity's,relativity's
handwritten,handwritten
brawniness,brawniness
widowhood,widowhood
menstruation's,menstruation's
reentry,reentry
slag's,slag's
lowing,lowing
gybe,gybe
commotions,commotions
pragmatism's,pragmatism's
fortune's,fortune's
ham,ham
indelicately,indelicately
refuting,refuting
federal's,federal's
Refugio's,Refugio's
lipid,lipid
allergenic,allergenic
Avis,Avis
lecturer,lecturer
toots,toots
Adenauer,Adenauer
propensities,propensities
infernos,infernos
Red,Red
bandana's,bandana's
merriment's,merriment's
Coors,Coors
safaried,safaried
darlings,darlings
Snapple's,Snapple's
skimpiness,skimpiness
Unixes,Unixes
virology,virology
massacred,massacred
modals,modals
Kalmyk,Kalmyk
applicant,applicant
ungracious,ungracious
maraud,maraud
foresters,foresters
frequents,frequents
trashes,trashes
Albanian,Albanian
Caracalla's,Caracalla's
woolliness's,woolliness's
medians,medians
mainmast's,mainmast's
Hattiesburg's,Hattiesburg's
squalor's,squalor's
blazoned,blazoned
levered,levered
adornment's,adornment's
illicitly,illicitly
trimmings's,trimmings's
gestate,gestate
loner,loner
djinni's,djinni's
Pleistocene's,Pleistocene's
puncturing,puncturing
murk's,murk's
rumpled,rumpled
apathy's,apathy's
aplomb,aplomb
hails,hails
amoebae,amoebae
reappointed,reappointed
stanchion,stanchion
misstates,misstates
joists,joists
perfecter,perfecter
Daisy,Daisy
glyph,glyph
instrument's,instrument's
coroner's,coroner's
laundered,laundered
Izhevsk,Izhevsk
apartheid,apartheid
conciliatory,conciliatory
elision,elision
disliking,disliking
pinup,pinup
energize,energize
notations,notations
Tatar,Tatar
roach,roach
wigs,wigs
Williamsburg,Williamsburg
vagrants,vagrants
chalk's,chalk's
fission,fission
housecleans,housecleans
periodical's,periodical's
idol,idol
essence,essence
interrelating,interrelating
Kalb,Kalb
trussed,trussed
tie's,tie's
sprain's,sprain's
paradoxes,paradoxes
bellyache,bellyache
Pokémon,Pokémon
traceries,traceries
barrage's,barrage's
proletarian,proletarian
neuritis's,neuritis's
littlest,littlest
leafletted,leafletted
sandlot,sandlot
assents,assents
Persian's,Persian's
somberly,somberly
Sikhism,Sikhism
biggie,biggie
grubbed,grubbed
cockily,cockily
attire,attire
departmentalized,departmentalized
foolery's,foolery's
firetrap's,firetrap's
pulsar's,pulsar's
plodded,plodded
woofing,woofing
shopaholic,shopaholic
fist's,fist's
accrues,accrues
Russia's,Russia's
romanticizing,romanticizing
befell,befell
obj,obj
phlox's,phlox's
protozoan's,protozoan's
scalar,scalar
rosy,rosy
legislators,legislators
covert,covert
rejoins,rejoins
senator's,senator's
clomping,clomping
banshee,banshee
safflowers,safflowers
Majuro,Majuro
elitists,elitists
Pentecostal,Pentecostal
Aesop,Aesop
frogmen,frogmen
suppression's,suppression's
unveil,unveil
subject's,subject's
betrayal,betrayal
injures,injures
Duracell,Duracell
aphasics,aphasics
shrouded,shrouded
Alsatian's,Alsatian's
enthronements,enthronements
bootblacks,bootblacks
dispersion's,dispersion's
Uruguayans,Uruguayans
ligature's,ligature's
crocodiles,crocodiles
psychologists,psychologists
guy,guy
cascade,cascade
Sosa,Sosa
Procrustes's,Procrustes's
cheerfulness's,cheerfulness's
Lima,Lima
tat,tat
rashes,rashes
lifeguard's,lifeguard's
Barbara,Barbara
whiten,whiten
Serbia,Serbia
valuation,valuation
slugs,slugs
merrymaker,merrymaker
tarnished,tarnished
Hitler,Hitler
subornation's,subornation's
tearjerker,tearjerker
solicitor,solicitor
northerner's,northerner's
descendant's,descendant's
logistics,logistics
tared,tared
Shelley's,Shelley's
referential,referential
lii,lii
obsolescence's,obsolescence's
factory's,factory's
Hanoi,Hanoi
wit's,wit's
contagion,contagion
lasagne's,lasagne's
Aurangzeb's,Aurangzeb's
vocalization,vocalization
duckling's,duckling's
compatriot's,compatriot's
john's,john's
throat's,throat's
Theocritus,Theocritus
Kristin,Kristin
chutney's,chutney's
tomato's,tomato's
stopgaps,stopgaps
shoon,shoon
sniggering,sniggering
truthiness,truthiness
Morrow,Morrow
Changchun's,Changchun's
weatherman's,weatherman's
Lucite's,Lucite's
rapidest,rapidest
propagandizes,propagandizes
burrs,burrs
cope's,cope's
sambaing,sambaing
thermodynamics's,thermodynamics's
wipers,wipers
doggonedest,doggonedest
robe,robe
Qom,Qom
woodcraft,woodcraft
indispensably,indispensably
legit,legit
outsides,outsides
mg,mg
bulletining,bulletining
vortices,vortices
resort's,resort's
brisks,brisks
auspiciously,auspiciously
ramifications,ramifications
mothball's,mothball's
flee,flee
Saturday,Saturday
cudgeling,cudgeling
Ana,Ana
Coriolanus,Coriolanus
disabilities,disabilities
Periclean,Periclean
hyphenate's,hyphenate's
predilection's,predilection's
caterpillar,caterpillar
blinks,blinks
Shavuot,Shavuot
usefulness's,usefulness's
beater's,beater's
mottos,mottos
dallies,dallies
clinics,clinics
plead,plead
empathizes,empathizes
Hellespont,Hellespont
sulfates,sulfates
juicily,juicily
pantheon,pantheon
industrialize,industrialize
quadriplegia,quadriplegia
regulator's,regulator's
straightening,straightening
centurions,centurions
counterbalanced,counterbalanced
egoist,egoist
embroidered,embroidered
Morison,Morison
pictorials,pictorials
pours,pours
decolonize,decolonize
contusion,contusion
huntresses,huntresses
diminuendo's,diminuendo's
bozos,bozos
Yugoslavian,Yugoslavian
disquisition,disquisition
photogenic,photogenic
outshines,outshines
breakwater,breakwater
Binghamton,Binghamton
lawsuits,lawsuits
immigrated,immigrated
toolbar's,toolbar's
bookkeepers,bookkeepers
Nestorius,Nestorius
swankier,swankier
milf's,milf's
focusses,focusses
Holman's,Holman's
vermin,vermin
entrapped,entrapped
fixings,fixings
schlepp,schlepp
Reynaldo,Reynaldo
tarnishing,tarnishing
Psalter's,Psalter's
Hessian's,Hessian's
reel's,reel's
Alderamin's,Alderamin's
nanobot,nanobot
counteracting,counteracting
constricts,constricts
holiness's,holiness's
gusset,gusset
passivity's,passivity's
readjusts,readjusts
Aron,Aron
seismology's,seismology's
respites,respites
preponderances,preponderances
pythons,pythons
unfilled,unfilled
deciphers,deciphers
unisex,unisex
Lara's,Lara's
armchair,armchair
translation's,translation's
Livingstone's,Livingstone's
colloquy's,colloquy's
incriminatory,incriminatory
palliation,palliation
patrolling,patrolling
abusive,abusive
Christendoms,Christendoms
regurgitation,regurgitation
ambivalent,ambivalent
ostensibly,ostensibly
repairs,repairs
electrocute,electrocute
sables,sables
sesame's,sesame's
abhorred,abhorred
telekinesis,telekinesis
reduced,reduced
possesses,possesses
snaffled,snaffled
mayflowers,mayflowers
bivouac,bivouac
fugues,fugues
borough's,borough's
Giotto,Giotto
Becker's,Becker's
enigmatically,enigmatically
astonishment's,astonishment's
worrywart,worrywart
Jules's,Jules's
Faeroe,Faeroe
Rivera,Rivera
Shavian,Shavian
beefsteak,beefsteak
recombination,recombination
sellouts,sellouts
oculars,oculars
eloquently,eloquently
bucksaws,bucksaws
proffer's,proffer's
axiom's,axiom's
nethermost,nethermost
insinuation's,insinuation's
responded,responded
blazon's,blazon's
gumbo's,gumbo's
combustion's,combustion's
squids,squids
installed,installed
Russian's,Russian's
trapdoor's,trapdoor's
environmental,environmental
longhorn's,longhorn's
diocesan,diocesan
Paramount's,Paramount's
Ramada,Ramada
ferocity's,ferocity's
unplugging,unplugging
turnovers,turnovers
busyness,busyness
Reyes,Reyes
moorings,moorings
caverns,caverns
Richelieu's,Richelieu's
instalment's,instalment's
croupiest,croupiest
Milosevic,Milosevic
encumber,encumber
hanged,hanged
Tomsk's,Tomsk's
insinuations,insinuations
clitoral,clitoral
accompanists,accompanists
testate,testate
headiest,headiest
canniness's,canniness's
Simone's,Simone's
Frank,Frank
bashing,bashing
juniper,juniper
monstrosities,monstrosities
Ukrainians,Ukrainians
bubbliest,bubbliest
synapse,synapse
specially,specially
Wolfgang's,Wolfgang's
mocker's,mocker's
clavichords,clavichords
Frontenac,Frontenac
tympana,tympana
bacchanals,bacchanals
peerless,peerless
loaded,loaded
sensationalist,sensationalist
wombs,wombs
Bond's,Bond's
feats,feats
tawdriest,tawdriest
kronor,kronor
Kodiak's,Kodiak's
shocks,shocks
fastnesses,fastnesses
trailblazer's,trailblazer's
Nicobar's,Nicobar's
Churchill's,Churchill's
Hettie's,Hettie's
Madden,Madden
neurotics,neurotics
Fauntleroy's,Fauntleroy's
glueing,glueing
imagined,imagined
jujubes,jujubes
nominee's,nominee's
pterodactyl's,pterodactyl's
Eltanin's,Eltanin's
aversion,aversion
smoothness's,smoothness's
fossilizes,fossilizes
hipper,hipper
fishy,fishy
summered,summered
pluckiness,pluckiness
titmouse's,titmouse's
physiological,physiological
caroming,caroming
profitably,profitably
associations,associations
uncleanly,uncleanly
soups,soups
billy's,billy's
incubate,incubate
Cesarean's,Cesarean's
Arkwright,Arkwright
radium's,radium's
dipsomaniac's,dipsomaniac's
caroller's,caroller's
Cody,Cody
Krakow,Krakow
moderate's,moderate's
daub,daub
incursion,incursion
steel's,steel's
beginning's,beginning's
nine's,nine's
sizes,sizes
interrogated,interrogated
Regulus's,Regulus's
interchanged,interchanged
exhausting,exhausting
casseroling,casseroling
cummerbund,cummerbund
minds,minds
unbuttoning,unbuttoning
cozens,cozens
disgraced,disgraced
bewitches,bewitches
inference's,inference's
flatterers,flatterers
patronized,patronized
awed,awed
tormentor's,tormentor's
episcopacy,episcopacy
forewords,forewords
dapperer,dapperer
prominence's,prominence's
firebombing,firebombing
unscrupulousness's,unscrupulousness's
alternation,alternation
Borlaug,Borlaug
Shackleton,Shackleton
reproachfully,reproachfully
thinner,thinner
aggrieving,aggrieving
pretense's,pretense's
DD,DD
brooked,brooked
frieze,frieze
sootiest,sootiest
Aspidiske's,Aspidiske's
luckiness's,luckiness's
supernova,supernova
Clemson,Clemson
citadel,citadel
angiosperms,angiosperms
sleepwalker,sleepwalker
isometrics,isometrics
angling's,angling's
sunflowers,sunflowers
liturgy's,liturgy's
phantom's,phantom's
Claudia,Claudia
shamrocks,shamrocks
flinch,flinch
illegalities,illegalities
exasperating,exasperating
raffia,raffia
Samuelson,Samuelson
swellhead,swellhead
vanilla's,vanilla's
raunchier,raunchier
oversensitive,oversensitive
commemoration,commemoration
glades,glades
vanishing,vanishing
lightweight,lightweight
clarioned,clarioned
circuited,circuited
Ghanian's,Ghanian's
Pygmalion,Pygmalion
viola,viola
showier,showier
birded,birded
Honda,Honda
brow's,brow's
splotched,splotched
Dennis's,Dennis's
Simpson,Simpson
legible,legible
impregnation,impregnation
embarrassingly,embarrassingly
stepladders,stepladders
oversimplifications,oversimplifications
paraphrase's,paraphrase's
Kahului's,Kahului's
defoggers,defoggers
minimum's,minimum's
Bactria,Bactria
hairsbreadth's,hairsbreadth's
humps,humps
skewered,skewered
onslaught,onslaught
allocations,allocations
CST,CST
Vegemite's,Vegemite's
ficklest,ficklest
waterpower's,waterpower's
coward,coward
frontages,frontages
knobby,knobby
celestas,celestas
okra's,okra's
tailcoat,tailcoat
fondled,fondled
wrings,wrings
Sulawesi,Sulawesi
gads,gads
spiritualist's,spiritualist's
refineries,refineries
desires,desires
Pike's,Pike's
Tania,Tania
realest,realest
sharpshooter's,sharpshooter's
Sharon,Sharon
expedite,expedite
stoops,stoops
accurateness's,accurateness's
windstorm,windstorm
windsurf,windsurf
parades,parades
science's,science's
Seconal's,Seconal's
transponder's,transponder's
snorkelled,snorkelled
Ahmad,Ahmad
dip,dip
moonlights,moonlights
fridge's,fridge's
buggiest,buggiest
hallucinated,hallucinated
frilliest,frilliest
hairdresser's,hairdresser's
manna,manna
VLF,VLF
iterative,iterative
Winters,Winters
lament's,lament's
tombed,tombed
Sampson,Sampson
signalizes,signalizes
iPad,iPad
Isolde,Isolde
bract's,bract's
cantatas,cantatas
Wilcox,Wilcox
obsequiously,obsequiously
woodwork's,woodwork's
drafts,drafts
Oahu's,Oahu's
ideologies,ideologies
engrossed,engrossed
cheroots,cheroots
miniaturized,miniaturized
Assisi,Assisi
Hobbs's,Hobbs's
horsefly's,horsefly's
NSA,NSA
Kansan's,Kansan's
homonym,homonym
flattery,flattery
overage,overage
fogy's,fogy's
babbles,babbles
proprietary's,proprietary's
nightclubbed,nightclubbed
Edwardian's,Edwardian's
tyro,tyro
exploiting,exploiting
Volstead's,Volstead's
oscilloscope's,oscilloscope's
Cavendish's,Cavendish's
turgidity,turgidity
spectroscopic,spectroscopic
exasperation's,exasperation's
possible's,possible's
Harlingen,Harlingen
copes,copes
con's,con's
propellent,propellent
rook,rook
trouble's,trouble's
messing,messing
geopolitical,geopolitical
lamebrain's,lamebrain's
repression,repression
aspirating,aspirating
touts,touts
Mercia,Mercia
hypothesis,hypothesis
ferrule,ferrule
appliance's,appliance's
Wesak,Wesak
lallygag,lallygag
shabbily,shabbily
Eakins,Eakins
peddler's,peddler's
Starr,Starr
flinching,flinching
professionalism,professionalism
contractors,contractors
nineteen's,nineteen's
yuks,yuks
rowers,rowers
refashioned,refashioned
tiller,tiller
rages,rages
dynamos,dynamos
irritants,irritants
hooky's,hooky's
sunup's,sunup's
atrium,atrium
Mahdi,Mahdi
Arkansan,Arkansan
clashes,clashes
Yakut,Yakut
invoice's,invoice's
MIPS,MIPS
Blockbuster,Blockbuster
exuberance,exuberance
occasioned,occasioned
snigger's,snigger's
virgin's,virgin's
Mira,Mira
limpest,limpest
madhouse's,madhouse's
Khomeini,Khomeini
scepters,scepters
sandpapering,sandpapering
vociferation's,vociferation's
Teflon's,Teflon's
crowdfunding,crowdfunding
belfries,belfries
dormer's,dormer's
fedora's,fedora's
steam's,steam's
William's,William's
cleanups,cleanups
deforests,deforests
Persians,Persians
superstition,superstition
tuber's,tuber's
burnt,burnt
fools,fools
sculpts,sculpts
stardom,stardom
grammatically,grammatically
vulva,vulva
Miles,Miles
eternities,eternities
Thermos,Thermos
Rossetti,Rossetti
hottest,hottest
cad,cad
Arcadian,Arcadian
caramel's,caramel's
nosedived,nosedived
systematizing,systematizing
berate,berate
butternuts,butternuts
gusting,gusting
sculpt,sculpt
catacomb,catacomb
Caucasoid,Caucasoid
sperms,sperms
Bolivia's,Bolivia's
cant,cant
varlet's,varlet's
Kailua's,Kailua's
aspect's,aspect's
buzzkill,buzzkill
starkly,starkly
sparsity,sparsity
stockrooms,stockrooms
population's,population's
wholesaler's,wholesaler's
infliction,infliction
penalized,penalized
mousier,mousier
slags,slags
coagulated,coagulated
babysat,babysat
Va's,Va's
unprivileged,unprivileged
asphyxiating,asphyxiating
liquefying,liquefying
Narmada,Narmada
notional,notional
coquettes,coquettes
etchers,etchers
seesaws,seesaws
skulked,skulked
escort,escort
negates,negates
navels,navels
Eugene's,Eugene's
confine's,confine's
Beefaroni,Beefaroni
linker,linker
Goodall's,Goodall's
farmhouse's,farmhouse's
growls,growls
kneecap's,kneecap's
cozened,cozened
generosities,generosities
gloaming's,gloaming's
Agamemnon's,Agamemnon's
gynecology's,gynecology's
Napoleon,Napoleon
Guangzhou's,Guangzhou's
casks,casks
snobbery,snobbery
xi,xi
quadriplegics,quadriplegics
defected,defected
chancellery,chancellery
discriminatory,discriminatory
soaked,soaked
scantily,scantily
excluded,excluded
discontinuations,discontinuations
archaeology's,archaeology's
Preminger,Preminger
computerize,computerize
caterpillars,caterpillars
stagnate,stagnate
surprisings,surprisings
Ampere,Ampere
bumblebee's,bumblebee's
Aries's,Aries's
poultice,poultice
Huerta's,Huerta's
slithered,slithered
tented,tented
cheesecake's,cheesecake's
Persia's,Persia's
spline,spline
economizes,economizes
debacle's,debacle's
Chisinau,Chisinau
regulates,regulates
emerge,emerge
Sacramento's,Sacramento's
redress,redress
Pekineses,Pekineses
Cyclops's,Cyclops's
skimps,skimps
sanitizing,sanitizing
polisher,polisher
apprenticing,apprenticing
pieced,pieced
searing,searing
conjunctivitis's,conjunctivitis's
detests,detests
umpteenth,umpteenth
Frye's,Frye's
sexist's,sexist's
movie's,movie's
vacuuming,vacuuming
mariachi,mariachi
whorls,whorls
pseudo,pseudo
growth's,growth's
inexperience,inexperience
guppies,guppies
DPs,DPs
heuristic's,heuristic's
gorps,gorps
deepened,deepened
fervency's,fervency's
coronaviruses,coronaviruses
bandoliers,bandoliers
presuppose,presuppose
gayly,gayly
autocrats,autocrats
blade's,blade's
Ganymede,Ganymede
squalled,squalled
activities,activities
economized,economized
ruddiness,ruddiness
obsequy's,obsequy's
cabby's,cabby's
plants,plants
hedgerow,hedgerow
undisguised,undisguised
obscured,obscured
Webb,Webb
stealthier,stealthier
Athabasca's,Athabasca's
glumness,glumness
nagging,nagging
relives,relives
pittance,pittance
turbulently,turbulently
Rb,Rb
shocker,shocker
reset's,reset's
bluntness's,bluntness's
variances,variances
simulcasting,simulcasting
Julliard's,Julliard's
bankruptcies,bankruptcies
endears,endears
migratory,migratory
glamourous,glamourous
Fed,Fed
prods,prods
quote's,quote's
obstructively,obstructively
mooch's,mooch's
bathmats,bathmats
design's,design's
Lea,Lea
quipping,quipping
Clara,Clara
rapidity's,rapidity's
dejecting,dejecting
forgiveness's,forgiveness's
Viennese's,Viennese's
carcass,carcass
discos,discos
workaholic,workaholic
prattled,prattled
discourse,discourse
inures,inures
homie's,homie's
clinched,clinched
fattened,fattened
homeowners,homeowners
Grotius,Grotius
Guyanese's,Guyanese's
beltways,beltways
extroversion,extroversion
profession's,profession's
sonnet,sonnet
SAT,SAT
joyrode,joyrode
Mitzi's,Mitzi's
Lompoc's,Lompoc's
bitmap,bitmap
justly,justly
Yukon,Yukon
Keewatin,Keewatin
Aludra's,Aludra's
cameraman's,cameraman's
tunelessly,tunelessly
umpire,umpire
variants,variants
jugs,jugs
Lillian's,Lillian's
loathings,loathings
blackbird,blackbird
Delilah's,Delilah's
banshee's,banshee's
metastasize,metastasize
tipsier,tipsier
cahoot's,cahoot's
vacancies,vacancies
chiaroscuro,chiaroscuro
pollywog,pollywog
elbowroom,elbowroom
Oedipal,Oedipal
fanny,fanny
Walloon's,Walloon's
hiccoughing,hiccoughing
warrantying,warrantying
sciatica,sciatica
acknowledgements,acknowledgements
Janissary,Janissary
infests,infests
desperados,desperados
kookaburras,kookaburras
complainer,complainer
anchor,anchor
traipsed,traipsed
drearier,drearier
Oceania's,Oceania's
Tucker,Tucker
gamines,gamines
undistinguished,undistinguished
interlude,interlude
Rojas's,Rojas's
Tarkenton,Tarkenton
resounds,resounds
republishes,republishes
feudalism's,feudalism's
volcano,volcano
washstands,washstands
grassier,grassier
polygamists,polygamists
Vijayawada,Vijayawada
resembled,resembled
boatswain's,boatswain's
bedtime,bedtime
grossest,grossest
extremer,extremer
Kilimanjaro's,Kilimanjaro's
crosier,crosier
muddying,muddying
microcode,microcode
Vitim,Vitim
Gross,Gross
excel,excel
hometown's,hometown's
horizontal's,horizontal's
freshman,freshman
bedspread's,bedspread's
swimmer,swimmer
interruptions,interruptions
stipulate,stipulate
Pound,Pound
Upton's,Upton's
abscond,abscond
windstorms,windstorms
inviolable,inviolable
vengeful,vengeful
soviets,soviets
anthology's,anthology's
Piaget,Piaget
whodunnit,whodunnit
dismantled,dismantled
decibel,decibel
multiplexor's,multiplexor's
homeless,homeless
finalized,finalized
handcars,handcars
Lenoir,Lenoir
chipper's,chipper's
frumpier,frumpier
buggers,buggers
Alabama,Alabama
chiefly,chiefly
slug's,slug's
flowcharts,flowcharts
alluvial,alluvial
paneled,paneled
fatherlands,fatherlands
acne's,acne's
interposes,interposes
macros,macros
underact,underact
Perrier,Perrier
perennials,perennials
staidest,staidest
pronged,pronged
gum's,gum's
rhetoricians,rhetoricians
scarlet's,scarlet's
talismans,talismans
billionths,billionths
symbolic,symbolic
judgement's,judgement's
Asturias,Asturias
ghostwriting,ghostwriting
capitalizes,capitalizes
depressives,depressives
Selena's,Selena's
denunciation,denunciation
wild's,wild's
Gounod's,Gounod's
rehashed,rehashed
cupidity's,cupidity's
spook,spook
flashgun's,flashgun's
Shane's,Shane's
miscellany,miscellany
shamrock's,shamrock's
Hooker,Hooker
enliven,enliven
Chicago,Chicago
slayers,slayers
Marxist's,Marxist's
spindled,spindled
inertness,inertness
caregiver's,caregiver's
Sephardi's,Sephardi's
fencing's,fencing's
Alfreda's,Alfreda's
Alighieri,Alighieri
affidavits,affidavits
racketeering,racketeering
interfering,interfering
respect's,respect's
Uniontown's,Uniontown's
Chechnya's,Chechnya's
Bird's,Bird's
ambassadorships,ambassadorships
unacceptable,unacceptable
eventfulness's,eventfulness's
abating,abating
tenderest,tenderest
cheers,cheers
choppered,choppered
KFC's,KFC's
scoutmaster's,scoutmaster's
befriends,befriends
Mentholatum's,Mentholatum's
fratricide,fratricide
Afghanistan's,Afghanistan's
obsessing,obsessing
regime's,regime's
charbroiling,charbroiling
Lucille,Lucille
transubstantiation,transubstantiation
divines,divines
Moriarty,Moriarty
absolving,absolving
bedraggle,bedraggle
droll,droll
circumference's,circumference's
steadfastness,steadfastness
Reebok,Reebok
effrontery,effrontery
dreadfully,dreadfully
Brady,Brady
flashbacks,flashbacks
allegiance's,allegiance's
Dorian,Dorian
coincides,coincides
plushier,plushier
equivalents,equivalents
knottiest,knottiest
Dec's,Dec's
ideograph's,ideograph's
baobab,baobab
worthily,worthily
Gantry's,Gantry's
sides,sides
Johanna,Johanna
firms,firms
Uranus's,Uranus's
overestimates,overestimates
gridiron,gridiron
dignifies,dignifies
populate,populate
Barack's,Barack's
marshal,marshal
disclaimed,disclaimed
impossibly,impossibly
filliped,filliped
quibbler,quibbler
USSR's,USSR's
moped's,moped's
fighter,fighter
atom,atom
diffing,diffing
pedometer,pedometer
Gregory,Gregory
briefcases,briefcases
apostle's,apostle's
sadistic,sadistic
devious,devious
inventive,inventive
berates,berates
numismatic,numismatic
potassium,potassium
Vineland's,Vineland's
pimple,pimple
Thracian's,Thracian's
gravitation's,gravitation's
smith,smith
innuendo,innuendo
guidance's,guidance's
mortifies,mortifies
pistons,pistons
dovetails,dovetails
countrywoman's,countrywoman's
Bono,Bono
Brazilian,Brazilian
tzars,tzars
pike's,pike's
regressed,regressed
Jamaican's,Jamaican's
sputter's,sputter's
videocassette's,videocassette's
opaqueness's,opaqueness's
dramatist's,dramatist's
longitude,longitude
Yahweh's,Yahweh's
invitational's,invitational's
Fairbanks,Fairbanks
perishables,perishables
Marsala,Marsala
submersibles,submersibles
Homer's,Homer's
galling,galling
saltine,saltine
unhooks,unhooks
deleveraging,deleveraging
fixative,fixative
prospers,prospers
diva's,diva's
renegade's,renegade's
adultery's,adultery's
pirouettes,pirouettes
Deon's,Deon's
checkmate's,checkmate's
bedevilled,bedevilled
smartens,smartens
oinked,oinked
Carmela's,Carmela's
audios,audios
valet's,valet's
prunes,prunes
Edwin's,Edwin's
grogginess,grogginess
goddaughter's,goddaughter's
Florida,Florida
footrest's,footrest's
cannibalism's,cannibalism's
weathered,weathered
executrices,executrices
lexica,lexica
salesperson,salesperson
spectacular,spectacular
Nikkei's,Nikkei's
vesper,vesper
infinity,infinity
jubilation,jubilation
roomer,roomer
collisions,collisions
tracheotomies,tracheotomies
unattended,unattended
leftie's,leftie's
lard,lard
sorting,sorting
diplomacy,diplomacy
aspic,aspic
midair's,midair's
scan's,scan's
dents,dents
breadwinner,breadwinner
downbeats,downbeats
endorsed,endorsed
snifters,snifters
Stein,Stein
constancy's,constancy's
RayBan's,RayBan's
Olive's,Olive's
Canute's,Canute's
Wikileaks,Wikileaks
Michel,Michel
eatery,eatery
Hinayana,Hinayana
shandy,shandy
Cain's,Cain's
overachieves,overachieves
Mexican,Mexican
maize's,maize's
Fielding,Fielding
jag's,jag's
firearm's,firearm's
Hogarth,Hogarth
heels,heels
compress's,compress's
conk's,conk's
dispossesses,dispossesses
larynxes,larynxes
disassemble,disassemble
bearers,bearers
loyalties,loyalties
unwillingness's,unwillingness's
flytrap,flytrap
canonized,canonized
cageyness's,cageyness's
Salvadorans,Salvadorans
funerals,funerals
shredder's,shredder's
cortical,cortical
dickers,dickers
racetracks,racetracks
japed,japed
Labrador,Labrador
dizzies,dizzies
lowliness's,lowliness's
junction's,junction's
Beulah's,Beulah's
scuffling,scuffling
nite,nite
usherettes,usherettes
beefburger,beefburger
expostulated,expostulated
jeopardizing,jeopardizing
neurologists,neurologists
boycotts,boycotts
verbal's,verbal's
lurked,lurked
strap's,strap's
Allegra's,Allegra's
messiahs,messiahs
healthfulness,healthfulness
waistcoats,waistcoats
heartlessness's,heartlessness's
meddler's,meddler's
condemns,condemns
extractor,extractor
institutionalizes,institutionalizes
icebound,icebound
firmly,firmly
statuary,statuary
devotee,devotee
crossways,crossways
gynecology,gynecology
florist's,florist's
due's,due's
galleon's,galleon's
noiselessness's,noiselessness's
deeded,deeded
entrapment,entrapment
honied,honied
fleetingly,fleetingly
adagio's,adagio's
Slater's,Slater's
unloved,unloved
Mauro,Mauro
divinity,divinity
waggle's,waggle's
stringency's,stringency's
syndrome,syndrome
thwarts,thwarts
hollered,hollered
founds,founds
indigestion's,indigestion's
McVeigh,McVeigh
Klan,Klan
nominative's,nominative's
sprained,sprained
Hanson,Hanson
jocularly,jocularly
kayak's,kayak's
greenback's,greenback's
impartial,impartial
pear's,pear's
overthinking,overthinking
Panmunjom,Panmunjom
Mohammedanism,Mohammedanism
chattiest,chattiest
forefather's,forefather's
precipitation's,precipitation's
salable,salable
Brianna's,Brianna's
Fuji's,Fuji's
obloquy,obloquy
annex,annex
gender's,gender's
offbeats,offbeats
ideogram's,ideogram's
Kate,Kate
pelves,pelves
Balder's,Balder's
spacewalking,spacewalking
perfectionist's,perfectionist's
rococo's,rococo's
amputate,amputate
hazmat,hazmat
Fields's,Fields's
actress's,actress's
classmate's,classmate's
vicuñas,vicuñas
foggier,foggier
rapid's,rapid's
unruliness,unruliness
bullring's,bullring's
Sarajevo's,Sarajevo's
Lehman's,Lehman's
cheekiest,cheekiest
Cromwell's,Cromwell's
canaries,canaries
adjourns,adjourns
glitziest,glitziest
Leger's,Leger's
petticoat,petticoat
brownouts,brownouts
notables,notables
Hallstatt,Hallstatt
franked,franked
relented,relented
ruinously,ruinously
cambric's,cambric's
steeplechase's,steeplechase's
unwitting,unwitting
berth's,berth's
gneiss's,gneiss's
NJ,NJ
concentrically,concentrically
winks,winks
straddles,straddles
genetic,genetic
Pasco,Pasco
Semtex's,Semtex's
baas,baas
proscenia,proscenia
Katowice,Katowice
broadcaster,broadcaster
Beatrix,Beatrix
shipwreck,shipwreck
repudiating,repudiating
inseparably,inseparably
indecency,indecency
lightweight's,lightweight's
doodler's,doodler's
aspiration's,aspiration's
foraged,foraged
Blacksburg,Blacksburg
chimpanzee's,chimpanzee's
grid,grid
fame's,fame's
chartreuse's,chartreuse's
xx,xx
tollbooths,tollbooths
seraph's,seraph's
mange's,mange's
parcel's,parcel's
joins,joins
NASCAR's,NASCAR's
nonevent's,nonevent's
frown,frown
Ger,Ger
confiscated,confiscated
euphemism,euphemism
militarists,militarists
crankiest,crankiest
keystone,keystone
Armenian's,Armenian's
slaw,slaw
Berwick's,Berwick's
diminishes,diminishes
reeking,reeking
mistyping,mistyping
Onsager,Onsager
dignities,dignities
invariable's,invariable's
temperance,temperance
Alsace's,Alsace's
stultification,stultification
afternoon's,afternoon's
boleros,boleros
enhanced,enhanced
Walgreens's,Walgreens's
cognomen's,cognomen's
prevents,prevents
inseminating,inseminating
pad,pad
fractional,fractional
Farmington's,Farmington's
prepossessing,prepossessing
loathsomeness's,loathsomeness's
unburdened,unburdened
crisscross's,crisscross's
backboard,backboard
manservant,manservant
Olympic's,Olympic's
Quinton's,Quinton's
nightfall's,nightfall's
tirelessly,tirelessly
Lisbon,Lisbon
hairbreadths,hairbreadths
poser's,poser's
Iqaluit's,Iqaluit's
shiitake,shiitake
balloon's,balloon's
gazebo,gazebo
Sinclair,Sinclair
tersely,tersely
skid,skid
Ferris's,Ferris's
Kitchener's,Kitchener's
replica's,replica's
Bolshevist's,Bolshevist's
idler's,idler's
angrily,angrily
enamels,enamels
ham's,ham's
hashtag,hashtag
Iblis,Iblis
Saigon's,Saigon's
widths,widths
storming,storming
Toltec's,Toltec's
baggage's,baggage's
synapses,synapses
visor's,visor's
ladled,ladled
biplane,biplane
frivolous,frivolous
Hell's,Hell's
Tuvalu's,Tuvalu's
inhaled,inhaled
waistband's,waistband's
Volgograd's,Volgograd's
Annmarie,Annmarie
lugging,lugging
aweigh,aweigh
trolly's,trolly's
font's,font's
wooer's,wooer's
mummy,mummy
Heath's,Heath's
Ray's,Ray's
riddles,riddles
superpower,superpower
Voronezh's,Voronezh's
motto's,motto's
elasticity's,elasticity's
pickaxing,pickaxing
intimating,intimating
knife's,knife's
terminator,terminator
Schoenberg's,Schoenberg's
cilia,cilia
intentness,intentness
yardage,yardage
mayhem's,mayhem's
rosebud's,rosebud's
hungriest,hungriest
subsection,subsection
imperial,imperial
cringed,cringed
totalitarianism's,totalitarianism's
perennially,perennially
exposition's,exposition's
senility,senility
bleached,bleached
gremlin,gremlin
lade,lade
fleece,fleece
florid,florid
Jacob,Jacob
sickens,sickens
Baal,Baal
soaped,soaped
Tancred's,Tancred's
mister,mister
trucks,trucks
crueller,crueller
bumpy,bumpy
catty,catty
runnel's,runnel's
McQueen's,McQueen's
Magdalena,Magdalena
carrels,carrels
ingenuously,ingenuously
discourteous,discourteous
Baath,Baath
fascination,fascination
graying,graying
rendition's,rendition's
screenplay's,screenplay's
seizing,seizing
Peshawar,Peshawar
nonresident's,nonresident's
phrasing's,phrasing's
painter's,painter's
greasiness,greasiness
fabricated,fabricated
sepals,sepals
defaulter's,defaulter's
ambrosia's,ambrosia's
stolidest,stolidest
splendidest,splendidest
decongestants,decongestants
sward,sward
Cuban,Cuban
lilts,lilts
copilot,copilot
reappearing,reappearing
aneurism's,aneurism's
Managua,Managua
aloofness,aloofness
Goering's,Goering's
atomizer,atomizer
Eastern,Eastern
embodying,embodying
traders,traders
topical,topical
pigeonhole's,pigeonhole's
sprayer's,sprayer's
rashness's,rashness's
simplistic,simplistic
ploughshare's,ploughshare's
tithe's,tithe's
teeniest,teeniest
Galloway,Galloway
philanderers,philanderers
derrières,derrières
frizzle,frizzle
synthetic's,synthetic's
thinness,thinness
sawhorse's,sawhorse's
heartbroken,heartbroken
Galatea's,Galatea's
Godzilla's,Godzilla's
sabre's,sabre's
barbell,barbell
Aztecs,Aztecs
gatherer,gatherer
Hilbert's,Hilbert's
runaway's,runaway's
immutability,immutability
K,K
lovebirds,lovebirds
troubleshooted,troubleshooted
Cyrillic,Cyrillic
liens,liens
ransacks,ransacks
ballsiest,ballsiest
decontaminating,decontaminating
halleluiahs,halleluiahs
Xenakis's,Xenakis's
philosophizes,philosophizes
peek,peek
shad,shad
misjudgement's,misjudgement's
hereof,hereof
airsickness's,airsickness's
violists,violists
robocall's,robocall's
persona,persona
Bogart,Bogart
Macintosh,Macintosh
refinish,refinish
miniaturization's,miniaturization's
chairwomen,chairwomen
laxer,laxer
cooky's,cooky's
doldrums's,doldrums's
napkin,napkin
trio's,trio's
lasagnes,lasagnes
bacteriologist's,bacteriologist's
Springfield's,Springfield's
Americanization,Americanization
witting,witting
identifying,identifying
mockingbird,mockingbird
Clair,Clair
weirdly,weirdly
separatist's,separatist's
cicada's,cicada's
desperation,desperation
Cunningham's,Cunningham's
Göteborg,Göteborg
foppish,foppish
Gaborone,Gaborone
resource's,resource's
adenoidal,adenoidal
girdling,girdling
stability's,stability's
Browning's,Browning's
Tweed,Tweed
spoofing,spoofing
muddling,muddling
libretti,libretti
pulpiest,pulpiest
cord's,cord's
crook's,crook's
Garner,Garner
Menominee,Menominee
whitings,whitings
Enron,Enron
Catskills's,Catskills's
Tampax's,Tampax's
irresolutely,irresolutely
Townsend's,Townsend's
Bronson's,Bronson's
jotting,jotting
Mallarmé's,Mallarmé's
ennui,ennui
horsehair's,horsehair's
Lana's,Lana's
uvulae,uvulae
patrolman,patrolman
Capitol's,Capitol's
elemental,elemental
mess's,mess's
Rockies,Rockies
sleekly,sleekly
sealant,sealant
Flo's,Flo's
bumpkin's,bumpkin's
Tippecanoe,Tippecanoe
Penney's,Penney's
subjugating,subjugating
meditatively,meditatively
briar's,briar's
casual's,casual's
Pomona's,Pomona's
amputation's,amputation's
cowling,cowling
coexists,coexists
scrambles,scrambles
correlated,correlated
aseptic,aseptic
Clark's,Clark's
hilariously,hilariously
sibilant,sibilant
semiretired,semiretired
Strong,Strong
Henry,Henry
dens,dens
kindlier,kindlier
wand's,wand's
omnipresence,omnipresence
Darius,Darius
OSHA,OSHA
emasculation's,emasculation's
Dumbledore,Dumbledore
dean,dean
nova,nova
scriptures,scriptures
alertness's,alertness's
Yong's,Yong's
centralization,centralization
respectably,respectably
Doubleday's,Doubleday's
reawakened,reawakened
jovial,jovial
Enif,Enif
averting,averting
stir's,stir's
Ilyushin,Ilyushin
unravel,unravel
footloose,footloose
suckers,suckers
hangs,hangs
Alcoa's,Alcoa's
stockiness,stockiness
unsatisfactory,unsatisfactory
spaced,spaced
Caliban,Caliban
furriers,furriers
crooned,crooned
battle's,battle's
purveyor's,purveyor's
Confucianism,Confucianism
Hellenic,Hellenic
unconfirmed,unconfirmed
broncho,broncho
piety,piety
titillating,titillating
chattels,chattels
Texans,Texans
hydrating,hydrating
Zeke,Zeke
Bilbo,Bilbo
chum,chum
Corleone's,Corleone's
apologias,apologias
classified's,classified's
celibates,celibates
byte,byte
Louisa's,Louisa's
liquors,liquors
hauler's,hauler's
academician,academician
flaming,flaming
interbred,interbred
tacks,tacks
mucus,mucus
fends,fends
engrave,engrave
Yves,Yves
towhead,towhead
emotion,emotion
conviviality's,conviviality's
steeples,steeples
crookedly,crookedly
transsexual,transsexual
Timurid,Timurid
familiarize,familiarize
Arabia's,Arabia's
multivitamins,multivitamins
picnicker,picnicker
amplify,amplify
re's,re's
sucking,sucking
immersing,immersing
socioeconomic,socioeconomic
tenor's,tenor's
octopuses,octopuses
intersection's,intersection's
hacienda,hacienda
topic's,topic's
enured,enured
colonoscopies,colonoscopies
detention's,detention's
comedy's,comedy's
Hilary,Hilary
wimpled,wimpled
ratification,ratification
unwholesome,unwholesome
marital,marital
harpies,harpies
desiccation's,desiccation's
papas,papas
reupholsters,reupholsters
snakier,snakier
schooner,schooner
Spenserian,Spenserian
layovers,layovers
swashbuckler,swashbuckler
contumely,contumely
gabbed,gabbed
coal's,coal's
incorporeal,incorporeal
pensive,pensive
undecided's,undecided's
stoppage's,stoppage's
expedients,expedients
optimizes,optimizes
sanctum's,sanctum's
pigtail,pigtail
colander's,colander's
braced,braced
u,u
iotas,iotas
algae,algae
violas,violas
Eichmann,Eichmann
piper's,piper's
milkiness's,milkiness's
architectural,architectural
genes,genes
Millet,Millet
slouchy,slouchy
shelves,shelves
sublet's,sublet's
length's,length's
upholstery,upholstery
aborted,aborted
blunder,blunder
outflanking,outflanking
blarneys,blarneys
hemlines,hemlines
Mel,Mel
Eva's,Eva's
Benedictine's,Benedictine's
