Denmark,Danmark
French,Frensh
additional,addiTIONal
additional,addional
additional,additonal
answer,unswer
answer,anwser
answer,ansWer
answer,anser
answer,ancer
answer,ansewer
answer,ansver
article,articLE
article,artical
article,arctical
assassinate,assasinate
atmosphere,athmosphere
atmosphere,atmospher
atmosphere,atmosPHere
atmosphere,atmospherE
atmosphere,atmosfere
atmosphere,atmospher
atmosphere,athmosphere
attachment,atatchment
bad,bard
bad,bAd
bad,bed
beyond,beYond
beyond,beond
blankets,blanquetts
blankets,blancets
blankets,blancets
branches,branCHes
branches,branchs
branches,brances
branches,brances
breeze,brEEze
breeze,breeZe
breeze,breaze
breeze,brezze
cabinet,cabinET
cabinet,cabinetE
cabinet,cabinate
captain,captAIn
captain,captian
captain,capitan
caught,caugt
caught,cautch
caught,coughed
caught,cought
caught,cought
caught,cAUGHT
caught,cought
coefficient,coeffcient
coefficient,coeficient
coefficient,cofficient
comfortable,comfORtable
comfortable,comfertable
conditions,condicions
convince,convInce
convince,convience
cook,kook
cool,cOOL
cool,coll
cool,col
corps,corpse
could,coud
could,coud
could,cOUld
could,cood
cunning,cUnning
cunning,cuNNing
cunning,conning
curiosity,curiousity
curiosity,curIOSity
curiosity,curiousity
defense,defenSe
defense,defence
departmental,departemental
descendant,descendent
descendant,descendent
design,desiGN
design,design%
design,desine
design,dezine
differentiated,differenciated
dilapidated,dilapadated
discourage,discOUrage
discourage,discourAge
discourage,discourge
disgusted,disGusted
disgusted,discusted
ditch,diTch
ditch,dich
ditch,dicth
dive,dIVE
dive,div
dodge,doDge
dodge,doge
dusk,dask
dusk,dush
earned,eArned
earned,earnEd
earned,erned
econometric,economtric
ecstasy,ecstacy
ecstasy,ecstacy
envelops,envellops
envy,envY
envy,envey
failure,falure
failure,faliure
familiar,familer
familiar,familIAr
familiar,familar
familiar,familiare
fence,fench
fence,fance
fence,fEnce
fence,fance
filing,fILing
filing,filling
forenoon,forEnoon
forenoon,fornoon
found,fOUnd
found,fond
generous,genErous
generous,generOUs
generous,generious
genius,genious
genius,genIUs
genius,genious
gentleman,gentLEman
gentleman,gentlemAn
gentleman,gentelman
gentleman,gentlemen
glad,gLAd
greater,grEAter
greater,grater
greater,gretaer
green,greene
green,grEEn
green,gren
harm,hARM
hate,hAte
hate,hatE
hate,heat
hate,hat
headache,headACHE
headache,headace
helping,hElping
helping,halping
helping,hellping
higher,hiGHER
higher,hier
higher,hire
hurry,hyrry
hurry,harry
hurry,hURRY
hurry,hury
identified,indentified
investigated,investegated
invitation,invItation
invitation,invatation
knitting,Knitting
knitting,nitting
know,now
know,Know
know,knoW
know,no
know,now
lap,lAp
lap,lap%
lap,lape
lift,lIFt
lift,left
lovable,lov%able
lovable,loveable
marry,maRRy
marry,marrY
marry,mary
marry,marrie
medicine,medecine
medicine,medICINE
medicine,medicen
medicine,medicene
message,meSSage
message,messAge
message,mesage
mile,miLE
mile,mill
miniature,minature
mischievous,mischievious
nickel,nickle
nickel,nickEL
nickel,nickle
offered,offerEd
offered,offerd
original,orIginal
original,origInal
original,origanal
original,original
original,origal
original,origional
persecuted,percecuted
place,plaCE
place,plase
place,plas
planted,plANted
preach,prEAch
preach,prech
privileged,priviledged
profundity,profoundity
purchase,pUrchase
purchase,purchASE
purchase,perchase
quantities,quanties
reception,reCeption
reception,reseption
reduction,reduCtion
religious,religous
religious,religIOUS
religious,religous
religious,relegious
rendezvous,rendevous
renewal,renEWAl
renewal,renual
rushed,ruSHed
rushed,ruched
sailed,sAIled
sailed,sailED
sailed,saild
scarcely,seaksily
scarcely,scacally
scarcely,sicasely
scarcely,skisaly
scarcely,scarcily
scarcely,sgulli
scarcely,scarthly
scarcely,sgusli
scarcely,grussly
scarcely,scearsly
scarcely,scearcery
scarcely,scarCELY
scarcely,scarcly
scarcely,scarsely
seventh,sevenTH
seventh,seven
sharpener,sharpner
slight,sliGHT
slight,slite
smooth,smOOth
smooth,smoth
spade,spadE
spade,spad
sphere,sPHere
sphere,spere
stalk,stALk
stalk,stork
struggling,struggeling
subsequent,subsequant
subsequent,subsiquent
sunny,sUNNY
sunny,suny
supplement,suplement
supplement,supliment
supplement,suplement
supposed,suPPosed
supposed,suposed
throat,thrOAt
throw,thROw
throw,thow
tobacco,tobbaco
tobacco,tobaCCo
tobacco,tobacko
tobacco,tobbaco
tobacco,tobaco
traveling,travELing
traveling,travling
troop,trOOp
troop,troup
uniform,unIform
uniform,unform
uniform,unaform
unless,unleSS
unless,unles
vacillate,vaccilate
wipe,wipE
wipe,wip
wither,w%ither
wither,whither
wrong,WRong
wrong,worng
wrong,rong
houseclean,houseclean
negative's,negative's
heartbreaking,heartbreaking
Lynn's,Lynn's
fouling,fouling
congressman,congressman
supermodels,supermodels
moires,moires
Pepys's,Pepys's
decathlons,decathlons
slings,slings
parlaying,parlaying
lithographed,lithographed
jibe,jibe
angelically,angelically
Issachar's,Issachar's
outwitting,outwitting
bidder's,bidder's
Argonne's,Argonne's
steamboat's,steamboat's
assemblages,assemblages
immoral,immoral
formula,formula
bound's,bound's
architect,architect
YMMV,YMMV
symbolism's,symbolism's
speech's,speech's
foolhardiness's,foolhardiness's
irruption's,irruption's
assailant's,assailant's
disgust's,disgust's
toileted,toileted
abdomen,abdomen
Zwingli,Zwingli
applicability,applicability
holographs,holographs
interrogates,interrogates
midstream's,midstream's
Renaissance's,Renaissance's
sadder,sadder
nationalist,nationalist
acetone,acetone
Schiller's,Schiller's
visitation,visitation
sexagenarian,sexagenarian
Sc's,Sc's
conveyed,conveyed
Fujiwara,Fujiwara
lawmaker's,lawmaker's
geysers,geysers
enacts,enacts
Miocene's,Miocene's
Hanford,Hanford
acquiescent,acquiescent
assures,assures
Sepoy's,Sepoy's
whistler's,whistler's
forlornly,forlornly
wantons,wantons
increment's,increment's
Poseidon,Poseidon
dissuading,dissuading
tottered,tottered
Circe,Circe
deforesting,deforesting
nonconformity's,nonconformity's
decryption,decryption
experience's,experience's
Roxanne,Roxanne
Mongol,Mongol
hotheads,hotheads
sluggers,sluggers
twitching,twitching
Terkel's,Terkel's
spurn,spurn
singing's,singing's
avidity,avidity
unionizes,unionizes
residents,residents
sheathe,sheathe
atonal,atonal
codgers,codgers
Shanna's,Shanna's
ski,ski
straightforwardly,straightforwardly
unworthier,unworthier
Rasmussen's,Rasmussen's
rawhide's,rawhide's
staunch,staunch
Oregonian,Oregonian
heftier,heftier
screwiest,screwiest
ghostwriter's,ghostwriter's
bibliographic,bibliographic
kopecks,kopecks
kneaded,kneaded
unfriended,unfriended
anaesthetists,anaesthetists
Edwards's,Edwards's
mouth's,mouth's
Gilda,Gilda
Rhodes,Rhodes
kneecaps,kneecaps
cowbirds,cowbirds
sniffing,sniffing
shoring,shoring
Grover,Grover
singer's,singer's
logistics's,logistics's
belaboring,belaboring
chapters,chapters
biorhythm,biorhythm
betaking,betaking
desisting,desisting
monoxide,monoxide
aborts,aborts
chomping,chomping
Wyomingite,Wyomingite
blessedness,blessedness
giveaways,giveaways
imitator,imitator
acetate's,acetate's
eczema,eczema
studios,studios
musicale's,musicale's
overclocking,overclocking
cotillions,cotillions
saturnine,saturnine
mistrial's,mistrial's
snob,snob
devotes,devotes
redevelopment's,redevelopment's
repulsive,repulsive
incontinence's,incontinence's
condensations,condensations
hymnals,hymnals
pulverization,pulverization
redeeming,redeeming
bowman's,bowman's
aery's,aery's
taxidermist's,taxidermist's
eardrum,eardrum
quarrel's,quarrel's
waxy,waxy
jinni,jinni
Maillol,Maillol
confuse,confuse
blazer's,blazer's
nonscheduled,nonscheduled
mentality,mentality
anthropomorphic,anthropomorphic
unilateral,unilateral
moleskin's,moleskin's
changeover's,changeover's
fledgeling,fledgeling
stony,stony
ersatzes,ersatzes
Essen's,Essen's
embroiders,embroiders
Ryan,Ryan
regalia's,regalia's
engages,engages
expressway,expressway
weariness,weariness
chrysalis's,chrysalis's
emcees,emcees
canary,canary
matronly,matronly
psyches,psyches
divests,divests
transept's,transept's
sleuth's,sleuth's
coupons,coupons
quaintness,quaintness
tackle's,tackle's
contradiction,contradiction
festooning,festooning
unworthiness's,unworthiness's
speculations,speculations
invisible,invisible
sheers,sheers
deconstructions,deconstructions
gentry,gentry
reveler,reveler
Jarrett,Jarrett
effusions,effusions
complying,complying
Therese's,Therese's
Earp,Earp
dioxins,dioxins
pasteboard's,pasteboard's
vein,vein
framework's,framework's
émigré,émigré
Freon's,Freon's
typographical,typographical
adagios,adagios
driest,driest
nonjudgmental,nonjudgmental
bagged,bagged
bravery's,bravery's
iridescence's,iridescence's
chairing,chairing
Utica's,Utica's
elephant's,elephant's
abacus,abacus
whodunnit's,whodunnit's
pushy,pushy
deans,deans
rites,rites
fixtures,fixtures
libels,libels
leftism,leftism
progressive,progressive
Tameka,Tameka
levity,levity
NFL's,NFL's
consortium,consortium
shimmy's,shimmy's
accord,accord
crumbiest,crumbiest
Elanor,Elanor
torching,torching
nunnery,nunnery
Hamhung,Hamhung
overstatement,overstatement
hoards,hoards
Othello's,Othello's
emblazoning,emblazoning
tigress,tigress
reeks,reeks
latterly,latterly
cuff,cuff
contradiction's,contradiction's
keynote's,keynote's
wielded,wielded
plump's,plump's
snoozing,snoozing
determiners,determiners
salsa's,salsa's
ponytail's,ponytail's
flowchart,flowchart
WWW's,WWW's
reenter,reenter
hemstitching,hemstitching
eczema's,eczema's
weakness's,weakness's
Theodore's,Theodore's
Yakima,Yakima
quartermasters,quartermasters
rum's,rum's
hinterlands,hinterlands
jawbreaker's,jawbreaker's
reviewers,reviewers
inclusion's,inclusion's
depositors,depositors
Paige,Paige
audiophiles,audiophiles
coffeecake,coffeecake
painting's,painting's
sleighed,sleighed
adduces,adduces
consummation,consummation
jests,jests
Riesling,Riesling
civilization's,civilization's
Armonk's,Armonk's
congresswomen,congresswomen
neediness,neediness
necrophilia,necrophilia
calumny,calumny
interlink,interlink
luster's,luster's
Tristan's,Tristan's
holing,holing
Winchell,Winchell
gypsy's,gypsy's
Chretien,Chretien
dully,dully
sculptures,sculptures
smacking,smacking
sharping,sharping
urging,urging
reviewed,reviewed
Debian's,Debian's
xxii,xxii
testimonial,testimonial
course's,course's
powering,powering
Garrett,Garrett
lunchtime,lunchtime
summoners,summoners
egg's,egg's
Lloyd's,Lloyd's
refinished,refinished
EKG's,EKG's
dependencies,dependencies
gangliest,gangliest
halogen,halogen
Ahmed,Ahmed
surly,surly
imponderable,imponderable
tormentor,tormentor
cantor,cantor
picketed,picketed
inattention,inattention
Cabrini,Cabrini
effacement,effacement
Harlow's,Harlow's
Hovhaness's,Hovhaness's
malt,malt
rectangle's,rectangle's
Dijkstra's,Dijkstra's
autograph,autograph
Medan,Medan
anachronisms,anachronisms
Estela's,Estela's
Rock's,Rock's
debate's,debate's
macerates,macerates
scholastic,scholastic
philter's,philter's
Stafford's,Stafford's
Aeschylus,Aeschylus
Baluchistan's,Baluchistan's
implements,implements
Prussian's,Prussian's
ideologist's,ideologist's
Stamford's,Stamford's
Bahamians,Bahamians
reality's,reality's
signalled,signalled
exhalations,exhalations
calibrations,calibrations
dagger,dagger
piping's,piping's
habitability,habitability
sectarian,sectarian
Austria's,Austria's
saxophonists,saxophonists
penchants,penchants
rifling,rifling
flamethrower,flamethrower
bobble's,bobble's
imam,imam
completest,completest
siring,siring
coxcombs,coxcombs
craw's,craw's
shortenings,shortenings
hostility's,hostility's
turnkeys,turnkeys
gurgle's,gurgle's
ostentatiously,ostentatiously
tamable,tamable
Runyon's,Runyon's
Tarazed,Tarazed
enrolled,enrolled
correlate's,correlate's
blazon,blazon
preferentially,preferentially
inclination's,inclination's
quotation's,quotation's
raccoons,raccoons
perishable's,perishable's
Nasser's,Nasser's
hyperventilating,hyperventilating
grape,grape
reprieves,reprieves
backstop's,backstop's
Cd,Cd
medication,medication
unmans,unmans
hampering,hampering
appendixes,appendixes
heavyweights,heavyweights
eclecticism,eclecticism
jibes,jibes
defender's,defender's
wrested,wrested
veered,veered
fist,fist
Boston's,Boston's
gloamings,gloamings
implicit,implicit
Dschubba,Dschubba
importunity's,importunity's
clomped,clomped
stylistic,stylistic
pealing,pealing
Ozark's,Ozark's
redoubtable,redoubtable
freewill,freewill
federating,federating
polluting,polluting
periled,periled
coolie,coolie
carbons,carbons
Kropotkin's,Kropotkin's
tartan's,tartan's
fetiches,fetiches
twiggier,twiggier
Pasco's,Pasco's
Vietnamese,Vietnamese
Midwestern's,Midwestern's
coherently,coherently
reviewing,reviewing
wino,wino
romantically,romantically
turgid,turgid
Arnhem,Arnhem
highfalutin,highfalutin
sweethearts,sweethearts
fingernail,fingernail
sported,sported
discord's,discord's
maximization,maximization
savant's,savant's
tubeless's,tubeless's
misfeasance's,misfeasance's
Ramadans,Ramadans
phisher,phisher
rear's,rear's
nutting,nutting
Baluchistan,Baluchistan
noncommercial,noncommercial
mussing,mussing
Quisling's,Quisling's
cadmium,cadmium
stalest,stalest
scurried,scurried
centurion's,centurion's
digitization,digitization
bullshit's,bullshit's
clobbered,clobbered
Lancashire,Lancashire
procurer's,procurer's
drinks,drinks
meeting's,meeting's
frazzle's,frazzle's
Brummel's,Brummel's
washstand's,washstand's
kidnapping's,kidnapping's
Roy,Roy
Kristen,Kristen
implication's,implication's
perturbs,perturbs
herringbone,herringbone
teary,teary
obstruction,obstruction
lever's,lever's
Santa,Santa
courtesies,courtesies
gatherers,gatherers
Corvallis's,Corvallis's
Kodaly,Kodaly
Foucault's,Foucault's
hopper's,hopper's
hogans,hogans
ensemble,ensemble
pornographic,pornographic
nationality,nationality
tenderly,tenderly
discreeter,discreeter
retinae,retinae
fennel,fennel
Magnitogorsk,Magnitogorsk
LPN,LPN
rematches,rematches
nerved,nerved
incidents,incidents
Solis's,Solis's
macro's,macro's
auricle's,auricle's
scuffle's,scuffle's
tidying,tidying
isolating,isolating
likeable,likeable
precipitately,precipitately
isolation's,isolation's
savored,savored
merchandized,merchandized
wangled,wangled
Gypsy's,Gypsy's
bittersweet,bittersweet
sensations,sensations
quail's,quail's
druid,druid
penny's,penny's
Heather,Heather
dosage,dosage
kickbacks,kickbacks
kleptomania,kleptomania
Dare,Dare
plaintively,plaintively
accosted,accosted
kerosene,kerosene
akin,akin
Sourceforge's,Sourceforge's
expelling,expelling
flagships,flagships
ordinance,ordinance
Ivy's,Ivy's
podium,podium
NATO's,NATO's
machinery's,machinery's
protuberance,protuberance
quibbled,quibbled
puttered,puttered
homicide's,homicide's
meditations,meditations
constraints,constraints
whiffs,whiffs
watchdog's,watchdog's
Redgrave's,Redgrave's
Hebe,Hebe
mountain's,mountain's
reckonings,reckonings
folder's,folder's
gazillion,gazillion
Iroquoian,Iroquoian
Saratov,Saratov
Carranza,Carranza
bearskin's,bearskin's
Philippe,Philippe
mynah,mynah
urinary,urinary
bobsledding,bobsledding
militarily,militarily
rewarding,rewarding
alinements,alinements
slur's,slur's
protrusions,protrusions
physiologist's,physiologist's
claiming,claiming
grandson,grandson
delusions,delusions
Lena,Lena
ceremoniously,ceremoniously
vexation's,vexation's
spellbind,spellbind
turf's,turf's
Male's,Male's
dismantling,dismantling
estuary's,estuary's
latrines,latrines
inverse,inverse
slickly,slickly
analytic,analytic
Fresnel,Fresnel
Coors's,Coors's
girdles,girdles
spew's,spew's
Laverne,Laverne
cloaked,cloaked
lintel,lintel
build's,build's
derailments,derailments
Dirichlet's,Dirichlet's
fairway,fairway
embezzles,embezzles
clucking,clucking
Mogadishu,Mogadishu
Sgt,Sgt
douche's,douche's
lancers,lancers
excused,excused
FL,FL
travail's,travail's
extricating,extricating
songsters,songsters
acidic,acidic
murkiest,murkiest
blends,blends
Goolagong's,Goolagong's
Benedictine,Benedictine
Jakarta's,Jakarta's
horsewhipped,horsewhipped
annealing,annealing
trouping,trouping
misspelling's,misspelling's
rib,rib
investigative,investigative
verities,verities
Kant,Kant
peremptory,peremptory
premonition,premonition
shunt,shunt
skirmish's,skirmish's
microbe's,microbe's
tabs,tabs
inclemency's,inclemency's
AV,AV
gouge's,gouge's
psycho,psycho
listed,listed
eyepiece's,eyepiece's
slippages,slippages
ceramic's,ceramic's
Conrail's,Conrail's
inuring,inuring
screenings,screenings
Hague,Hague
Bushido's,Bushido's
squealers,squealers
internationalized,internationalized
scant,scant
chortles,chortles
spastic,spastic
clayey,clayey
hastier,hastier
Baptiste,Baptiste
contraption's,contraption's
finder,finder
Pirandello's,Pirandello's
quarantining,quarantining
appositives,appositives
scouting,scouting
SIDS's,SIDS's
preciously,preciously
discharges,discharges
van's,van's
haunches,haunches
troweled,troweled
blackmail's,blackmail's
naturalism's,naturalism's
brusquer,brusquer
soldered,soldered
Sherrie's,Sherrie's
commodity's,commodity's
Kitakyushu,Kitakyushu
catboat's,catboat's
adornment,adornment
Midwest's,Midwest's
flask's,flask's
grassy,grassy
steamy,steamy
goldenest,goldenest
garners,garners
misquoted,misquoted
moon's,moon's
sepulcher's,sepulcher's
peewee,peewee
Aston's,Aston's
eddying,eddying
Scotia,Scotia
belligerents,belligerents
cupboard's,cupboard's
predicting,predicting
emplacement,emplacement
gawkiness,gawkiness
Zeus,Zeus
ennui's,ennui's
snowdrops,snowdrops
wolfs,wolfs
five's,five's
wheezy,wheezy
Brock's,Brock's
plaster,plaster
pectin,pectin
Rayburn's,Rayburn's
fogging,fogging
mesdames,mesdames
Phil,Phil
earphones,earphones
barehanded,barehanded
Laval,Laval
streetwalker's,streetwalker's
vagrant,vagrant
heterosexuals,heterosexuals
fonts,fonts
toggling,toggling
rotation's,rotation's
irreligious,irreligious
émigrés,émigrés
darning,darning
Maria's,Maria's
gnomish,gnomish
tranquilizer's,tranquilizer's
description's,description's
Moira's,Moira's
sprinting,sprinting
lugged,lugged
mudslides,mudslides
fiftieth,fiftieth
pulsation's,pulsation's
flashed,flashed
dissimulation,dissimulation
peruse,peruse
forcefulness's,forcefulness's
mitten,mitten
Marcel's,Marcel's
blindsides,blindsides
parentage,parentage
Wycherley's,Wycherley's
seasonal,seasonal
chaperons,chaperons
evoke,evoke
classifieds,classifieds
militiaman's,militiaman's
heartlessly,heartlessly
there's,there's
cultivation's,cultivation's
movement's,movement's
paywall's,paywall's
rainforest,rainforest
copped,copped
Muhammadanism's,Muhammadanism's
residencies,residencies
slobbers,slobbers
Ecclesiastes,Ecclesiastes
Amaru,Amaru
rustproofing,rustproofing
U,U
disinclination,disinclination
Hauptmann's,Hauptmann's
defaults,defaults
gizmo's,gizmo's
Kodak,Kodak
halogen's,halogen's
overweight,overweight
hippo,hippo
bushwhackers,bushwhackers
etymology's,etymology's
jersey's,jersey's
substantially,substantially
nurturing,nurturing
amputating,amputating
cutoffs,cutoffs
Peace's,Peace's
Goths,Goths
malcontents,malcontents
spacy,spacy
Bertram,Bertram
Raffles's,Raffles's
facing,facing
barbecuing,barbecuing
peeving,peeving
conspires,conspires
puma's,puma's
PS's,PS's
Trieste's,Trieste's
par's,par's
migrates,migrates
genders,genders
astounded,astounded
fusion's,fusion's
punishing,punishing
radish's,radish's
fallacious,fallacious
tow's,tow's
tampon,tampon
submission,submission
exemplar's,exemplar's
prototypes,prototypes
dinners,dinners
mused,mused
cigar,cigar
cetacean,cetacean
maria's,maria's
gotchas,gotchas
examines,examines
bolstered,bolstered
hermitages,hermitages
ghastliness's,ghastliness's
tireder,tireder
halleluiah's,halleluiah's
clumped,clumped
tam,tam
Dayton,Dayton
blueberry's,blueberry's
Genaro's,Genaro's
grumpiest,grumpiest
micrometers,micrometers
manhunt,manhunt
surfers,surfers
Hooper,Hooper
gaped,gaped
trike,trike
ballast's,ballast's
trousseau,trousseau
butlers,butlers
supplicate,supplicate
spellcheckers,spellcheckers
bankrupting,bankrupting
tachometer's,tachometer's
skateboards,skateboards
discovering,discovering
sororities,sororities
salons,salons
honeybees,honeybees
Seaborg's,Seaborg's
contribution,contribution
stuccoing,stuccoing
hangnail's,hangnail's
Sinai's,Sinai's
definable,definable
checkmate,checkmate
maternity's,maternity's
congressional,congressional
siting,siting
revolutionist,revolutionist
chivalry,chivalry
Kinshasa,Kinshasa
countrywomen,countrywomen
meticulous,meticulous
quatrain,quatrain
steppingstone's,steppingstone's
milestones,milestones
furthering,furthering
hangnails,hangnails
arabesques,arabesques
capsized,capsized
wrongly,wrongly
carafe's,carafe's
harpoons,harpoons
weaknesses,weaknesses
tiredness,tiredness
switchblade,switchblade
conjuncture,conjuncture
arm's,arm's
Centigrade,Centigrade
shinbone's,shinbone's
geriatrics's,geriatrics's
buttressed,buttressed
managerial,managerial
restfulness's,restfulness's
O'Rourke,O'Rourke
broadswords,broadswords
Magdalene,Magdalene
nightstick's,nightstick's
private's,private's
loop,loop
somersaulted,somersaulted
reveling,reveling
skills,skills
undecipherable,undecipherable
tiniest,tiniest
doffs,doffs
swamped,swamped
waling,waling
transfusions,transfusions
cows,cows
impolitely,impolitely
Normand,Normand
Reginald's,Reginald's
shatters,shatters
commiseration,commiseration
voyaged,voyaged
hearten,hearten
conceit's,conceit's
Sukkot,Sukkot
melanges,melanges
bellhop's,bellhop's
dungeons,dungeons
latrine's,latrine's
endorsements,endorsements
vigils,vigils
minoring,minoring
stuffiness's,stuffiness's
reachable,reachable
ornament,ornament
Lubbock,Lubbock
drawl,drawl
Imogene,Imogene
equivalent's,equivalent's
indigo's,indigo's
semimonthly,semimonthly
spearmint's,spearmint's
psychiatric,psychiatric
keeping's,keeping's
floater's,floater's
mentions,mentions
nuisances,nuisances
polestar,polestar
Algonquian,Algonquian
varicolored,varicolored
aftereffect,aftereffect
sleepwalked,sleepwalked
missiles,missiles
impetuosity,impetuosity
presage's,presage's
tics,tics
priding,priding
tyke,tyke
Davis's,Davis's
jibing,jibing
diamond's,diamond's
concourses,concourses
factorizing,factorizing
Tantalus,Tantalus
Emma,Emma
Izod's,Izod's
BM,BM
disavowed,disavowed
Indianapolis's,Indianapolis's
IRS's,IRS's
patricide's,patricide's
ordeal's,ordeal's
roles,roles
compulsorily,compulsorily
pardoning,pardoning
perusal's,perusal's
Killeen,Killeen
text's,text's
commerce's,commerce's
pubs,pubs
declivity's,declivity's
curves,curves
pelleted,pelleted
mantis,mantis
reaffirmed,reaffirmed
scrappy,scrappy
extenuation,extenuation
Ripley's,Ripley's
framing,framing
pinholes,pinholes
mournful,mournful
archivists,archivists
Urals,Urals
clump's,clump's
Marseilles's,Marseilles's
handles,handles
jasper,jasper
seedling's,seedling's
Napa,Napa
incursion's,incursion's
cull,cull
stiffness's,stiffness's
praying,praying
humankind,humankind
Livingston's,Livingston's
Berkshire's,Berkshire's
reroute,reroute
tofu's,tofu's
Pisistratus,Pisistratus
scratchier,scratchier
Pissaro,Pissaro
soppiest,soppiest
Breakspear,Breakspear
photocopiers,photocopiers
clamor's,clamor's
enlarger's,enlarger's
yeshiva's,yeshiva's
semblance,semblance
capability's,capability's
Ltd,Ltd
moderns,moderns
ions,ions
stockiest,stockiest
Mae's,Mae's
Jarvis's,Jarvis's
skidding,skidding
pinafore,pinafore
seventies,seventies
oarsmen,oarsmen
Palisades's,Palisades's
Pym's,Pym's
Dec,Dec
Amway,Amway
Proudhon's,Proudhon's
headrest's,headrest's
redevelop,redevelop
nitpicking,nitpicking
insanity,insanity
scummy,scummy
Ladonna's,Ladonna's
virulently,virulently
ABM's,ABM's
Elvis,Elvis
psyching,psyching
lanolin,lanolin
racketed,racketed
agate's,agate's
overspecializing,overspecializing
Alisa's,Alisa's
mercerizing,mercerizing
oasis's,oasis's
enamors,enamors
sourced,sourced
cannibalizing,cannibalizing
logo,logo
Montgolfier's,Montgolfier's
farce,farce
Bjerknes,Bjerknes
backfield,backfield
tampering,tampering
Holocaust's,Holocaust's
Ira's,Ira's
scorched,scorched
boughs,boughs
libertines,libertines
Surat's,Surat's
perpetrate,perpetrate
differential,differential
sneakiest,sneakiest
portaging,portaging
saltpetre's,saltpetre's
webcast,webcast
Fitzroy's,Fitzroy's
cinched,cinched
woody's,woody's
ludicrousness's,ludicrousness's
underwriters,underwriters
crèche,crèche
cortex's,cortex's
sunfishes,sunfishes
hemispherical,hemispherical
auk,auk
intractable,intractable
launching,launching
geographic,geographic
spindly,spindly
cooperates,cooperates
environmentalism,environmentalism
reveler's,reveler's
bolted,bolted
emir,emir
cache's,cache's
Israelite's,Israelite's
episode's,episode's
fiats,fiats
composure,composure
porches,porches
boor's,boor's
cheroot's,cheroot's
castration's,castration's
tenet,tenet
nuncios,nuncios
Menelaus's,Menelaus's
surmise,surmise
Paraguayan,Paraguayan
gulled,gulled
quadruped,quadruped
Nolan,Nolan
convention's,convention's
instigating,instigating
shutdown,shutdown
Palmer,Palmer
phrasal,phrasal
graphologists,graphologists
daybeds,daybeds
abjuring,abjuring
knifing,knifing
fathead,fathead
peevishness's,peevishness's
Briton,Briton
ferries,ferries
corruptly,corruptly
intermarriage,intermarriage
gendarme's,gendarme's
clipboard's,clipboard's
aeons,aeons
strolls,strolls
Candace,Candace
Revelations,Revelations
Hess's,Hess's
bootstraps,bootstraps
Wade,Wade
conferment's,conferment's
Carnation,Carnation
Karyn's,Karyn's
regression's,regression's
cartons,cartons
frostily,frostily
despot,despot
Sachs,Sachs
Victor's,Victor's
stepbrothers,stepbrothers
muddiest,muddiest
deceases,deceases
laxatives,laxatives
Ida's,Ida's
sultanates,sultanates
rhombi,rhombi
solder's,solder's
multiculturalism's,multiculturalism's
exile,exile
Justin,Justin
thickened,thickened
haze's,haze's
windowed,windowed
opaqued,opaqued
holsters,holsters
snuffer's,snuffer's
unfinished,unfinished
misbehaving,misbehaving
Marple's,Marple's
cilantro's,cilantro's
Southwests,Southwests
eradicated,eradicated
writer's,writer's
misconstrue,misconstrue
rumple,rumple
moderator,moderator
complexes,complexes
militiamen,militiamen
jitterbugged,jitterbugged
hummock's,hummock's
prudes,prudes
baloney's,baloney's
unobtainable,unobtainable
viaduct,viaduct
potboilers,potboilers
muscling,muscling
toilet,toilet
he's,he's
loaning,loaning
Cohan,Cohan
ail,ail
frillier,frillier
docket's,docket's
Sicilians,Sicilians
tilts,tilts
superiority's,superiority's
enamoring,enamoring
constitute,constitute
nacre,nacre
deregulate,deregulate
shakedown's,shakedown's
handball,handball
miracle's,miracle's
evacuations,evacuations
dissented,dissented
chicory,chicory
Dacca's,Dacca's
bobbies,bobbies
confusions,confusions
springier,springier
Urania's,Urania's
debark,debark
Zelma's,Zelma's
lightened,lightened
teaser's,teaser's
chalkiest,chalkiest
exorcizes,exorcizes
propound,propound
forfeiture's,forfeiture's
contempt's,contempt's
Bangui,Bangui
WI,WI
debauchery,debauchery
laterals,laterals
margarita,margarita
ACLU,ACLU
inhospitable,inhospitable
zillion's,zillion's
waiter,waiter
Beatriz,Beatriz
Enron's,Enron's
quashed,quashed
Wiesenthal's,Wiesenthal's
twosome,twosome
bran,bran
hillsides,hillsides
mortgage's,mortgage's
calorific,calorific
ointments,ointments
polymerization,polymerization
scrunchies,scrunchies
glaze,glaze
Poland's,Poland's
updating,updating
somnambulism,somnambulism
Alcyone's,Alcyone's
Debbie,Debbie
glossiest,glossiest
modernity,modernity
fewer,fewer
Janine's,Janine's
matchboxes,matchboxes
whooping,whooping
puritan,puritan
nineteenth,nineteenth
crossbows,crossbows
distrust's,distrust's
lag,lag
athletics's,athletics's
Kitty,Kitty
schizoids,schizoids
oriole,oriole
woefuller,woefuller
fake,fake
emulation's,emulation's
palpitation,palpitation
skydove,skydove
computation's,computation's
overcrowds,overcrowds
wormiest,wormiest
limpidly,limpidly
Swazi's,Swazi's
irresistibly,irresistibly
Erna,Erna
situations,situations
eyebrow,eyebrow
ducklings,ducklings
Diesel,Diesel
maze,maze
shakily,shakily
creeds,creeds
gnarliest,gnarliest
PD,PD
ornately,ornately
carols,carols
timidly,timidly
descendents,descendents
Prometheus,Prometheus
San's,San's
scragglier,scragglier
unabridged,unabridged
Mac,Mac
changeling's,changeling's
overpopulation's,overpopulation's
minces,minces
geographer's,geographer's
circumnavigating,circumnavigating
bivouacking,bivouacking
ironing's,ironing's
docking,docking
harridans,harridans
raglan's,raglan's
attributing,attributing
stifles,stifles
rating's,rating's
muckrakers,muckrakers
Park,Park
Stradivarius,Stradivarius
wonders,wonders
reappear,reappear
birthdays,birthdays
luring,luring
sandlot's,sandlot's
Anna,Anna
misrepresented,misrepresented
whistler,whistler
trivia,trivia
alternatives,alternatives
Anniston's,Anniston's
expectoration,expectoration
Gujranwala,Gujranwala
parking,parking
thaw's,thaw's
segues,segues
achromatic,achromatic
eyebrow's,eyebrow's
Alberio's,Alberio's
overturns,overturns
firming,firming
flashy,flashy
Savoy,Savoy
Ionic's,Ionic's
cataloguer,cataloguer
swimsuit,swimsuit
current's,current's
queerer,queerer
sunrise's,sunrise's
Sinhalese's,Sinhalese's
Iliad,Iliad
crumbed,crumbed
Chimera,Chimera
autocracy's,autocracy's
whiffing,whiffing
reemerged,reemerged
zippiest,zippiest
Bumppo,Bumppo
curry's,curry's
Kempis's,Kempis's
restorer,restorer
monstrosity,monstrosity
rebound's,rebound's
impute,impute
longhair's,longhair's
swirly,swirly
dyspepsia's,dyspepsia's
rank's,rank's
grove's,grove's
fraternization's,fraternization's
priestliest,priestliest
vertex's,vertex's
lipreads,lipreads
tasking,tasking
Atria,Atria
equivalences,equivalences
fraternizing,fraternizing
deficiency's,deficiency's
pidgin,pidgin
swarming,swarming
avows,avows
digger's,digger's
gloominess's,gloominess's
peddlers,peddlers
tipper,tipper
Skinner,Skinner
misapprehended,misapprehended
satin's,satin's
treasonous,treasonous
larva's,larva's
holocaust,holocaust
superspreader's,superspreader's
eighteenth's,eighteenth's
inquires,inquires
meaty,meaty
sereneness,sereneness
Biddle,Biddle
Gelbvieh,Gelbvieh
largess's,largess's
mattresses,mattresses
jiving,jiving
rashers,rashers
newscaster,newscaster
patriot,patriot
Ivan's,Ivan's
tomboy's,tomboy's
gasped,gasped
stab,stab
convincing,convincing
affray,affray
footings,footings
Iranian,Iranian
colorless,colorless
stimulated,stimulated
impasse's,impasse's
overlie,overlie
reveals,reveals
continuation's,continuation's
neurosurgery's,neurosurgery's
socialists,socialists
eventual,eventual
snipe,snipe
Wilburn,Wilburn
gamest,gamest
splurges,splurges
embedded,embedded
lambda,lambda
compost's,compost's
tendentious,tendentious
skydive,skydive
Cotton,Cotton
repair's,repair's
wars,wars
Melton,Melton
bumbler's,bumbler's
scrawling,scrawling
Nantucket,Nantucket
Kalamazoo's,Kalamazoo's
glaziers,glaziers
instructors,instructors
Taurus,Taurus
liquidators,liquidators
vortexes,vortexes
audition,audition
worries,worries
putty's,putty's
Alcibiades,Alcibiades
spacewalk,spacewalk
overclocked,overclocked
burr,burr
Sally's,Sally's
goof,goof
piss,piss
pedals,pedals
possessions,possessions
Sheree,Sheree
relearned,relearned
jabot's,jabot's
newel,newel
Sudanese's,Sudanese's
bestseller's,bestseller's
proofing,proofing
torture's,torture's
worsening,worsening
Steinmetz's,Steinmetz's
mushing,mushing
wieners,wieners
seminar,seminar
Bavaria,Bavaria
shakes,shakes
humanely,humanely
surcease's,surcease's
underworld's,underworld's
Julio's,Julio's
unreliable,unreliable
fooleries,fooleries
real's,real's
vizor,vizor
gripe's,gripe's
friskily,friskily
undertone's,undertone's
morgue,morgue
moonshot's,moonshot's
Phillips,Phillips
Swanee's,Swanee's
behead,behead
quenches,quenches
fibbing,fibbing
appetizers,appetizers
v,v
styptics,styptics
pottiest,pottiest
gargled,gargled
reenlists,reenlists
ancient's,ancient's
Persia,Persia
mermen,mermen
cordial's,cordial's
peeve's,peeve's
thunderstorm,thunderstorm
unsettled,unsettled
lilac,lilac
marjoram's,marjoram's
blackout,blackout
enzymes,enzymes
punker,punker
contending,contending
niacin's,niacin's
Herzegovina's,Herzegovina's
Harlan's,Harlan's
Gnostic,Gnostic
uneasy,uneasy
Mongolia's,Mongolia's
imaging,imaging
circular's,circular's
Demavend's,Demavend's
meager,meager
subcompact,subcompact
defogger,defogger
seventh's,seventh's
marginalia,marginalia
chariots,chariots
haring,haring
Lu's,Lu's
Santa's,Santa's
Pele's,Pele's
pennon's,pennon's
elation,elation
Bethe,Bethe
critiquing,critiquing
booth,booth
glossies,glossies
dementia,dementia
minute's,minute's
circumstancing,circumstancing
Gatun's,Gatun's
Hirohito's,Hirohito's
Mobutu's,Mobutu's
piercing,piercing
complied,complied
chute's,chute's
abutments,abutments
clinch's,clinch's
typecasts,typecasts
Vela,Vela
flutter's,flutter's
vulture's,vulture's
indigo,indigo
intransigent's,intransigent's
Merton,Merton
wishful,wishful
billionaire's,billionaire's
shadier,shadier
Whig,Whig
Palmdale's,Palmdale's
partisan's,partisan's
sorrier,sorrier
proactive,proactive
grenadier,grenadier
menopause,menopause
Tagus,Tagus
Atalanta,Atalanta
warred,warred
baseman's,baseman's
Gen,Gen
trigger,trigger
emphysema's,emphysema's
cataclysms,cataclysms
cowhand,cowhand
convalesce,convalesce
crucifying,crucifying
shredders,shredders
loyalists,loyalists
minuend's,minuend's
pent,pent
huckleberries,huckleberries
pushiest,pushiest
randier,randier
Mascagni,Mascagni
marshals,marshals
cupid's,cupid's
legato's,legato's
Septuagint,Septuagint
valise's,valise's
devise,devise
quack's,quack's
hemispheric,hemispheric
jungle's,jungle's
Geller,Geller
bulkheads,bulkheads
surtaxes,surtaxes
unscrew,unscrew
centimes,centimes
Suwanee's,Suwanee's
pastie,pastie
Rolaids's,Rolaids's
heralding,heralding
trash,trash
conjugating,conjugating
bisect,bisect
decolonizing,decolonizing
Georgetown's,Georgetown's
plectra,plectra
lagoon,lagoon
mashers,mashers
Donna,Donna
Vietminh's,Vietminh's
appointee's,appointee's
Santayana,Santayana
resolves,resolves
Atatürk's,Atatürk's
toffies,toffies
proclaims,proclaims
hags,hags
muting,muting
accouterments,accouterments
quadruple's,quadruple's
sever,sever
Nathan,Nathan
Stoic,Stoic
heaters,heaters
exhilarates,exhilarates
motility's,motility's
wench,wench
épées,épées
equine,equine
materials,materials
levelness's,levelness's
sharpener's,sharpener's
sight's,sight's
baseboard,baseboard
unclean,unclean
psychotherapist's,psychotherapist's
esthetics,esthetics
Rhine,Rhine
gringos,gringos
plug's,plug's
workplace,workplace
mouthpiece,mouthpiece
mystic,mystic
who're,who're
Riverside,Riverside
cited,cited
outbursts,outbursts
subtotalling,subtotalling
attacker,attacker
Cozumel's,Cozumel's
Josh's,Josh's
Helene,Helene
Vang's,Vang's
mosaic's,mosaic's
retrenches,retrenches
booklet's,booklet's
pattered,pattered
movie,movie
spotlessly,spotlessly
statesmanship,statesmanship
boners,boners
unlabeled,unlabeled
rattlesnake,rattlesnake
electrocution,electrocution
oculists,oculists
flinches,flinches
flowering,flowering
soil's,soil's
college's,college's
irrepressible,irrepressible
Kramer's,Kramer's
Hammerstein's,Hammerstein's
tilled,tilled
uteruses,uteruses
inequity's,inequity's
councilor's,councilor's
ding,ding
erudition,erudition
licensees,licensees
peripheral's,peripheral's
Amanda's,Amanda's
carat,carat
propagates,propagates
foreshorten,foreshorten
Chantilly,Chantilly
carefulness's,carefulness's
infinities,infinities
Hanover's,Hanover's
Jamel,Jamel
mailbombed,mailbombed
flywheel's,flywheel's
petering,petering
inducts,inducts
decrepit,decrepit
sh,sh
fleeced,fleeced
fluorescence's,fluorescence's
Schubert,Schubert
haste's,haste's
blurriest,blurriest
adjudicate,adjudicate
monasticism,monasticism
archaeologist's,archaeologist's
rookery's,rookery's
raindrops,raindrops
Cayuga's,Cayuga's
wows,wows
jute's,jute's
Daedalus,Daedalus
preterits,preterits
Dickens,Dickens
middlemen,middlemen
shunting,shunting
freshly,freshly
coming's,coming's
regiment,regiment
SOP's,SOP's
bower's,bower's
tendons,tendons
Gallagher,Gallagher
jack,jack
towing,towing
rove,rove
twill's,twill's
LBJ,LBJ
Helicon,Helicon
evade,evade
claimant's,claimant's
bosom,bosom
bellwether's,bellwether's
showoff,showoff
flops,flops
wickedness's,wickedness's
waddles,waddles
Malaprop's,Malaprop's
tellers,tellers
collectivized,collectivized
Platonic,Platonic
singes,singes
smoothed,smoothed
hospitalization's,hospitalization's
Minolta,Minolta
Mandeville's,Mandeville's
supercilious,supercilious
negligently,negligently
Manhattan's,Manhattan's
Cardiff,Cardiff
aspersions,aspersions
Lincolns,Lincolns
estimation,estimation
gorgeous,gorgeous
Angelia's,Angelia's
ghastlier,ghastlier
anvil's,anvil's
Hellenistic,Hellenistic
bastards,bastards
villa,villa
militarize,militarize
staving,staving
Mullikan's,Mullikan's
derailment,derailment
breastwork,breastwork
Misty's,Misty's
changeover,changeover
shirtwaist's,shirtwaist's
gossamer,gossamer
complexities,complexities
vulcanization's,vulcanization's
comparability's,comparability's
mileage,mileage
playpens,playpens
inasmuch,inasmuch
subheading,subheading
comparability,comparability
irregular,irregular
hump's,hump's
thumped,thumped
mark's,mark's
seaports,seaports
hopscotched,hopscotched
opaqueness,opaqueness
incongruity's,incongruity's
competes,competes
recklessness,recklessness
depict,depict
rococo,rococo
spearmint,spearmint
streams,streams
siphoned,siphoned
variety's,variety's
haircut,haircut
trimness,trimness
cripple's,cripple's
divined,divined
spacecrafts,spacecrafts
corrosives,corrosives
quesadillas,quesadillas
Yiddish's,Yiddish's
adaptors,adaptors
lofted,lofted
resentment's,resentment's
ref,ref
deeps,deeps
suit's,suit's
narcissus's,narcissus's
Mrs,Mrs
casters,casters
Branch,Branch
cartel,cartel
avoids,avoids
Urquhart's,Urquhart's
chancel's,chancel's
marched,marched
quickie,quickie
Boniface's,Boniface's
marten,marten
mountaineering's,mountaineering's
Eleazar's,Eleazar's
hexagonal,hexagonal
affiliations,affiliations
summonses,summonses
Bourbon's,Bourbon's
Cuba's,Cuba's
reshuffled,reshuffled
Inc,Inc
vibrate,vibrate
squats,squats
quibble's,quibble's
Rx,Rx
debarring,debarring
shadowed,shadowed
decommissioned,decommissioned
Shackleton's,Shackleton's
tatter,tatter
maintained,maintained
bastard's,bastard's
staffer's,staffer's
contrite,contrite
Longmont's,Longmont's
scads,scads
halve,halve
hotness's,hotness's
medically,medically
sixths,sixths
doyens,doyens
traveller's,traveller's
Belau's,Belau's
boutonnières,boutonnières
gratuity,gratuity
Capistrano's,Capistrano's
souls,souls
Livy,Livy
waterboarding's,waterboarding's
primly,primly
solicitations,solicitations
weaned,weaned
Nicodemus,Nicodemus
rational's,rational's
penetrations,penetrations
billowed,billowed
Lr,Lr
heather's,heather's
collapsed,collapsed
helicoptered,helicoptered
overshares,overshares
lifelike,lifelike
befuddled,befuddled
lifer's,lifer's
welshed,welshed
otiose,otiose
base's,base's
Gillespie's,Gillespie's
passkey,passkey
finesses,finesses
propels,propels
victims,victims
firefighting,firefighting
delint,delint
inheritance,inheritance
transfer's,transfer's
climaxed,climaxed
vapors,vapors
perkiest,perkiest
hereabout,hereabout
laceration,laceration
spaceflight's,spaceflight's
perversity's,perversity's
plucked,plucked
overriding,overriding
coffeepot,coffeepot
brouhaha's,brouhaha's
putrescence's,putrescence's
monthly's,monthly's
Ellis's,Ellis's
Cygnus,Cygnus
trivet's,trivet's
casualty,casualty
quakes,quakes
muscular,muscular
sunburn's,sunburn's
Leicester's,Leicester's
immediacy's,immediacy's
Joey,Joey
Palmerston's,Palmerston's
claws,claws
Phoenix's,Phoenix's
dropper's,dropper's
simulate,simulate
schematics,schematics
foothold,foothold
furloughing,furloughing
bulkiness's,bulkiness's
cunningly,cunningly
obesity's,obesity's
communistic,communistic
seediness,seediness
fervidly,fervidly
Len,Len
Melville's,Melville's
ducats,ducats
fashionably,fashionably
incalculably,incalculably
handheld,handheld
repeatable,repeatable
levitated,levitated
buttoning,buttoning
Cheops,Cheops
fidgeted,fidgeted
Gates's,Gates's
stainless,stainless
Fellini,Fellini
volcano's,volcano's
Anchorage,Anchorage
quince's,quince's
Acosta,Acosta
Yuletide's,Yuletide's
shooting's,shooting's
ogle's,ogle's
schmoozes,schmoozes
crustier,crustier
arteriosclerosis,arteriosclerosis
aback,aback
corpora,corpora
contraction's,contraction's
FPO,FPO
refinances,refinances
insolvent,insolvent
Johannesburg,Johannesburg
question's,question's
snooping,snooping
wakened,wakened
dynasties,dynasties
antediluvian,antediluvian
Caitlin,Caitlin
Lottie's,Lottie's
discoverer,discoverer
commode,commode
caring's,caring's
inoculates,inoculates
cradling,cradling
volley's,volley's
dogtrotted,dogtrotted
prenup's,prenup's
chariot,chariot
mummified,mummified
debit's,debit's
woodbine's,woodbine's
gradation's,gradation's
cheapskate's,cheapskate's
shearer,shearer
smartness,smartness
exhibition's,exhibition's
ballooning,ballooning
jades,jades
cohabitation's,cohabitation's
loges,loges
theology's,theology's
tunics,tunics
knockout,knockout
infractions,infractions
Morley,Morley
Junior,Junior
transitions,transitions
filtration's,filtration's
trashcans,trashcans
hangar,hangar
communal,communal
campaigning,campaigning
pulps,pulps
Luis,Luis
switch's,switch's
molted,molted
doohickey,doohickey
sagebrush,sagebrush
massaging,massaging
unnumbered,unnumbered
wronger,wronger
pillaged,pillaged
upstanding,upstanding
Borden,Borden
Plantagenet's,Plantagenet's
undress's,undress's
irrigated,irrigated
firebug's,firebug's
isthmi,isthmi
Eysenck,Eysenck
Bratislava's,Bratislava's
fusses,fusses
constrictors,constrictors
abuser's,abuser's
Yerkes's,Yerkes's
lushness,lushness
methodological,methodological
behaves,behaves
Jansenist's,Jansenist's
Beebe's,Beebe's
inculcating,inculcating
allegro,allegro
ameliorated,ameliorated
Ag,Ag
consolidated,consolidated
storks,storks
nonpayment,nonpayment
fricassees,fricassees
Maxine's,Maxine's
Southampton's,Southampton's
extradites,extradites
Duncan,Duncan
lute,lute
recanting,recanting
socialism's,socialism's
drifters,drifters
stung,stung
memorialized,memorialized
lion's,lion's
Condorcet,Condorcet
backpacking,backpacking
scare's,scare's
slushy,slushy
slinging,slinging
shootouts,shootouts
discussing,discussing
garbling,garbling
creel,creel
McCoy's,McCoy's
sitcoms,sitcoms
Turlock's,Turlock's
ply's,ply's
gorged,gorged
turnabout,turnabout
compromising,compromising
advisory,advisory
phenobarbital's,phenobarbital's
Indio's,Indio's
scrimmaging,scrimmaging
Arlington's,Arlington's
supportable,supportable
misconducts,misconducts
SF,SF
twilight's,twilight's
trunks,trunks
Walsh,Walsh
lunged,lunged
NVIDIA's,NVIDIA's
Marquesas,Marquesas
hydrolysis's,hydrolysis's
inquisition's,inquisition's
hangings,hangings
Yoruba's,Yoruba's
highchair's,highchair's
Mulligan's,Mulligan's
Crusades,Crusades
perk,perk
pedalled,pedalled
ensuring,ensuring
Colette's,Colette's
madders,madders
undertone,undertone
Melpomene's,Melpomene's
crankshafts,crankshafts
price's,price's
chaste,chaste
instructive,instructive
refines,refines
caller,caller
Selim,Selim
vendors,vendors
fur's,fur's
prows,prows
crack's,crack's
smithereens's,smithereens's
stubbing,stubbing
dittoed,dittoed
sullying,sullying
cleanly,cleanly
combing,combing
shrapnel's,shrapnel's
gentry's,gentry's
lattices,lattices
distinguishable,distinguishable
formatted,formatted
Dutchmen,Dutchmen
corneas,corneas
champion's,champion's
unbelievably,unbelievably
defiance,defiance
smut's,smut's
Felicity's,Felicity's
Italian's,Italian's
blab,blab
reveller's,reveller's
equator's,equator's
antitoxin,antitoxin
balanced,balanced
clocking,clocking
viscounts,viscounts
unfamiliar,unfamiliar
regaling,regaling
megapixel,megapixel
transponder,transponder
effeminacy,effeminacy
Malachi,Malachi
brevity's,brevity's
Jeanne's,Jeanne's
aboriginal,aboriginal
bouillabaisse,bouillabaisse
beachcomber's,beachcomber's
superegos,superegos
curvature,curvature
erosion,erosion
glancing,glancing
Shanna,Shanna
neophyte,neophyte
Chartism,Chartism
holdover,holdover
drunks,drunks
Drambuie's,Drambuie's
flasks,flasks
calibrator's,calibrator's
populaces,populaces
doings,doings
vacuumed,vacuumed
frankfurter's,frankfurter's
Rama's,Rama's
Delphi's,Delphi's
farmed,farmed
parliament's,parliament's
canto,canto
Agassi's,Agassi's
Walgreens,Walgreens
demise,demise
Merak's,Merak's
Brecht's,Brecht's
parapsychology's,parapsychology's
sheepskin's,sheepskin's
tractable,tractable
sonority's,sonority's
nave's,nave's
Seneca,Seneca
sculptured,sculptured
grazed,grazed
Rumsfeld's,Rumsfeld's
accordion's,accordion's
coifed,coifed
brokerage,brokerage
transplantation's,transplantation's
pulverized,pulverized
o,o
catkin's,catkin's
Rogers,Rogers
Leeward,Leeward
Gauguin's,Gauguin's
microplastics,microplastics
headboard's,headboard's
cloches,cloches
constricting,constricting
racquet,racquet
Cochran,Cochran
campfire,campfire
nappies,nappies
Sondheim's,Sondheim's
Firefox,Firefox
jardinières,jardinières
depiction,depiction
remorse's,remorse's
folding,folding
divulging,divulging
Haggai,Haggai
dashing,dashing
replication's,replication's
cricked,cricked
correctness's,correctness's
pesticide's,pesticide's
Maupassant's,Maupassant's
adjoining,adjoining
Greer's,Greer's
cataloguer's,cataloguer's
swampy,swampy
inducement's,inducement's
Alsace,Alsace
waved,waved
Hals,Hals
smellier,smellier
Guido,Guido
rhizomes,rhizomes
Jamestown's,Jamestown's
pity's,pity's
solstice's,solstice's
Dow,Dow
Callahan's,Callahan's
demagoguery's,demagoguery's
florist,florist
forest's,forest's
mischievousness,mischievousness
bucolic,bucolic
proffers,proffers
vineyard's,vineyard's
pageant's,pageant's
redness's,redness's
symptomatic,symptomatic
idiot's,idiot's
whirling,whirling
addendums,addendums
eke,eke
chronicles,chronicles
Establishment,Establishment
ameliorating,ameliorating
pleasantry's,pleasantry's
numismatics's,numismatics's
holidayed,holidayed
windbreak's,windbreak's
impolite,impolite
tzar,tzar
intellect,intellect
contaminates,contaminates
backside,backside
structure's,structure's
abashes,abashes
tawdriness's,tawdriness's
silage's,silage's
anchorperson's,anchorperson's
Finnegan,Finnegan
snobs,snobs
Malcolm,Malcolm
nominated,nominated
Adrian,Adrian
whacked,whacked
llano,llano
embankments,embankments
witchery,witchery
Ahab,Ahab
geometrical,geometrical
Mayo,Mayo
fine's,fine's
Brie,Brie
layoff's,layoff's
beaded,beaded
Negroids,Negroids
stye,stye
Amarillo,Amarillo
watercolors,watercolors
Ga,Ga
depopulating,depopulating
Mohammedanism's,Mohammedanism's
chimaeras,chimaeras
infers,infers
governorship's,governorship's
igloo,igloo
crotchets,crotchets
hiker's,hiker's
peppercorns,peppercorns
Boer,Boer
Egypt's,Egypt's
printing's,printing's
Cordoba's,Cordoba's
trembles,trembles
Squanto's,Squanto's
neutral's,neutral's
abridgment's,abridgment's
slaving,slaving
feminism's,feminism's
roustabout's,roustabout's
solidarity's,solidarity's
calved,calved
uglier,uglier
taffies,taffies
Brandenburg's,Brandenburg's
Michael's,Michael's
caroller,caroller
panegyric,panegyric
Selkirk's,Selkirk's
polyphony,polyphony
Fritz's,Fritz's
authorship,authorship
irregularity's,irregularity's
Philip's,Philip's
Lufthansa,Lufthansa
Kubrick,Kubrick
preregistration,preregistration
Karyn,Karyn
condescendingly,condescendingly
solicitation,solicitation
inconvenienced,inconvenienced
kielbasy,kielbasy
refined,refined
Phillip's,Phillip's
rebounding,rebounding
charter,charter
depreciation's,depreciation's
muggy,muggy
circumscription,circumscription
Castries's,Castries's
mods,mods
intimidation,intimidation
recapitulation's,recapitulation's
Rwandans,Rwandans
Duluth,Duluth
Zhukov,Zhukov
assuaged,assuaged
kickoffs,kickoffs
stoner,stoner
lagers,lagers
Bloomingdale,Bloomingdale
watches,watches
stud's,stud's
caller's,caller's
damasking,damasking
Jed,Jed
randomizing,randomizing
Memcached's,Memcached's
slavered,slavered
starring,starring
commercialize,commercialize
whimper,whimper
deplaning,deplaning
timekeepers,timekeepers
obsolescence,obsolescence
sardines,sardines
quicksilver,quicksilver
Jerry,Jerry
titling,titling
chamberlains,chamberlains
sedimentary,sedimentary
fluoroscope,fluoroscope
kerosine,kerosine
falsetto's,falsetto's
Pinter's,Pinter's
monetizing,monetizing
awakenings,awakenings
publicizing,publicizing
hepatitis's,hepatitis's
multiplexer,multiplexer
surplussed,surplussed
abort,abort
prized,prized
unties,unties
daemon's,daemon's
Marysville,Marysville
Odin,Odin
persists,persists
impressionists,impressionists
accenting,accenting
Gasser,Gasser
tuxes,tuxes
conflicts,conflicts
adventitious,adventitious
commercialism,commercialism
grandfathered,grandfathered
ginning,ginning
Upanishads,Upanishads
chintziest,chintziest
sergeants,sergeants
breakthrough's,breakthrough's
goo's,goo's
brunt's,brunt's
Muscovy's,Muscovy's
dallying,dallying
underweight,underweight
sublimates,sublimates
Crimea's,Crimea's
fallow's,fallow's
boardroom,boardroom
Damon's,Damon's
persona's,persona's
Schopenhauer's,Schopenhauer's
Small,Small
Corvus's,Corvus's
spawned,spawned
Sennett's,Sennett's
glare's,glare's
roping,roping
upfront,upfront
kindled,kindled
plaint's,plaint's
brunched,brunched
checkers,checkers
outwear,outwear
Mable's,Mable's
sampling's,sampling's
Annie's,Annie's
motorcars,motorcars
linens,linens
incorporation's,incorporation's
caries's,caries's
dilly's,dilly's
playwrights,playwrights
viola's,viola's
voluntarily,voluntarily
opportunism,opportunism
mollycoddle,mollycoddle
Odis's,Odis's
prolongations,prolongations
shrugging,shrugging
obedience's,obedience's
canasta,canasta
authorizes,authorizes
exorcising,exorcising
AWACS's,AWACS's
attestation,attestation
Akihito's,Akihito's
grille,grille
teardrop,teardrop
celebratory,celebratory
indemnifications,indemnifications
elliptically,elliptically
ashtrays,ashtrays
exists,exists
retrorocket's,retrorocket's
bookworm,bookworm
lineup,lineup
contractually,contractually
streetlights,streetlights
nacho's,nacho's
behemoth,behemoth
thenceforth,thenceforth
forebear,forebear
crank's,crank's
winterizes,winterizes
Dirk,Dirk
tabbing,tabbing
fornication's,fornication's
fidelity,fidelity
omnibus's,omnibus's
abscesses,abscesses
Lajos,Lajos
requisitioning,requisitioning
sulfur,sulfur
volleying,volleying
realtors,realtors
subleasing,subleasing
fountainhead's,fountainhead's
Armenia's,Armenia's
plunge,plunge
empathetic,empathetic
pleasingly,pleasingly
clop's,clop's
chammy's,chammy's
overclock,overclock
taper,taper
acquiescence's,acquiescence's
mops,mops
doodle's,doodle's
Ave's,Ave's
maintains,maintains
walkway,walkway
jingling,jingling
knitwear's,knitwear's
sensuous,sensuous
loyalist,loyalist
blockbuster,blockbuster
coordinating,coordinating
AstroTurf's,AstroTurf's
carpal's,carpal's
Abyssinia's,Abyssinia's
Vicki,Vicki
silhouettes,silhouettes
Gilberto's,Gilberto's
baseman,baseman
homesteaded,homesteaded
decodes,decodes
Kiwanis,Kiwanis
Harris's,Harris's
broadened,broadened
rovers,rovers
camomile's,camomile's
dodgiest,dodgiest
psychic,psychic
flatware,flatware
horticultural,horticultural
bogy,bogy
yodeler's,yodeler's
Turkmenistan's,Turkmenistan's
considers,considers
Warwick's,Warwick's
Andalusia,Andalusia
swellings,swellings
dainties,dainties
contiguity's,contiguity's
prisoner's,prisoner's
rinsing,rinsing
programmables,programmables
frontrunner,frontrunner
classicism,classicism
cascaded,cascaded
bullfinches,bullfinches
mulligatawny's,mulligatawny's
Paganini,Paganini
obscene,obscene
pursuance,pursuance
biers,biers
flees,flees
repository,repository
wilfulness's,wilfulness's
tugged,tugged
sharecropper's,sharecropper's
documentaries,documentaries
posterior's,posterior's
cohort's,cohort's
interacts,interacts
fishery,fishery
censor's,censor's
Sakhalin's,Sakhalin's
tulips,tulips
sturgeons,sturgeons
Eliseo's,Eliseo's
weatherproofs,weatherproofs
antipasto's,antipasto's
vising,vising
thundered,thundered
Craig,Craig
Schroeder's,Schroeder's
Zapata,Zapata
Cosby's,Cosby's
coalescence,coalescence
Pantagruel's,Pantagruel's
purchasable,purchasable
expense's,expense's
clampdowns,clampdowns
headhunters,headhunters
intersect,intersect
breakwater's,breakwater's
nondeductible,nondeductible
Andalusian's,Andalusian's
pushover's,pushover's
censure,censure
defenestration,defenestration
shrieking,shrieking
mania,mania
watermarked,watermarked
Roxy's,Roxy's
nought's,nought's
progeny's,progeny's
cloverleaf's,cloverleaf's
showman,showman
clingiest,clingiest
stumpier,stumpier
chastising,chastising
sagacity,sagacity
mandarin,mandarin
antagonism,antagonism
pothole,pothole
e'er,e'er
Macon's,Macon's
rooftops,rooftops
tearfully,tearfully
pew,pew
Marat,Marat
Gilgamesh,Gilgamesh
Stolypin's,Stolypin's
Namibian's,Namibian's
